transaction_id,customer_id,account_id,transaction_date,transaction_type,amount
TX1000000,CUST2309,ACC141831,2024-08-26,Withdrawal,6799.74
TX1000001,CUST1228,ACC157817,2024-08-19,Deposit,7135.49
TX1000002,CUST1051,ACC187965,2024-03-18,Withdrawal,11684.38
TX1000003,CUST2518,ACC115420,2024-11-29,Withdrawal,4374.3
TX1000004,CUST1563,ACC135737,2024-06-18,Bank Transfer,18830.95
TX1000005,CUST1501,ACC119571,2024-02-07,Deposit,15521.22
TX1000006,CUST1457,ACC120643,2024-04-03,POS,4420.32
TX1000007,CUST1285,ACC135866,2024-11-27,Deposit,12724.21
TX1000008,CUST2508,ACC115002,2024-10-21,BankTransfer,16500.03
TX1000009,CUST1209,ACC101999,2024-06-22,Bank Transfer,3412.6
TX1000010,CUST2385,ACC181650,2024-08-20,Bank Transfer,6894.37
TX1000011,CUST2516,ACC173351,2024-09-27,withdrawal,18490.11
TX1000012,CUST2827,ACC167378,2024-12-20,Withdrawal,8968.76
TX1000013,CUST2116,ACC113418,2024-08-09,Deposit,18232.88
TX1000014,CUST1178,ACC127076,2024-01-11,Withdrawal,6250.33
TX1000015,CUST2209,ACC171110,2024-07-24,Deposit,3272.71
TX1000016,CUST1864,ACC145916,2024-10-21,Deposit,5098.93
TX1000017,CUST1065,ACC172006,2024-05-30,Withdrawal,15268.41
TX1000018,CUST1061,ACC141744,2024-01-04,POS,19419.46
TX1000019,CUST1191,ACC135527,2024-11-15,Withdrawal,6628.04
TX1000020,CUST1447,ACC118554,2024-07-18,Bank Transfer,6761.65
TX1000021,CUST1476,ACC192321,2024-01-10,Deposit,18165.75
TX1000022,CUST2034,ACC137128,2024-01-05,Deposit,10428.94
TX1000023,CUST2232,ACC175246,2024-04-25,POS,14531.64
TX1000024,CUST1054,ACC132089,2024-06-14,Withdrawal,14010.15
TX1000025,CUST2149,ACC122449,2024-08-06,Withdrawal,4466.41
TX1000026,CUST1407,ACC109337,2024-03-18,Withdrawal,11581.16
TX1000027,CUST2466,ACC140812,2024-05-12,POS,9002.86
TX1000028,CUST2330,ACC180381,2024-04-24,bank-transfer,18310.9
TX1000029,CUST2436,ACC144399,2024-10-26,POS,9168.49
TX1000030,CUST2116,ACC170854,2024-12-11,Bank Transfer,783.16
TX1000031,CUST1859,ACC158149,2024-06-16,Withdrawal,2094.18
TX1000032,CUST1451,ACC106648,2024-09-29,Bank Transfer,8317.23
TX1000033,CUST1919,ACC117049,2024-08-22,Bank Transfer,19421.61
TX1000034,CUST2206,ACC103800,2024-11-30,Withdrawal,10753.37
TX1000035,CUST1569,ACC161700,2024-12-06,Bank Transfer,19087.26
TX1000036,CUST2657,ACC188538,2024-04-12,Pos Purchase,7200.11
TX1000037,CUST2780,ACC106613,2024-10-21,Withdrawal,11679.79
TX1000038,CUST1013,ACC113884,2024-06-30,Bank Transfer,12756.26
TX1000039,CUST2554,ACC150279,2024-10-22,DEPOSIT,17285.9
TX1000040,CUST2650,ACC107051,2024-03-19,Withdrawal,8000.62
TX1000041,CUST1326,ACC111287,2024-04-06,Withdrawal,12902.02
TX1000042,CUST2429,ACC155897,2024-03-16,Bank Transfer,4664.61
TX1000043,CUST1865,ACC151369,2024-04-15,DEPOSIT,7825.57
TX1000044,CUST1696,ACC123459,2024-06-06,POS,15737.55
TX1000045,CUST1569,ACC192363,2024-04-02,Deposit,17476.33
TX1000046,CUST1318,ACC178134,2024-02-21,DEPOSIT,7608.47
TX1000047,CUST1440,ACC177693,2024-01-14,POS,213.08
TX1000048,CUST2960,ACC182505,2024-09-30,Bank Transfer,19278.55
TX1000049,CUST2563,ACC190456,2024-11-04,Deposit,5577.96
TX1000050,CUST1689,ACC191667,2024-01-21,WITHDRAWAL,13427.35
TX1000051,CUST1209,ACC158436,2024-03-06,DEPOSIT,17956.56
TX1000052,CUST1189,ACC180781,2024-10-03,Deposit,14925.1
TX1000053,CUST1778,ACC146612,2024-06-27,bank-transfer,8630.37
TX1000054,CUST1198,ACC140952,2024-02-05,POS,14924.76
TX1000055,CUST1735,ACC143559,2024-06-16,Deposit,4152.51
TX1000056,CUST2735,ACC125971,2024-06-10,Bank Transfer,14236.39
TX1000057,CUST1704,ACC193441,2024-04-27,deposit,12475.76
TX1000058,CUST2236,ACC199405,2024-12-02,Deposit,1420.36
TX1000059,CUST1541,ACC187932,2024-04-16,Bank Transfer,13798.77
TX1000060,CUST2652,ACC169924,2024-04-13,POS,5675.64
TX1000061,CUST1088,ACC110295,2024-06-04,Bank Transfer,12049.73
TX1000062,CUST2494,ACC199056,2024-03-24,Bank Transfer,7051.46
TX1000063,CUST1940,ACC161039,2024-08-05,WITHDRAWAL,9310.25
TX1000064,CUST2098,ACC174421,2024-05-18,POS,13792.54
TX1000065,CUST1255,ACC117274,2024-04-29,bank-transfer,2949.3
TX1000066,CUST2992,ACC112178,2024-04-21,Bank Transfer,13188.12
TX1000067,CUST2888,ACC191566,2024-06-30,Withdrawal,8470.58
TX1000068,CUST1775,ACC161377,2024-01-14,Bank Transfer,3242.0
TX1000069,CUST1161,ACC112748,2024-03-11,Withdrawal,13551.03
TX1000070,CUST2130,ACC159714,2024-08-13,Bank Transfer,5242.79
TX1000071,CUST1600,ACC140683,2024-03-04,withdrawal,6262.59
TX1000072,CUST2698,ACC189715,2024-07-11,Pos Purchase,16807.7
TX1000073,CUST2287,ACC184465,2024-01-14,Deposit,13553.01
TX1000074,CUST2266,ACC193089,2024-08-15,POS,5588.16
TX1000075,CUST2813,ACC161000,2024-04-16,Deposit,3201.6
TX1000076,CUST2764,ACC161675,2024-07-13,Bank Transfer,5498.99
TX1000077,CUST1740,ACC130368,2024-01-26,Withdrawal,9768.91
TX1000078,CUST2182,ACC129333,2024-08-16,POS,490.35
TX1000079,CUST1393,ACC118837,2024-08-12,withdrawal,11107.62
TX1000080,CUST2442,ACC180863,2024-07-23,Bank Transfer,6467.39
TX1000081,CUST1142,ACC133823,2024-04-11,Bank Transfer,1192.55
TX1000082,CUST1093,ACC147638,2024-04-15,Withdrawal,2584.18
TX1000083,CUST2354,ACC151390,2024-07-13,Deposit,14371.03
TX1000084,CUST1466,ACC124032,2024-10-29,BankTransfer,4515.52
TX1000085,CUST2583,ACC191699,2024-03-04,Withdrawal,19104.75
TX1000086,CUST1592,ACC187186,2024-02-17,POS,11522.65
TX1000087,CUST1163,ACC143296,2024-03-30,BankTransfer,588.43
TX1000088,CUST2751,ACC142567,2024-09-16,Withdrawal,2355.39
TX1000089,CUST1476,ACC159412,2024-10-23,Withdrawal,14429.6
TX1000090,CUST2774,ACC163898,2024-09-21,Bank Transfer,10096.05
TX1000091,CUST1206,ACC103966,2024-03-03,Withdrawal,1831.44
TX1000092,CUST1778,ACC108567,2024-03-24,pos,15186.54
TX1000093,CUST1569,ACC162303,2024-04-17,Deposit,2884.18
TX1000094,CUST1928,ACC114796,2024-03-02,Deposit,4484.67
TX1000095,CUST2301,ACC146064,2024-09-07,DEPOSIT,7123.52
TX1000096,CUST2708,ACC162737,2024-11-05,Withdrawal,10998.98
TX1000097,CUST1747,ACC160455,2024-07-02,Withdrawal,1076.29
TX1000098,CUST1333,ACC122387,2024-06-11,POS,17822.94
TX1000099,CUST1758,ACC136996,2024-07-31,Deposit,10966.81
TX1000100,CUST1727,ACC145693,2024-04-07,POS,19964.25
TX1000101,CUST1429,ACC179225,2024-04-17,WITHDRAWAL,-773.44
TX1000102,CUST2372,ACC175324,2024-02-16,Deposit,13476.43
TX1000103,CUST1546,ACC116697,2024-09-16,Bank Transfer,18933.45
TX1000104,CUST2437,ACC166577,2024-07-03,Withdrawal,7325.85
TX1000105,CUST2918,ACC113491,2024-09-01,POS,4377.01
TX1000106,CUST2399,ACC153174,2024-05-10,POS,9146.12
TX1000107,CUST2327,ACC193621,2024-09-17,BankTransfer,16755.73
TX1000108,CUST1146,ACC114022,2024-02-27,Deposit,3962.57
TX1000109,CUST2247,ACC142712,2024-08-21,Bank Transfer,8079.97
TX1000110,CUST2300,ACC172895,2024-01-09,POS,
TX1000111,CUST1350,ACC185124,2024-01-04,Withdrawal,12721.4
TX1000112,CUST2093,ACC109296,2024-07-13,pos,9002.54
TX1000113,CUST2493,ACC139599,2024-08-03,Pos Purchase,3322.36
TX1000114,CUST1501,ACC169828,2024-07-23,Bank Transfer,15341.26
TX1000115,CUST1334,ACC160420,2024-02-21,Withdrawal,1426.85
TX1000116,CUST1946,ACC152535,2024-06-30,Deposit,6382.21
TX1000117,CUST1777,ACC177402,2024-07-03,POS,7625.62
TX1000118,CUST1552,ACC154190,2024-06-07,Bank Transfer,12166.98
TX1000119,CUST2895,ACC131270,2024-02-03,WITHDRAWAL,13204.4
TX1000120,CUST2310,ACC181379,2024-08-10,Bank Transfer,7368.14
TX1000121,CUST2409,ACC131941,2024-11-29,Withdrawal,13939.78
TX1000122,CUST2140,ACC171820,2024-06-02,BankTransfer,11631.51
TX1000123,CUST1449,ACC120843,2024-04-27,Withdrawal,17960.5
TX1000124,CUST2402,ACC163225,2024-12-25,POS,7075.53
TX1000125,CUST1664,ACC150307,2024-02-13,Deposit,9897.8
TX1000126,CUST2726,ACC108658,2024-11-29,DEPOSIT,11371.24
TX1000127,CUST2573,ACC144658,2024-11-25,Deposit,
TX1000128,CUST2589,ACC127294,2024-07-18,Bank Transfer,7423.36
TX1000129,CUST1114,ACC190971,2024-08-29,POS,7363.21
TX1000130,CUST1469,ACC177459,2024-01-09,,17821.74
TX1000131,CUST2683,ACC156511,2024-05-20,Withdrawal,6490.96
TX1000132,CUST1065,ACC157062,2024-11-27,DEPOSIT,12974.28
TX1000133,CUST2648,ACC174345,2024-06-14,deposit,13769.7
TX1000134,CUST1646,ACC144852,2024-01-24,POS,7740.59
TX1000135,CUST1821,ACC171372,2024-03-13,POS,11267.27
TX1000136,CUST1548,ACC190981,2024-05-07,WITHDRAWAL,12634.51
TX1000137,CUST1135,ACC130953,2024-03-31,deposit,8867.78
TX1000138,CUST1432,ACC122686,2024-10-16,POS,6014.25
TX1000139,CUST2870,ACC186849,2024-01-05,WITHDRAWAL,7297.35
TX1000140,CUST2931,ACC187766,2024-03-06,Withdrawal,17802.93
TX1000141,CUST2161,ACC110209,2024-09-22,POS,16798.42
TX1000142,CUST2794,ACC196910,2024-03-20,Deposit,17952.44
TX1000143,CUST2470,ACC193311,2024-03-12,Bank Transfer,11187.42
TX1000144,CUST1644,ACC175260,2024-12-21,Deposit,12489.07
TX1000145,CUST1435,ACC163783,2024-08-28,Withdrawal,18841.77
TX1000146,CUST2342,ACC114984,2024-01-20,POS,13796.68
TX1000147,CUST2022,ACC177616,2024-02-01,Withdrawal,2628.32
TX1000148,CUST1810,ACC178128,2024-11-01,Bank Transfer,17066.27
TX1000149,CUST2811,ACC160674,2024-04-17,POS,17938.72
TX1000150,CUST2872,ACC142647,2024-12-04,POS,2876.81
TX1000151,CUST2316,ACC172756,2024-05-30,Bank Transfer,18661.24
TX1000152,CUST1939,ACC112799,2024-07-09,Bank Transfer,18848.66
TX1000153,CUST1292,ACC158355,2024-11-12,Deposit,17885.46
TX1000154,CUST1542,ACC123091,2024-07-31,Deposit,15475.07
TX1000155,CUST1285,ACC140374,2024-03-21,Deposit,12908.3
TX1000156,CUST1505,ACC153188,2024-08-02,Deposit,10017.47
TX1000157,CUST2525,ACC109123,2024-03-29,Deposit,-15499.09
TX1000158,CUST2149,ACC178415,2024-03-30,Bank Transfer,1495.38
TX1000159,CUST2103,ACC114253,2024-09-22,POS,13005.73
TX1000160,CUST1538,ACC189850,2024-03-18,BankTransfer,1934.65
TX1000161,CUST2529,ACC178172,2024-12-08,pos,1351.35
TX1000162,CUST2197,ACC149664,2024-04-02,Withdrawal,12586.76
TX1000163,CUST1877,ACC142914,2024-07-05,Bank Transfer,3707.63
TX1000164,CUST2838,ACC164788,2024-02-26,Withdrawal,5994.39
TX1000165,CUST2195,ACC184540,2024-03-24,Deposit,18154.47
TX1000166,CUST1817,ACC186529,2024-01-16,Deposit,9833.61
TX1000167,CUST1741,ACC108058,2024-09-11,POS,14213.55
TX1000168,CUST1449,ACC111866,2024-04-14,Bank Transfer,6400.19
TX1000169,CUST1283,ACC128522,2024-06-05,Withdrawal,1210.24
TX1000170,CUST2043,ACC118208,2024-07-25,Withdrawal,4098.14
TX1000171,CUST2010,ACC176122,2024-11-16,Bank Transfer,15791.94
TX1000172,CUST1186,ACC198957,2024-07-10,POS,13299.57
TX1000173,CUST2547,ACC183379,2024-05-15,Bank Transfer,9476.95
TX1000174,CUST1096,ACC100024,2024-11-14,Bank Transfer,7720.49
TX1000175,CUST2763,ACC199231,2024-06-13,POS,12462.99
TX1000176,CUST1224,ACC119231,2024-01-15,Bank Transfer,5248.92
TX1000177,CUST1313,ACC186623,2024-01-14,Bank Transfer,4057.6
TX1000178,CUST2285,ACC119558,2024-06-18,Withdrawal,10262.69
TX1000179,CUST1327,ACC159372,2024-01-15,Bank Transfer,15494.46
TX1000180,CUST2622,ACC169632,2024-08-28,BankTransfer,
TX1000181,CUST2393,ACC138207,2024-01-18,Bank Transfer,19021.92
TX1000182,CUST1864,ACC151115,2024-03-14,Bank Transfer,3779.17
TX1000183,CUST2221,ACC180684,2024-07-27,Withdrawal,14578.35
TX1000184,CUST1130,ACC175750,2024-01-24,WITHDRAWAL,13667.21
TX1000185,CUST1788,ACC158610,2024-10-03,Deposit,4847.03
TX1000186,CUST1781,ACC125646,2024-07-12,Deposit,14472.67
TX1000187,CUST2220,ACC126956,2024-11-02,Withdrawal,1840.32
TX1000188,CUST1958,ACC189327,2024-09-25,Deposit,3378.94
TX1000189,CUST2083,ACC141497,2024-03-27,POS,19840.41
TX1000190,CUST1514,ACC139286,2024-03-21,POS,17562.29
TX1000191,CUST2988,ACC174747,2024-02-21,Deposit,5721.76
TX1000192,CUST2133,ACC189071,2024-01-08,deposit,14738.32
TX1000193,CUST2762,ACC139917,2024-06-27,Bank Transfer,3465.72
TX1000194,CUST2930,ACC156980,,Withdrawal,4013.5
TX1000195,CUST1023,ACC194082,2024-02-17,POS,15460.35
TX1000196,CUST2393,ACC145123,2024-08-02,Deposit,4678.7
TX1000197,CUST2476,ACC111703,2024-02-03,POS,12883.28
TX1000198,CUST1234,ACC176379,2024-02-27,Deposit,15888.03
TX1000199,CUST2396,ACC101064,2024-08-31,DEPOSIT,450.82
TX1000200,CUST2812,ACC180149,2024-08-25,Bank Transfer,5017.78
TX1000201,CUST2099,ACC166902,2024-07-31,Bank Transfer,3528.79
TX1000202,CUST2537,ACC152978,2024-10-01,WITHDRAWAL,14333.82
TX1000203,CUST1546,ACC116718,2024-08-13,Bank Transfer,16456.59
TX1000204,CUST2574,ACC138559,2024-03-09,DEPOSIT,18024.55
TX1000205,CUST2312,ACC108180,2024-11-04,Withdrawal,7240.33
TX1000206,CUST1696,ACC148394,2024-11-22,POS,16610.76
TX1000207,CUST1228,ACC171943,2024-01-01,POS,3303.67
TX1000208,CUST1601,ACC106963,2024-06-08,Withdrawal,9569.12
TX1000209,CUST1890,ACC100110,2024-08-31,POS,6346.52
TX1000210,CUST1323,ACC192190,2024-08-28,Deposit,11367.98
TX1000211,CUST1929,ACC173404,2024-05-11,pos,14150.97
TX1000212,CUST1006,ACC147086,2024-03-06,Withdrawal,5653.44
TX1000213,CUST2953,ACC114378,2024-06-14,Withdrawal,16347.82
TX1000214,CUST2478,ACC136989,2024-12-02,Deposit,12159.56
TX1000215,CUST2793,ACC104087,2024-10-03,Withdrawal,5065.08
TX1000216,CUST2473,ACC130833,2024-07-06,deposit,2734.55
TX1000217,CUST1539,ACC156585,2024-11-10,DEPOSIT,18218.83
TX1000218,CUST2990,ACC192041,2024-12-08,,4740.97
TX1000219,CUST2025,ACC177353,2024-02-19,Deposit,3085.73
TX1000220,CUST2560,ACC151677,2024-09-01,Withdrawal,6056.71
TX1000221,CUST1365,ACC181948,2024-09-09,POS,173.14
TX1000222,CUST2039,ACC141697,2024-10-19,,11078.23
TX1000223,CUST2869,ACC193293,2024-04-10,bank-transfer,11890.93
TX1000224,CUST1217,ACC150173,2024-03-05,Deposit,19096.69
TX1000225,CUST2782,ACC153219,2024-04-22,Deposit,15636.75
TX1000226,CUST2280,ACC150012,2024-09-20,Deposit,4086.89
TX1000227,CUST1611,ACC157041,2024-03-07,Pos Purchase,-6059.07
TX1000228,CUST2723,ACC171449,2024-03-14,Deposit,19265.02
TX1000229,CUST2308,ACC127684,2024-04-25,POS,19548.11
TX1000230,CUST2039,ACC186833,2024-12-03,withdrawal,5247.1
TX1000231,CUST2247,ACC122729,,Deposit,10051.77
TX1000232,CUST1407,ACC162242,2024-02-18,Withdrawal,7344.13
TX1000233,CUST1313,ACC118228,2024-07-25,Deposit,1382.46
TX1000234,CUST1765,ACC124671,2024-05-24,Bank Transfer,4294.64
TX1000235,CUST2561,ACC172800,2024-11-10,withdrawal,15345.07
TX1000236,CUST1330,ACC150409,2024-02-23,POS,12472.02
TX1000237,CUST2104,ACC147223,2024-05-07,Withdrawal,13841.17
TX1000238,CUST2952,ACC154687,2024-04-25,Withdrawal,17850.95
TX1000239,CUST2594,ACC120220,2024-05-08,pos,8556.1
TX1000240,CUST2889,ACC137810,2024-04-04,Deposit,8326.05
TX1000241,CUST2086,ACC187826,2024-12-03,Bank Transfer,3720.93
TX1000242,CUST2881,ACC116455,2024-06-03,pos,4791.94
TX1000243,CUST1001,ACC117600,2024-06-17,POS,16389.54
TX1000244,CUST2226,ACC101520,2024-12-29,WITHDRAWAL,2328.33
TX1000245,CUST1663,ACC109403,2024-08-24,bank-transfer,2338.78
TX1000246,CUST2000,ACC184985,2024-12-08,Withdrawal,528.14
TX1000247,CUST1039,ACC102058,2024-10-29,Withdrawal,3316.83
TX1000248,CUST1229,ACC118873,2024-09-23,POS,1735.38
TX1000249,CUST2902,ACC194547,2024-09-21,Deposit,13919.15
TX1000250,CUST1743,ACC163792,2024-10-22,Deposit,4084.29
TX1000251,CUST2799,ACC186235,2024-05-16,Deposit,1680.82
TX1000252,CUST2703,ACC157243,2024-03-08,deposit,4483.53
TX1000253,CUST2652,ACC117796,2024-06-16,Deposit,1854.42
TX1000254,CUST1629,ACC111097,2024-08-04,,11845.34
TX1000255,CUST1490,ACC117985,2024-07-10,Withdrawal,6113.25
TX1000256,CUST1118,ACC184180,2024-12-04,WITHDRAWAL,697.05
TX1000257,CUST1493,ACC154507,2024-03-15,WITHDRAWAL,12365.2
TX1000258,CUST2798,ACC159772,2024-10-23,Bank Transfer,19016.25
TX1000259,CUST2161,ACC191146,2024-01-18,DEPOSIT,1024.28
TX1000260,CUST2939,ACC179223,2024-07-16,WITHDRAWAL,10905.26
TX1000261,CUST1161,ACC155797,2024-11-19,Bank Transfer,10570.55
TX1000262,CUST1175,ACC181690,2024-01-25,POS,1414.01
TX1000263,CUST2498,ACC123566,2024-04-11,BankTransfer,7603.12
TX1000264,CUST1995,ACC159558,2024-04-03,WITHDRAWAL,8249.25
TX1000265,CUST2671,ACC166770,2024-01-08,Deposit,16193.29
TX1000266,CUST1141,ACC155590,2024-03-14,DEPOSIT,3164.09
TX1000267,CUST2557,ACC172358,2024-11-20,Bank Transfer,2349.17
TX1000268,CUST2090,ACC158988,2024-01-18,WITHDRAWAL,11449.86
TX1000269,CUST2568,ACC150425,2024-05-01,pos,13525.25
TX1000270,CUST1257,ACC146570,2024-03-23,POS,17378.5
TX1000271,CUST1262,ACC129588,2024-07-22,Bank Transfer,731.65
TX1000272,CUST2351,ACC124352,2024-06-14,Bank Transfer,3090.05
TX1000273,CUST1973,ACC155675,2024-01-06,WITHDRAWAL,13417.32
TX1000274,CUST2939,ACC179242,2024-10-19,DEPOSIT,3851.94
TX1000275,CUST2125,ACC100973,2024-09-03,Bank Transfer,7857.18
TX1000276,CUST1338,ACC175751,2024-09-04,pos,11236.14
TX1000277,CUST1542,ACC165294,2024-06-25,POS,16334.65
TX1000278,CUST2080,ACC195802,2024-04-06,deposit,4145.87
TX1000279,CUST2786,ACC131031,2024-11-17,POS,8850.95
TX1000280,CUST2242,ACC193340,2024-10-22,WITHDRAWAL,3040.57
TX1000281,CUST1866,ACC165762,2024-07-26,Bank Transfer,15209.9
TX1000282,CUST2975,ACC135291,2024-08-19,POS,17621.22
TX1000283,CUST1433,ACC153849,2024-04-19,Withdrawal,12524.45
TX1000284,CUST2902,ACC171587,2024-08-20,Pos Purchase,9786.23
TX1000285,CUST2104,ACC175543,2024-11-14,Deposit,19834.11
TX1000286,CUST2546,ACC148099,2024-05-14,,19476.25
TX1000287,CUST2494,ACC104385,2024-10-06,Pos Purchase,14233.38
TX1000288,CUST2412,ACC104963,2024-08-13,Bank Transfer,13918.49
TX1000289,CUST1411,ACC174468,2024-03-01,deposit,1393.4
TX1000290,CUST2460,ACC163342,2024-05-23,Bank Transfer,9690.22
TX1000291,CUST1638,ACC192390,2024-12-01,BankTransfer,236.79
TX1000292,CUST1817,ACC148310,2024-09-20,Withdrawal,13107.34
TX1000293,CUST2375,ACC114832,2024-06-21,deposit,13818.73
TX1000294,CUST2330,ACC176056,2024-06-21,Bank Transfer,18039.24
TX1000295,CUST1764,ACC163115,2024-04-05,Withdrawal,1853.91
TX1000296,CUST1897,ACC190504,2024-05-10,Pos Purchase,2311.88
TX1000297,CUST2842,ACC110494,2024-06-23,Deposit,10128.49
TX1000298,CUST2059,ACC118623,2024-09-06,withdrawal,15256.95
TX1000299,CUST1924,ACC195706,2024-10-08,Deposit,5818.34
TX1000300,CUST1247,ACC195852,2024-08-21,deposit,6427.98
TX1000301,CUST1507,ACC168997,2024-12-05,DEPOSIT,
TX1000302,CUST1460,ACC198380,2024-02-19,Bank Transfer,2249.17
TX1000303,CUST1131,ACC136624,2024-12-08,Bank Transfer,14446.32
TX1000304,CUST1692,ACC160940,2024-06-24,withdrawal,15636.61
TX1000305,CUST1043,ACC167757,2024-09-22,pos,468.3
TX1000306,CUST2204,ACC110254,2024-05-14,Deposit,17748.21
TX1000307,CUST2134,ACC168597,2024-02-02,Bank Transfer,4987.82
TX1000308,CUST1471,ACC179963,2024-07-06,WITHDRAWAL,19054.18
TX1000309,CUST2205,ACC111592,2024-08-06,POS,5277.3
TX1000310,CUST1451,ACC132142,2024-11-24,Withdrawal,7363.92
TX1000311,CUST1014,ACC161925,2024-01-14,Pos Purchase,566.04
TX1000312,CUST1145,ACC182662,2024-10-05,Withdrawal,9866.92
TX1000313,CUST2449,ACC197214,2024-03-05,Bank Transfer,5129.47
TX1000314,CUST2292,ACC186997,2024-02-18,Bank Transfer,10389.58
TX1000315,CUST1120,ACC187650,2024-04-26,Bank Transfer,15401.24
TX1000316,CUST1468,ACC110234,2024-08-22,Deposit,6905.4
TX1000317,CUST1138,ACC189662,2024-02-26,POS,16529.26
TX1000318,CUST2854,ACC183058,2024-03-02,Bank Transfer,9923.67
TX1000319,CUST1064,ACC170673,2024-10-08,Withdrawal,6941.58
TX1000320,CUST2760,ACC175973,2024-12-30,POS,14070.08
TX1000321,CUST1676,ACC140959,2024-05-31,pos,7168.54
TX1000322,CUST1145,ACC180352,2024-03-05,Withdrawal,17194.67
TX1000323,CUST2052,ACC106917,2024-06-26,Withdrawal,9190.01
TX1000324,CUST1487,ACC145029,2024-06-06,Withdrawal,4529.61
TX1000325,CUST1570,ACC170127,2024-08-19,pos,16511.94
TX1000326,CUST2370,ACC101413,2024-08-11,Withdrawal,15120.49
TX1000327,CUST1994,ACC161455,2024-10-10,POS,4187.26
TX1000328,CUST1438,ACC159511,2024-02-12,Deposit,7893.54
TX1000329,CUST2104,ACC167195,2024-09-15,Withdrawal,16706.61
TX1000330,CUST1270,ACC161503,2024-04-03,POS,13246.12
TX1000331,CUST2481,ACC175230,2024-07-22,POS,19194.02
TX1000332,CUST2915,ACC196182,2024-09-18,POS,10081.53
TX1000333,CUST2807,ACC143452,2024-04-09,Deposit,1545.82
TX1000334,CUST2169,ACC155183,2024-03-13,Bank Transfer,13049.94
TX1000335,CUST2180,ACC146257,2024-12-14,Withdrawal,17057.0
TX1000336,CUST1968,ACC138616,2024-04-23,Bank Transfer,14889.62
TX1000337,CUST1497,ACC137907,2024-01-09,Withdrawal,15385.77
TX1000338,CUST2606,ACC121955,2024-04-11,Deposit,
TX1000339,CUST1968,ACC104630,2024-06-30,POS,17777.37
TX1000340,CUST2653,ACC191101,2024-09-26,BankTransfer,15103.31
TX1000341,CUST1833,ACC178333,2024-11-03,Bank Transfer,19531.31
TX1000342,CUST1389,ACC198228,2024-03-18,Deposit,19421.18
TX1000343,CUST1193,ACC139855,2024-10-15,POS,19082.59
TX1000344,CUST1198,ACC195285,2024-09-28,Deposit,15196.25
TX1000345,CUST2349,ACC173886,2024-09-25,Deposit,11470.89
TX1000346,CUST1882,ACC134136,2024-01-25,Deposit,7588.52
TX1000347,CUST1725,ACC108050,2024-09-29,POS,15432.01
TX1000348,CUST1867,ACC182483,2024-07-04,Bank Transfer,1217.93
TX1000349,CUST1841,ACC162018,2024-10-03,Withdrawal,7984.76
TX1000350,CUST1956,ACC175778,2024-04-27,Bank Transfer,9238.52
TX1000351,CUST2769,ACC122161,2024-12-21,Bank Transfer,283.15
TX1000352,CUST2493,ACC175085,2024-09-28,POS,11880.22
TX1000353,CUST1110,ACC106765,2024-03-26,Bank Transfer,5625.9
TX1000354,CUST2379,ACC186025,2024-07-10,Deposit,18280.81
TX1000355,CUST2338,ACC138240,2024-03-22,Bank Transfer,17254.62
TX1000356,CUST2323,ACC196649,2024-02-21,Bank Transfer,19357.28
TX1000357,CUST1201,ACC181830,2024-12-14,DEPOSIT,7950.29
TX1000358,CUST1124,ACC103578,2024-03-25,Pos Purchase,12095.88
TX1000359,CUST1824,ACC137593,2024-11-21,Deposit,17227.32
TX1000360,CUST2491,ACC163538,2024-11-20,WITHDRAWAL,2747.13
TX1000361,CUST1694,ACC110814,2024-11-12,Bank Transfer,15319.7
TX1000362,CUST2639,ACC116622,2024-04-25,Withdrawal,4371.82
TX1000363,CUST2764,ACC166269,2024-03-18,Deposit,9229.64
TX1000364,CUST1223,ACC110074,2024-10-03,Bank Transfer,595.27
TX1000365,CUST1509,ACC136418,2024-11-08,Deposit,2170.82
TX1000366,CUST1392,ACC133036,2024-08-05,BankTransfer,13626.93
TX1000367,CUST1389,ACC117372,2024-04-13,POS,10463.07
TX1000368,CUST2098,ACC180713,2024-05-22,Withdrawal,187.96
TX1000369,CUST1918,ACC136827,2024-01-26,POS,538.3
TX1000370,CUST1287,ACC136073,2024-07-24,Withdrawal,9914.59
TX1000371,CUST1864,ACC133679,2024-05-31,Deposit,18262.3
TX1000372,CUST1375,ACC101861,2024-07-18,Bank Transfer,5494.22
TX1000373,CUST1570,ACC197180,2024-09-24,Bank Transfer,980.64
TX1000374,CUST1947,ACC114621,2024-08-03,Bank Transfer,8422.92
TX1000375,CUST1511,ACC179144,2024-08-31,POS,5000.45
TX1000376,CUST2790,ACC122886,2024-08-27,Deposit,4331.89
TX1000377,CUST2890,ACC177564,2024-06-13,Withdrawal,4317.7
TX1000378,CUST1154,ACC196857,2024-03-10,DEPOSIT,3110.55
TX1000379,CUST1907,ACC119809,2024-06-02,Withdrawal,15055.2
TX1000380,CUST2654,ACC186396,2024-01-01,Deposit,6759.53
TX1000381,CUST2764,ACC158543,2024-02-08,POS,10694.99
TX1000382,CUST2753,ACC148466,2024-05-08,Deposit,9823.49
TX1000383,CUST2127,ACC122989,2024-12-28,POS,5713.43
TX1000384,CUST1200,ACC134242,2024-10-11,POS,13919.94
TX1000385,CUST1103,ACC191851,2024-12-08,POS,13872.86
TX1000386,CUST2335,ACC130958,2024-06-08,bank-transfer,11045.67
TX1000387,CUST2107,ACC163559,2024-04-16,Deposit,12464.79
TX1000388,CUST2712,ACC123699,2024-11-09,Withdrawal,13025.3
TX1000389,CUST1030,ACC169125,2024-10-31,Withdrawal,4875.68
TX1000390,CUST2984,ACC104337,2024-02-04,Bank Transfer,6707.72
TX1000391,CUST1191,ACC144937,2024-01-31,POS,14646.85
TX1000392,CUST2897,ACC111062,2024-07-29,Bank Transfer,16816.18
TX1000393,CUST2543,ACC119014,2024-03-12,Bank Transfer,9862.82
TX1000394,CUST2738,ACC178059,2024-03-14,Bank Transfer,2851.39
TX1000395,CUST1484,ACC120204,2024-09-03,Deposit,17019.85
TX1000396,CUST1340,ACC165004,2024-03-23,Withdrawal,6507.2
TX1000397,CUST1832,ACC198665,2024-05-04,Withdrawal,10839.37
TX1000398,CUST1994,ACC154125,2024-07-19,POS,13852.12
TX1000399,CUST1985,ACC150222,2024-03-22,Withdrawal,13721.08
TX1000400,CUST1437,ACC131188,2024-11-26,POS,
TX1000401,CUST2770,ACC186594,2024-08-02,Deposit,6759.92
TX1000402,CUST1821,ACC157695,2024-07-19,POS,5494.21
TX1000403,CUST2848,ACC195158,2024-10-29,Bank Transfer,6334.14
TX1000404,CUST1120,ACC183568,2024-04-09,Withdrawal,17406.63
TX1000405,CUST1337,ACC121926,2024-05-07,Pos Purchase,4239.34
TX1000406,CUST1776,ACC127637,2024-06-28,POS,15388.23
TX1000407,CUST1004,ACC175727,2024-02-06,Deposit,17884.37
TX1000408,CUST1799,ACC196254,2024-04-25,Deposit,19096.76
TX1000409,CUST1543,ACC145229,2024-05-21,POS,15636.64
TX1000410,CUST2897,ACC107120,2024-03-12,Bank Transfer,19277.47
TX1000411,CUST2605,ACC184182,2024-07-24,Deposit,18387.56
TX1000412,CUST2607,ACC134654,2024-03-04,Withdrawal,10392.41
TX1000413,CUST1931,ACC199022,2024-10-26,Bank Transfer,-3310.21
TX1000414,CUST1584,ACC115203,2024-12-10,Withdrawal,15022.31
TX1000415,CUST1866,ACC106884,2024-03-18,Deposit,8573.03
TX1000416,CUST2426,ACC121967,2024-04-15,POS,10857.79
TX1000417,CUST2960,ACC160819,2024-08-15,Withdrawal,18178.42
TX1000418,CUST2496,ACC152264,2024-03-13,POS,10960.6
TX1000419,CUST2604,ACC162420,2024-12-10,POS,9785.89
TX1000420,CUST2138,ACC139500,2024-05-21,WITHDRAWAL,7933.62
TX1000421,CUST2355,ACC162425,2024-06-16,Withdrawal,11256.22
TX1000422,CUST2471,ACC197799,2024-01-06,Pos Purchase,12701.77
TX1000423,CUST1996,ACC198622,2024-11-22,Withdrawal,2915.95
TX1000424,CUST1317,ACC169798,2024-03-01,POS,4818.01
TX1000425,CUST1388,ACC130626,2024-09-23,Bank Transfer,-349.71
TX1000426,CUST1607,ACC149781,2024-06-08,POS,5169.37
TX1000427,CUST1445,ACC189589,2024-09-25,POS,4715.36
TX1000428,CUST2983,ACC192485,2024-02-22,Deposit,5114.17
TX1000429,CUST1119,ACC151127,2024-11-17,Bank Transfer,7288.2
TX1000430,CUST2186,ACC162205,2024-11-02,bank-transfer,6230.91
TX1000431,CUST2506,ACC134422,2024-08-29,Withdrawal,8427.62
TX1000432,CUST2110,ACC119025,2024-04-28,Deposit,15993.27
TX1000433,CUST1124,ACC169526,2024-12-04,Deposit,10350.04
TX1000434,CUST2531,ACC156981,2024-08-12,Deposit,14763.7
TX1000435,CUST1642,ACC101554,2024-06-01,Bank Transfer,18875.17
TX1000436,CUST1117,ACC137852,2024-03-04,Withdrawal,5322.32
TX1000437,CUST1102,ACC158827,2024-10-04,POS,7863.97
TX1000438,CUST2196,ACC150070,2024-11-08,Deposit,9826.96
TX1000439,CUST1976,ACC188931,2024-08-20,Withdrawal,1775.85
TX1000440,CUST2029,ACC141377,2024-03-19,Withdrawal,781.44
TX1000441,CUST2882,ACC169501,2024-02-06,withdrawal,4567.42
TX1000442,CUST2746,ACC189505,2024-06-23,Bank Transfer,-9152.8
TX1000443,CUST2087,ACC105376,2024-05-19,bank-transfer,6910.69
TX1000444,CUST1322,ACC112761,2024-01-21,deposit,3381.45
TX1000445,CUST1116,ACC169637,2024-07-14,BankTransfer,8850.88
TX1000446,CUST2967,ACC183548,2024-05-10,Deposit,7998.72
TX1000447,CUST2040,ACC146376,2024-02-27,Pos Purchase,2445.35
TX1000448,CUST1164,ACC156595,2024-11-16,DEPOSIT,7173.42
TX1000449,CUST2743,ACC180017,2024-08-26,Withdrawal,6045.17
TX1000450,CUST1380,ACC185467,2024-08-06,deposit,10262.29
TX1000451,CUST1140,ACC135728,2024-10-26,deposit,2227.05
TX1000452,CUST2218,ACC143904,2024-03-27,Deposit,15527.29
TX1000453,CUST1139,ACC135432,2024-12-29,Bank Transfer,5068.7
TX1000454,CUST2382,ACC135007,2024-12-20,POS,1598.63
TX1000455,CUST2765,ACC112881,2024-09-06,POS,8793.85
TX1000456,CUST1481,ACC133468,2024-05-29,Withdrawal,10885.56
TX1000457,CUST1826,ACC185766,2024-04-25,POS,14137.6
TX1000458,CUST1245,ACC176569,2024-09-24,Bank Transfer,14229.67
TX1000459,CUST2928,ACC151269,2024-02-22,Bank Transfer,14063.92
TX1000460,CUST2823,ACC160438,2024-02-15,Deposit,17833.73
TX1000461,CUST2166,ACC188511,2024-11-04,pos,1463.11
TX1000462,CUST1504,ACC198184,2024-11-02,Pos Purchase,10784.91
TX1000463,CUST2185,ACC131692,2024-07-04,Withdrawal,2374.07
TX1000464,CUST2217,ACC196247,2024-05-03,Bank Transfer,6145.25
TX1000465,CUST1081,ACC188065,2024-12-06,Deposit,18349.48
TX1000466,CUST2268,ACC177165,2024-09-10,WITHDRAWAL,17196.36
TX1000467,CUST1167,ACC125549,2024-12-25,Deposit,17550.24
TX1000468,CUST1858,ACC168151,2024-08-09,Bank Transfer,1531.8
TX1000469,CUST2346,ACC144224,2024-08-03,Bank Transfer,10332.78
TX1000470,CUST2195,ACC188829,2024-01-30,Withdrawal,3336.05
TX1000471,CUST2157,ACC190476,2024-11-22,Deposit,14972.83
TX1000472,CUST2070,ACC123582,2024-02-23,Deposit,452.48
TX1000473,CUST1647,ACC141060,2024-05-23,Pos Purchase,6663.62
TX1000474,CUST2914,ACC171776,2024-05-21,Bank Transfer,6802.31
TX1000475,CUST1534,ACC101386,2024-05-08,Deposit,12615.55
TX1000476,CUST1418,ACC188185,2024-11-23,Withdrawal,7587.89
TX1000477,CUST2371,ACC101110,2024-09-17,Withdrawal,7019.18
TX1000478,CUST2466,ACC108906,2024-06-17,Withdrawal,5171.51
TX1000479,CUST1643,ACC101567,2024-08-02,POS,14832.95
TX1000480,CUST1488,ACC153903,2024-12-07,Deposit,10020.52
TX1000481,CUST1543,ACC112805,2024-05-08,POS,4943.5
TX1000482,CUST1810,ACC168847,2024-07-01,pos,10136.08
TX1000483,CUST1268,ACC113619,2024-02-12,POS,5117.2
TX1000484,CUST2375,ACC189849,2024-01-07,POS,16987.38
TX1000485,CUST2321,ACC158450,2024-02-21,POS,15579.17
TX1000486,CUST1614,ACC146073,2024-12-31,Withdrawal,16914.06
TX1000487,CUST1936,ACC128759,2024-09-05,Withdrawal,4637.17
TX1000488,CUST1647,ACC195060,2024-05-04,Withdrawal,9047.02
TX1000489,CUST2902,ACC137132,2024-10-26,Bank Transfer,19772.89
TX1000490,CUST2539,ACC133016,2024-09-10,Deposit,16141.03
TX1000491,CUST2916,ACC125307,2024-04-23,POS,3976.11
TX1000492,CUST1148,ACC104461,2024-10-29,bank-transfer,17546.93
TX1000493,CUST1019,ACC103106,2024-08-10,Withdrawal,13536.4
TX1000494,CUST1938,ACC181185,2024-12-06,Withdrawal,12641.35
TX1000495,CUST2272,ACC112050,2024-05-16,Bank Transfer,6302.07
TX1000496,CUST2153,ACC107455,2024-02-23,Deposit,19837.68
TX1000497,CUST1204,ACC177874,2024-12-28,Bank Transfer,16953.52
TX1000498,CUST1150,ACC186062,2024-09-06,Pos Purchase,7089.9
TX1000499,CUST2101,ACC128419,2024-10-14,pos,8211.33
TX1000500,CUST1436,ACC178562,2024-11-06,POS,8485.59
TX1000501,CUST2036,ACC183634,2024-10-16,Deposit,187.25
TX1000502,CUST1543,ACC115963,2024-07-11,Withdrawal,19849.6
TX1000503,CUST1271,ACC192808,2024-11-06,Bank Transfer,17026.02
TX1000504,CUST2911,ACC115725,2024-09-22,BankTransfer,1863.39
TX1000505,CUST1714,ACC111322,2024-12-07,Withdrawal,19106.07
TX1000506,CUST2804,ACC179257,2024-07-14,Bank Transfer,12874.14
TX1000507,CUST1140,ACC117027,2024-01-22,POS,2761.96
TX1000508,CUST2800,ACC149277,2024-11-04,Withdrawal,9935.9
TX1000509,CUST1500,ACC186034,2024-02-25,Deposit,3005.22
TX1000510,CUST1756,ACC184922,2024-10-29,POS,4418.72
TX1000511,CUST1583,ACC174195,2024-11-25,Withdrawal,10457.96
TX1000512,CUST1323,ACC124217,2024-02-20,Deposit,15999.24
TX1000513,CUST1897,ACC114528,2024-10-21,bank-transfer,9436.82
TX1000514,CUST2707,ACC191180,2024-02-18,Deposit,5348.44
TX1000515,CUST2112,ACC124151,2024-03-01,withdrawal,2522.9
TX1000516,CUST2440,ACC133205,2024-05-02,POS,1988.7
TX1000517,CUST1619,ACC138609,2024-07-03,POS,17146.24
TX1000518,CUST2252,ACC161204,2024-10-24,Withdrawal,19318.45
TX1000519,CUST2652,ACC186570,2024-12-10,withdrawal,8905.96
TX1000520,CUST2339,ACC109924,2024-12-29,Withdrawal,17447.01
TX1000521,CUST2083,ACC183726,2024-11-05,Deposit,4161.11
TX1000522,CUST1016,ACC159433,2024-08-03,Deposit,15958.87
TX1000523,CUST2367,ACC136226,2024-07-20,withdrawal,4642.76
TX1000524,CUST2673,ACC155965,2024-01-21,Withdrawal,7359.33
TX1000525,CUST2135,ACC190730,2024-06-26,POS,15724.21
TX1000526,CUST1613,ACC187500,2024-11-27,POS,1116.54
TX1000527,CUST2908,ACC142389,2024-08-13,Withdrawal,11622.79
TX1000528,CUST2358,ACC133729,2024-08-23,Deposit,16756.26
TX1000529,CUST1212,ACC121229,2024-10-20,Bank Transfer,12623.31
TX1000530,CUST2922,ACC109698,2024-09-24,WITHDRAWAL,439.31
TX1000531,CUST2798,ACC136344,2024-01-20,POS,15801.97
TX1000532,CUST1275,ACC108177,2024-07-23,Deposit,3881.64
TX1000533,CUST1541,ACC150174,2024-11-17,POS,597.24
TX1000534,CUST1236,ACC150933,2024-08-09,Bank Transfer,14325.56
TX1000535,CUST2822,ACC143601,2024-12-08,POS,11476.0
TX1000536,CUST1219,ACC107872,2024-01-14,POS,8133.69
TX1000537,CUST2520,ACC133847,2024-04-20,deposit,18375.25
TX1000538,CUST2133,ACC134690,2024-10-17,BankTransfer,7220.62
TX1000539,CUST1318,ACC123321,2024-04-02,Deposit,10876.48
TX1000540,CUST1557,ACC157747,2024-01-13,Deposit,1401.97
TX1000541,CUST1577,ACC109096,2024-11-18,BankTransfer,8243.15
TX1000542,CUST2238,ACC164450,2024-06-17,Withdrawal,13866.54
TX1000543,CUST1431,ACC126302,2024-02-20,bank-transfer,5199.84
TX1000544,CUST2469,ACC179993,2024-05-29,WITHDRAWAL,17832.88
TX1000545,CUST1702,ACC151463,2024-07-30,Deposit,15475.15
TX1000546,CUST1416,ACC123388,2024-01-15,Deposit,395.02
TX1000547,CUST2407,ACC184604,2024-08-21,POS,5509.14
TX1000548,CUST2298,ACC164494,2024-05-09,Withdrawal,10558.53
TX1000549,CUST2746,ACC114212,2024-07-02,pos,5045.03
TX1000550,CUST1540,ACC118857,2024-12-15,Deposit,5447.48
TX1000551,CUST2035,ACC170861,2024-06-25,Withdrawal,17433.39
TX1000552,CUST2000,ACC156525,2024-06-29,Deposit,19224.55
TX1000553,CUST1514,ACC128624,2024-05-07,POS,16260.91
TX1000554,CUST2854,ACC180473,2024-05-21,Withdrawal,
TX1000555,CUST2859,ACC184323,2024-08-16,Withdrawal,13823.64
TX1000556,CUST2732,ACC113926,2024-01-25,DEPOSIT,3462.68
TX1000557,CUST1104,ACC157878,2024-06-15,Deposit,9745.41
TX1000558,CUST1189,ACC193768,2024-08-22,Withdrawal,11412.55
TX1000559,CUST2299,ACC133947,2024-12-23,POS,14253.44
TX1000560,CUST1867,ACC113538,2024-11-21,Deposit,11532.27
TX1000561,CUST2698,ACC104569,2024-05-14,POS,17526.7
TX1000562,CUST1566,ACC109557,2024-03-23,Deposit,2491.03
TX1000563,CUST1090,ACC109229,2024-04-17,POS,16227.91
TX1000564,CUST1007,ACC174887,2024-10-12,POS,11882.42
TX1000565,CUST1683,ACC195360,2024-10-07,Withdrawal,7114.44
TX1000566,CUST2579,ACC132846,2024-11-27,Withdrawal,5708.83
TX1000567,CUST1267,ACC158442,2024-06-13,bank-transfer,14979.44
TX1000568,CUST2304,ACC102459,2024-07-24,Deposit,8560.66
TX1000569,CUST1536,ACC165234,2024-06-27,Bank Transfer,6592.77
TX1000570,CUST1330,ACC119510,2024-03-29,Bank Transfer,2772.38
TX1000571,CUST2518,ACC185572,2024-09-12,Bank Transfer,1700.02
TX1000572,CUST1904,ACC183930,2024-02-15,POS,14840.16
TX1000573,CUST2129,ACC100113,2024-06-19,Deposit,13937.02
TX1000574,CUST2445,ACC104959,2024-06-29,,16852.96
TX1000575,CUST1875,ACC187111,2024-11-11,Deposit,13966.29
TX1000576,CUST2148,ACC151181,2024-10-02,bank-transfer,7081.03
TX1000577,CUST1019,ACC134922,,Deposit,8708.11
TX1000578,CUST1229,ACC119871,2024-06-11,POS,9498.27
TX1000579,CUST1154,ACC191757,2024-06-05,WITHDRAWAL,3379.44
TX1000580,CUST2935,ACC143231,2024-02-21,WITHDRAWAL,164.97
TX1000581,CUST2808,ACC151292,2024-02-16,Bank Transfer,249.5
TX1000582,CUST2415,ACC175319,2024-11-23,Bank Transfer,8303.97
TX1000583,CUST2851,ACC100485,2024-07-26,pos,18605.07
TX1000584,CUST1305,ACC167552,2024-06-09,POS,17780.98
TX1000585,CUST2117,ACC192747,2024-11-14,Deposit,17759.77
TX1000586,CUST1073,ACC164314,2024-09-11,Withdrawal,14371.81
TX1000587,CUST2709,ACC162670,2024-11-23,Withdrawal,1346.07
TX1000588,CUST1756,ACC157154,2024-04-05,Bank Transfer,19856.57
TX1000589,CUST2192,ACC152941,2024-07-14,Bank Transfer,4101.83
TX1000590,CUST2131,ACC195389,2024-04-13,Withdrawal,6127.6
TX1000591,CUST1303,ACC109188,2024-05-15,Withdrawal,11603.37
TX1000592,CUST1880,ACC170795,2024-12-28,Bank Transfer,15665.29
TX1000593,CUST1261,ACC129602,2024-09-05,Withdrawal,13945.38
TX1000594,CUST1085,ACC100433,2024-06-28,Deposit,6385.3
TX1000595,CUST1631,ACC150387,2024-06-21,POS,3690.65
TX1000596,CUST1746,ACC190342,2024-08-12,Deposit,6267.76
TX1000597,CUST2841,ACC163185,2024-07-04,Withdrawal,2359.68
TX1000598,CUST2910,ACC115886,2024-03-22,Pos Purchase,8191.89
TX1000599,CUST2630,ACC174349,2024-03-27,Withdrawal,4265.04
TX1000600,CUST2991,ACC170163,2024-06-14,Withdrawal,4566.78
TX1000601,CUST2762,ACC147044,2024-01-09,Bank Transfer,3254.5
TX1000602,CUST1081,ACC143704,2024-02-27,pos,5577.17
TX1000603,CUST2840,ACC189369,2024-04-07,BankTransfer,14648.34
TX1000604,CUST1732,ACC139692,2024-10-24,Deposit,12124.73
TX1000605,CUST1430,ACC152509,2024-06-07,Bank Transfer,14371.45
TX1000606,CUST2396,ACC107234,2024-09-16,Bank Transfer,13740.16
TX1000607,CUST1511,ACC182873,2024-12-24,POS,13673.49
TX1000608,CUST2365,ACC184813,2024-11-24,POS,-933.2
TX1000609,CUST1210,ACC111883,2024-10-13,DEPOSIT,1819.04
TX1000610,CUST1724,ACC147887,2024-05-31,POS,265.06
TX1000611,CUST2597,ACC170074,2024-10-13,Deposit,11128.15
TX1000612,CUST2146,ACC144572,2024-10-02,Withdrawal,18919.4
TX1000613,CUST2810,ACC110545,2024-04-01,Withdrawal,2517.74
TX1000614,CUST2791,ACC160245,2024-07-22,BankTransfer,14244.94
TX1000615,CUST1832,ACC199674,2024-11-12,Bank Transfer,5684.56
TX1000616,CUST2994,ACC138005,2024-12-22,Pos Purchase,13125.7
TX1000617,CUST2271,ACC184907,2024-02-08,Deposit,
TX1000618,CUST2534,ACC126623,2024-04-11,Withdrawal,19041.26
TX1000619,CUST1316,ACC123149,2024-02-17,,14755.96
TX1000620,CUST2895,ACC172676,2024-02-16,POS,4795.76
TX1000621,CUST2904,ACC105155,2024-12-30,POS,17130.13
TX1000622,CUST1484,ACC150353,2024-11-02,Deposit,17480.4
TX1000623,CUST2770,ACC186603,2024-12-05,POS,15565.94
TX1000624,CUST1332,ACC125035,2024-07-26,Bank Transfer,18798.8
TX1000625,CUST2999,ACC139173,2024-05-14,,6041.69
TX1000626,CUST2638,ACC191210,2024-03-15,bank-transfer,5644.01
TX1000627,CUST2660,ACC151131,2024-06-23,Bank Transfer,13980.03
TX1000628,CUST1362,ACC113994,2024-09-29,Bank Transfer,17065.21
TX1000629,CUST2805,ACC182656,2024-06-30,Bank Transfer,3482.87
TX1000630,CUST1844,ACC190287,2024-07-22,Bank Transfer,14115.22
TX1000631,CUST1050,ACC147089,2024-03-09,DEPOSIT,63728.149999999994
TX1000632,CUST1367,ACC163766,2024-07-16,bank-transfer,17792.05
TX1000633,CUST2508,ACC111123,2024-02-23,pos,4912.02
TX1000634,CUST2893,ACC182941,2024-05-30,Bank Transfer,14275.52
TX1000635,CUST1680,ACC157407,2024-11-10,Deposit,15479.63
TX1000636,CUST2602,ACC196380,2024-10-18,Deposit,15745.64
TX1000637,CUST2906,ACC124833,2024-02-12,Deposit,17741.1
TX1000638,CUST1843,ACC118342,2024-06-14,Bank Transfer,17839.83
TX1000639,CUST2642,ACC104679,2024-04-25,Deposit,4047.84
TX1000640,CUST2371,ACC125309,2024-08-14,Withdrawal,4273.22
TX1000641,CUST2769,ACC103324,2024-01-21,POS,3387.95
TX1000642,CUST2505,ACC194337,2024-05-05,POS,10702.15
TX1000643,CUST2660,ACC177718,2024-10-07,Bank Transfer,9442.72
TX1000644,CUST1508,ACC131258,2024-03-20,POS,7190.41
TX1000645,CUST1546,ACC164124,2024-12-07,Bank Transfer,8113.61
TX1000646,CUST1326,ACC150956,2024-05-20,BankTransfer,9843.93
TX1000647,CUST2612,ACC108256,2024-01-14,bank-transfer,19870.99
TX1000648,CUST2436,ACC170851,2024-09-10,POS,2502.64
TX1000649,CUST1221,ACC184332,2024-04-24,Withdrawal,4170.29
TX1000650,CUST1783,ACC140334,2024-12-21,Withdrawal,18366.9
TX1000651,CUST2786,ACC165494,2024-04-22,pos,8296.97
TX1000652,CUST1079,ACC169984,2024-05-05,POS,6520.97
TX1000653,CUST2758,ACC158891,2024-04-25,Deposit,5485.64
TX1000654,CUST1963,ACC102151,2024-08-13,WITHDRAWAL,9132.33
TX1000655,CUST1455,ACC104855,2024-11-27,WITHDRAWAL,14222.4
TX1000656,CUST1408,ACC144470,2024-04-20,Bank Transfer,1926.17
TX1000657,CUST2672,ACC107347,2024-03-15,POS,1664.92
TX1000658,CUST2880,ACC144265,2024-01-07,Bank Transfer,10357.87
TX1000659,CUST1942,ACC194504,2024-05-31,Deposit,2606.59
TX1000660,CUST1716,ACC105611,2024-05-04,Withdrawal,14577.91
TX1000661,CUST1625,ACC153150,2024-01-11,POS,19692.12
TX1000662,CUST2680,ACC115491,2024-11-09,Deposit,16717.48
TX1000663,CUST2628,ACC127745,2024-09-04,Withdrawal,17307.44
TX1000664,CUST2784,ACC185701,2024-08-12,Deposit,19203.08
TX1000665,CUST1466,ACC187466,2024-07-31,POS,19196.12
TX1000666,CUST1456,ACC168566,2024-10-11,Deposit,13505.96
TX1000667,CUST1048,ACC160079,2024-10-09,BankTransfer,10439.59
TX1000668,CUST2351,ACC188877,2024-10-17,Deposit,11894.41
TX1000669,CUST1395,ACC170328,2024-04-08,BankTransfer,1468.96
TX1000670,CUST1816,ACC119523,2024-07-30,Bank Transfer,14433.44
TX1000671,CUST1672,ACC197131,2024-04-05,deposit,50.56
TX1000672,CUST1570,ACC175936,2024-09-22,Deposit,14557.15
TX1000673,CUST2770,ACC130537,2024-10-24,POS,2425.22
TX1000674,CUST1142,ACC109441,2024-07-23,Withdrawal,19777.02
TX1000675,CUST2980,ACC104833,2024-11-17,POS,2394.01
TX1000676,CUST2583,ACC196398,2024-10-21,Withdrawal,6020.93
TX1000677,CUST1571,ACC118558,2024-07-17,WITHDRAWAL,8032.56
TX1000678,CUST1719,ACC164080,2024-05-13,Bank Transfer,5099.03
TX1000679,CUST2313,ACC185699,2024-12-27,Withdrawal,14254.15
TX1000680,CUST2043,ACC102498,2024-07-05,Bank Transfer,1643.7
TX1000681,CUST1818,ACC161763,2024-05-14,Bank Transfer,2070.39
TX1000682,CUST2391,ACC181051,2024-08-08,POS,11654.65
TX1000683,CUST2727,ACC106003,2024-07-08,Bank Transfer,10101.7
TX1000684,CUST2098,ACC131808,2024-07-05,POS,1216.41
TX1000685,CUST1678,ACC191920,2024-04-30,Deposit,11535.48
TX1000686,CUST2923,ACC185037,2024-06-12,Withdrawal,7271.18
TX1000687,CUST1056,ACC117109,2024-10-03,Deposit,6075.59
TX1000688,CUST1236,ACC101882,2024-07-01,withdrawal,14631.77
TX1000689,CUST2796,ACC122577,2024-02-09,Deposit,6046.45
TX1000690,CUST2987,ACC182924,2024-12-20,Bank Transfer,18367.07
TX1000691,CUST1534,ACC106548,2024-03-09,,4265.59
TX1000692,CUST1365,ACC140283,2024-06-13,POS,14636.07
TX1000693,CUST2189,ACC112752,2024-12-25,Withdrawal,15394.66
TX1000694,CUST2971,ACC159793,2024-05-06,Withdrawal,10328.44
TX1000695,CUST1543,ACC180114,2024-10-02,Deposit,10936.94
TX1000696,CUST1078,ACC122372,2024-10-23,Withdrawal,13034.18
TX1000697,CUST1222,ACC177469,2024-03-06,Deposit,6736.27
TX1000698,CUST2221,ACC108383,2024-02-19,Withdrawal,14211.86
TX1000699,CUST1889,ACC113937,2024-09-16,Withdrawal,4831.1
TX1000700,CUST1707,ACC114965,2024-12-28,POS,19999.78
TX1000701,CUST2492,ACC165161,2024-08-31,Withdrawal,13385.42
TX1000702,CUST2610,ACC177984,2024-10-01,Deposit,19410.06
TX1000703,CUST1642,ACC180691,2024-06-09,BankTransfer,11195.76
TX1000704,CUST1893,ACC128910,2024-02-23,Bank Transfer,16777.26
TX1000705,CUST2241,ACC108271,2024-11-05,WITHDRAWAL,14562.9
TX1000706,CUST2047,ACC126560,2024-04-26,bank-transfer,9175.24
TX1000707,CUST1236,ACC155864,2024-06-27,Withdrawal,1139.56
TX1000708,CUST1788,ACC144216,2024-12-25,Deposit,11210.75
TX1000709,CUST2842,ACC196721,2024-11-26,Deposit,17748.25
TX1000710,CUST2180,ACC188918,2024-10-10,Deposit,12654.14
TX1000711,CUST1389,ACC152692,2024-04-24,BankTransfer,6819.33
TX1000712,CUST1521,ACC142498,2024-08-26,POS,3459.91
TX1000713,CUST1090,ACC115833,2024-05-17,Withdrawal,18629.12
TX1000714,CUST2451,ACC189664,2024-10-21,Bank Transfer,3144.91
TX1000715,CUST1893,ACC175493,2024-01-28,Withdrawal,15021.78
TX1000716,CUST1003,ACC171550,2024-08-23,POS,14544.21
TX1000717,CUST2064,ACC118000,2024-11-12,Withdrawal,11102.99
TX1000718,CUST2895,ACC142151,2024-08-12,Deposit,625.58
TX1000719,CUST2651,ACC127948,2024-09-11,Deposit,19378.56
TX1000720,CUST2102,ACC105975,2024-10-29,Deposit,15101.48
TX1000721,CUST2406,ACC177736,2024-08-11,Deposit,8129.52
TX1000722,CUST2473,ACC122734,2024-02-03,Deposit,11439.31
TX1000723,CUST2925,ACC143975,2024-03-28,Bank Transfer,11715.26
TX1000724,CUST2519,ACC108286,2024-01-12,Deposit,12293.95
TX1000725,CUST2509,ACC115826,2024-10-13,POS,13320.23
TX1000726,CUST2373,ACC135899,2024-08-17,Deposit,8244.58
TX1000727,CUST1403,ACC118512,2024-10-13,Deposit,400.38
TX1000728,CUST1745,ACC199293,2024-11-28,Deposit,10827.44
TX1000729,CUST1883,ACC154415,2024-01-30,Pos Purchase,7218.11
TX1000730,CUST1143,ACC122026,2024-06-26,Deposit,14381.3
TX1000731,CUST2943,ACC191264,2024-09-01,Withdrawal,4073.34
TX1000732,CUST2360,ACC148487,2024-12-27,Withdrawal,19855.09
TX1000733,CUST2885,ACC172536,2024-03-16,POS,16580.61
TX1000734,CUST1676,ACC121627,2024-02-02,POS,12935.28
TX1000735,CUST2276,ACC157496,2024-12-15,POS,7226.53
TX1000736,CUST1642,ACC131934,2024-06-30,Deposit,1272.91
TX1000737,CUST2358,ACC176282,2024-02-03,Deposit,6155.7
TX1000738,CUST2736,ACC105334,2024-05-21,POS,15162.03
TX1000739,CUST1255,ACC117481,2024-10-18,Deposit,13376.04
TX1000740,CUST2474,ACC113102,2024-05-09,Pos Purchase,2680.61
TX1000741,CUST2843,ACC182863,2024-01-15,Bank Transfer,2177.26
TX1000742,CUST1615,ACC180273,2024-12-31,Deposit,14348.41
TX1000743,CUST2038,ACC149300,2024-11-02,deposit,16583.88
TX1000744,CUST1633,ACC120677,2024-09-08,POS,3786.35
TX1000745,CUST2365,ACC102048,2024-08-08,Bank Transfer,19860.55
TX1000746,CUST1836,ACC163827,2024-12-26,POS,9453.01
TX1000747,CUST1668,ACC110580,2024-03-09,Withdrawal,16641.01
TX1000748,CUST1824,ACC100832,2024-07-21,Deposit,14987.77
TX1000749,CUST2427,ACC100946,2024-04-20,Deposit,
TX1000750,CUST1605,ACC123516,2024-12-04,Deposit,433.29
TX1000751,CUST2135,ACC111683,2024-08-19,BankTransfer,942.4
TX1000752,CUST1260,ACC192633,2024-06-07,Withdrawal,4926.89
TX1000753,CUST1392,ACC185426,2024-10-02,Withdrawal,10408.54
TX1000754,CUST1861,ACC177821,2024-12-22,POS,1224.81
TX1000755,CUST2361,ACC137189,2024-12-11,Deposit,12633.96
TX1000756,CUST2925,ACC154555,2024-06-04,Deposit,15038.77
TX1000757,CUST1776,ACC190898,2024-06-18,Withdrawal,8344.13
TX1000758,CUST2387,ACC162391,2024-04-29,POS,14274.75
TX1000759,CUST2532,ACC190748,2024-10-18,WITHDRAWAL,15276.63
TX1000760,CUST2848,ACC116632,2024-09-17,Deposit,15031.69
TX1000761,CUST1356,ACC127021,2024-07-27,Deposit,18785.02
TX1000762,CUST2260,ACC118754,2024-03-14,Bank Transfer,4503.68
TX1000763,CUST2165,ACC183863,2024-10-03,Deposit,741.32
TX1000764,CUST1616,ACC135513,2024-12-14,Bank Transfer,16012.96
TX1000765,CUST1831,ACC168562,2024-10-27,Bank Transfer,15891.56
TX1000766,CUST2122,ACC159037,2024-06-10,Bank Transfer,14128.96
TX1000767,CUST2707,ACC154005,2024-01-04,Withdrawal,11417.07
TX1000768,CUST1000,ACC131359,2024-11-08,Bank Transfer,17787.15
TX1000769,CUST1622,ACC122878,2024-01-28,Withdrawal,10301.84
TX1000770,CUST1587,ACC180024,2024-12-30,Deposit,5466.52
TX1000771,CUST1430,ACC190659,2024-07-02,Withdrawal,5433.68
TX1000772,CUST1880,ACC104931,2024-10-27,Bank Transfer,3099.47
TX1000773,CUST2609,ACC178154,2024-03-02,POS,13907.94
TX1000774,CUST2187,ACC123593,2024-02-06,Deposit,8709.53
TX1000775,CUST2242,ACC194004,2024-11-10,Bank Transfer,14453.5
TX1000776,CUST2340,ACC165521,2024-02-02,Withdrawal,10821.09
TX1000777,CUST1659,ACC180222,2024-09-28,Bank Transfer,17305.98
TX1000778,CUST1952,ACC111537,2024-07-30,Withdrawal,18678.06
TX1000779,CUST1904,ACC182207,2024-03-23,Bank Transfer,3528.29
TX1000780,CUST1905,ACC139478,2024-04-09,POS,8202.82
TX1000781,CUST2383,ACC145593,2024-05-07,POS,1194.71
TX1000782,CUST1437,ACC154891,2024-11-03,Deposit,9500.69
TX1000783,CUST2046,ACC100599,2024-04-01,POS,5735.08
TX1000784,CUST1969,ACC173100,2024-04-02,Bank Transfer,17271.0
TX1000785,CUST2625,ACC130885,2024-01-16,POS,16243.36
TX1000786,CUST2845,ACC125153,2024-11-28,Bank Transfer,7905.4
TX1000787,CUST2965,ACC115401,2024-09-10,Bank Transfer,8838.42
TX1000788,CUST2630,ACC169494,2024-03-02,Bank Transfer,8547.14
TX1000789,CUST2507,ACC112541,2024-06-18,POS,7909.39
TX1000790,CUST1347,ACC181123,2024-02-15,POS,13542.86
TX1000791,CUST2349,ACC147435,2024-02-18,POS,1805.35
TX1000792,CUST1173,ACC199762,2024-07-25,Withdrawal,11965.67
TX1000793,CUST1581,ACC170742,2024-10-20,,3211.59
TX1000794,CUST2055,ACC166524,2024-12-24,Deposit,2068.23
TX1000795,CUST2359,ACC128740,2024-12-16,WITHDRAWAL,19958.73
TX1000796,CUST2296,ACC160845,2024-07-17,Withdrawal,5436.21
TX1000797,CUST2268,ACC182111,2024-07-27,Bank Transfer,9537.81
TX1000798,CUST1686,ACC186419,2024-07-14,Deposit,7007.0
TX1000799,CUST1191,ACC127277,2024-12-22,Withdrawal,17183.5
TX1000800,CUST2676,ACC136231,2024-08-30,POS,16131.24
TX1000801,CUST2949,ACC106955,2024-03-11,Withdrawal,
TX1000802,CUST2538,ACC125391,2024-06-24,Withdrawal,6683.55
TX1000803,CUST1481,ACC114769,2024-04-03,WITHDRAWAL,2656.21
TX1000804,CUST2377,ACC119558,2024-02-19,POS,2991.82
TX1000805,CUST1635,ACC189816,2024-06-08,WITHDRAWAL,3726.19
TX1000806,CUST1460,ACC162182,2024-06-30,,19499.62
TX1000807,CUST2651,ACC165210,2024-03-31,Withdrawal,7950.07
TX1000808,CUST1407,ACC123111,2024-12-28,DEPOSIT,19833.99
TX1000809,CUST1301,ACC120940,2024-08-08,Withdrawal,4523.1
TX1000810,CUST1050,ACC187836,2024-05-09,Withdrawal,4341.97
TX1000811,CUST1094,ACC105651,2024-09-12,Bank Transfer,16904.68
TX1000812,CUST1501,ACC107081,2024-02-16,Deposit,7784.91
TX1000813,CUST1973,ACC184523,2024-04-04,POS,19041.18
TX1000814,CUST2251,ACC147735,2024-05-13,Bank Transfer,5121.23
TX1000815,CUST2740,ACC137363,2024-07-24,Bank Transfer,3444.89
TX1000816,CUST2573,ACC127471,2024-04-12,Withdrawal,18528.84
TX1000817,CUST1149,ACC156973,2024-04-26,POS,19049.41
TX1000818,CUST1932,ACC132949,2024-06-28,Bank Transfer,4461.38
TX1000819,CUST1848,ACC143816,2024-11-27,POS,212.08
TX1000820,CUST2814,ACC180847,2024-11-20,Withdrawal,18211.3
TX1000821,CUST2289,ACC199406,2024-02-11,POS,15181.14
TX1000822,CUST2178,ACC159394,2024-06-22,Bank Transfer,19981.9
TX1000823,CUST1398,ACC105677,2024-08-19,Withdrawal,9234.32
TX1000824,CUST2471,ACC113686,2024-02-18,Withdrawal,15507.76
TX1000825,CUST2426,ACC197047,2024-09-25,Bank Transfer,5165.63
TX1000826,CUST1786,ACC106875,2024-05-11,bank-transfer,15214.35
TX1000827,CUST2012,ACC170432,2024-01-11,Deposit,14651.49
TX1000828,CUST1818,ACC123053,2024-11-06,Deposit,4549.73
TX1000829,CUST1499,ACC120715,2024-02-01,Bank Transfer,1739.96
TX1000830,CUST1302,ACC103809,2024-10-12,Deposit,10303.66
TX1000831,CUST2343,ACC163577,2024-01-31,Withdrawal,2941.29
TX1000832,CUST2408,ACC167489,2024-12-15,Pos Purchase,2978.23
TX1000833,CUST1011,ACC115212,2024-07-10,Withdrawal,9305.04
TX1000834,CUST2828,ACC109287,2024-02-18,POS,14895.19
TX1000835,CUST2537,ACC130841,2024-03-27,Pos Purchase,7368.24
TX1000836,CUST2762,ACC194555,2024-01-01,Deposit,2511.64
TX1000837,CUST2577,ACC158303,2024-09-27,POS,-14164.72
TX1000838,CUST2813,ACC177687,2024-01-07,WITHDRAWAL,4010.11
TX1000839,CUST1218,ACC175990,2024-01-03,bank-transfer,15203.53
TX1000840,CUST2594,ACC142725,2024-06-16,Bank Transfer,11499.37
TX1000841,CUST1870,ACC154927,2024-07-15,Bank Transfer,19669.05
TX1000842,CUST1448,ACC126050,2024-06-05,deposit,1246.36
TX1000843,CUST1360,ACC197922,2024-01-15,Withdrawal,15973.08
TX1000844,CUST2646,ACC188716,2024-10-17,POS,16812.84
TX1000845,CUST2961,ACC142688,2024-10-15,Deposit,17596.02
TX1000846,CUST2425,ACC130154,2024-07-10,pos,7994.81
TX1000847,CUST2060,ACC114435,2024-02-05,Deposit,18483.75
TX1000848,CUST1951,ACC142746,2024-03-29,POS,8169.81
TX1000849,CUST1102,ACC129855,2024-04-06,deposit,18614.76
TX1000850,CUST2141,ACC112853,,Withdrawal,3890.51
TX1000851,CUST1510,ACC131079,2024-11-13,POS,9856.41
TX1000852,CUST2878,ACC196698,2024-09-12,Bank Transfer,4618.66
TX1000853,CUST2737,ACC154079,2024-04-03,pos,19858.26
TX1000854,CUST1248,ACC126208,2024-10-01,POS,2599.07
TX1000855,CUST1934,ACC149221,2024-04-21,Deposit,10660.48
TX1000856,CUST1273,ACC128922,2024-06-25,Deposit,7105.5
TX1000857,CUST2641,ACC109637,2024-02-19,WITHDRAWAL,8010.93
TX1000858,CUST1951,ACC161733,2024-12-15,Withdrawal,15468.88
TX1000859,CUST2367,ACC176689,2024-03-20,,15417.85
TX1000860,CUST2087,ACC163492,2024-11-03,Withdrawal,4625.25
TX1000861,CUST2144,ACC107122,2024-07-10,POS,2804.86
TX1000862,CUST2219,ACC157129,2024-10-20,Withdrawal,15732.6
TX1000863,CUST1649,ACC118997,2024-03-31,Deposit,17098.68
TX1000864,CUST2945,ACC128333,2024-08-13,Deposit,4390.13
TX1000865,CUST2546,ACC179879,2024-12-27,Bank Transfer,13486.65
TX1000866,CUST2825,ACC159636,2024-03-31,Pos Purchase,3732.91
TX1000867,CUST1906,ACC123338,2024-09-16,Withdrawal,15020.79
TX1000868,CUST2254,ACC150768,2024-03-17,POS,4165.87
TX1000869,CUST2669,ACC148953,2024-08-15,Pos Purchase,716.55
TX1000870,CUST2473,ACC117878,2024-01-16,Bank Transfer,16200.16
TX1000871,CUST2826,ACC159996,2024-11-14,Deposit,14352.04
TX1000872,CUST2033,ACC194348,2024-01-20,deposit,16492.8
TX1000873,CUST1873,ACC125448,2024-10-02,Bank Transfer,14669.65
TX1000874,CUST2701,ACC182840,2024-03-02,DEPOSIT,14290.47
TX1000875,CUST2857,ACC147001,2024-06-08,Deposit,1073.6
TX1000876,CUST2122,ACC135349,2024-05-29,,10868.93
TX1000877,CUST1913,ACC126504,2024-02-25,POS,11685.51
TX1000878,CUST2837,ACC144025,2024-06-27,pos,2860.07
TX1000879,CUST1325,ACC116673,2024-12-15,pos,4160.25
TX1000880,CUST2523,ACC104206,2024-04-02,Bank Transfer,18712.76
TX1000881,CUST2764,ACC190729,2024-10-29,deposit,690.25
TX1000882,CUST1972,ACC174536,2024-09-22,Deposit,14863.84
TX1000883,CUST1921,ACC107818,2024-03-26,WITHDRAWAL,232.7
TX1000884,CUST1530,ACC136779,2024-02-21,POS,3958.3
TX1000885,CUST2539,ACC117891,2024-09-11,Deposit,4672.1
TX1000886,CUST1506,ACC114563,2024-04-08,deposit,15235.65
TX1000887,CUST2720,ACC161018,2024-11-04,pos,13659.17
TX1000888,CUST2305,ACC160106,2024-03-20,Withdrawal,12648.79
TX1000889,CUST1567,ACC154817,2024-11-09,withdrawal,10752.75
TX1000890,CUST2568,ACC122439,2024-06-21,POS,16215.85
TX1000891,CUST2592,ACC199659,2024-08-20,Withdrawal,4218.74
TX1000892,CUST2067,ACC145033,2024-12-03,Bank Transfer,5625.81
TX1000893,CUST1992,ACC128816,2024-10-07,pos,7978.49
TX1000894,CUST2283,ACC138687,2024-07-18,Deposit,15323.21
TX1000895,CUST1489,ACC179119,2024-08-17,Deposit,1658.97
TX1000896,CUST1562,ACC120550,2024-02-29,Deposit,7207.35
TX1000897,CUST1900,ACC183623,2024-12-08,withdrawal,9742.45
TX1000898,CUST1158,ACC180154,,Withdrawal,10953.03
TX1000899,CUST2461,ACC122273,2024-02-03,Deposit,18439.19
TX1000900,CUST1585,ACC175775,2024-06-22,Bank Transfer,5394.95
TX1000901,CUST1480,ACC172450,2024-05-06,POS,4390.22
TX1000902,CUST1556,ACC130107,2024-07-06,Withdrawal,2029.54
TX1000903,CUST1687,ACC111334,2024-03-13,Bank Transfer,10480.06
TX1000904,CUST1654,ACC153961,2024-05-02,POS,14220.17
TX1000905,CUST2828,ACC168389,2024-09-08,Withdrawal,12529.73
TX1000906,CUST2106,ACC164122,2024-04-06,Bank Transfer,15057.29
TX1000907,CUST1165,ACC128369,2024-07-25,Pos Purchase,13744.79
TX1000908,CUST1283,ACC177539,2024-01-22,withdrawal,2282.3
TX1000909,CUST1308,ACC162061,2024-07-02,BankTransfer,18990.06
TX1000910,CUST1473,ACC160655,2024-01-31,Deposit,11431.62
TX1000911,CUST1784,ACC136591,2024-09-02,Bank Transfer,7718.99
TX1000912,CUST2421,ACC101901,2024-12-03,POS,341.08
TX1000913,CUST1312,ACC195684,2024-12-28,withdrawal,19545.1
TX1000914,CUST2446,ACC156113,2024-10-29,Withdrawal,12560.39
TX1000915,CUST1438,ACC196492,2024-02-20,Bank Transfer,5922.89
TX1000916,CUST1131,ACC132329,2024-09-23,Pos Purchase,16884.57
TX1000917,CUST1849,ACC132483,2024-02-16,Withdrawal,7137.28
TX1000918,CUST1834,ACC142899,2024-12-05,POS,6056.01
TX1000919,CUST1677,ACC156917,2024-12-01,bank-transfer,16641.66
TX1000920,CUST2111,ACC175951,2024-06-13,WITHDRAWAL,2890.15
TX1000921,CUST1954,ACC129151,2024-09-26,POS,7359.31
TX1000922,CUST1851,ACC177564,2024-10-15,Deposit,13317.1
TX1000923,CUST1127,ACC119525,2024-10-21,POS,10792.19
TX1000924,CUST1423,ACC175196,2024-12-25,WITHDRAWAL,4456.93
TX1000925,CUST2705,ACC100665,2024-09-29,POS,12418.27
TX1000926,CUST1860,ACC154758,2024-09-24,Bank Transfer,3155.27
TX1000927,CUST1797,ACC105796,2024-07-20,POS,5794.42
TX1000928,CUST2853,ACC105250,2024-10-06,Withdrawal,6470.94
TX1000929,CUST2576,ACC161689,2024-11-25,POS,14268.64
TX1000930,CUST2196,ACC196138,2024-04-12,withdrawal,12588.49
TX1000931,CUST2937,ACC166088,2024-05-24,Pos Purchase,9011.54
TX1000932,CUST2424,ACC104406,2024-06-13,POS,12957.38
TX1000933,CUST1040,ACC155797,2024-03-10,POS,19816.31
TX1000934,CUST2754,ACC169615,2024-08-17,POS,12054.67
TX1000935,CUST2803,ACC151684,2024-04-11,Bank Transfer,10452.67
TX1000936,CUST2567,ACC162818,2024-05-29,Bank Transfer,7259.56
TX1000937,CUST2179,ACC191311,2024-11-16,POS,4091.52
TX1000938,CUST1779,ACC112844,2024-08-06,POS,14519.3
TX1000939,CUST1976,ACC159302,2024-07-25,BankTransfer,2664.4
TX1000940,CUST1012,ACC164918,2024-08-10,Withdrawal,19840.98
TX1000941,CUST2930,ACC131524,2024-07-12,,4275.56
TX1000942,CUST1720,ACC110890,2024-02-12,Withdrawal,16057.75
TX1000943,CUST1611,ACC173202,2024-09-08,Bank Transfer,769.94
TX1000944,CUST2543,ACC198707,2024-01-13,Deposit,12068.57
TX1000945,CUST1798,ACC101628,2024-09-08,Deposit,12276.05
TX1000946,CUST2747,ACC190853,2024-02-23,Pos Purchase,
TX1000947,CUST2826,ACC195916,2024-06-13,Deposit,18274.97
TX1000948,CUST2952,ACC153296,2024-10-14,Bank Transfer,13542.0
TX1000949,CUST2711,ACC128574,2024-09-04,POS,10362.45
TX1000950,CUST1858,ACC117394,2024-11-08,Bank Transfer,4361.68
TX1000951,CUST2102,ACC146976,2024-07-18,Withdrawal,4232.43
TX1000952,CUST2530,ACC138769,2024-06-05,Withdrawal,13870.78
TX1000953,CUST2504,ACC131334,2024-09-11,Withdrawal,466.92
TX1000954,CUST2118,ACC184887,2024-05-27,Bank Transfer,3307.97
TX1000955,CUST2638,ACC111892,2024-12-16,Bank Transfer,11881.32
TX1000956,CUST2235,ACC102087,2024-12-23,,7488.88
TX1000957,CUST2838,ACC162886,2024-01-29,Bank Transfer,11637.27
TX1000958,CUST1451,ACC187691,2024-09-27,withdrawal,13487.11
TX1000959,CUST1999,ACC139955,2024-01-22,WITHDRAWAL,19279.4
TX1000960,CUST1449,ACC121207,2024-04-06,POS,15959.38
TX1000961,CUST1558,ACC192183,2024-02-15,deposit,15589.75
TX1000962,CUST1892,ACC160199,2024-06-06,Withdrawal,13621.9
TX1000963,CUST1994,ACC174760,2024-10-27,WITHDRAWAL,14552.41
TX1000964,CUST1059,ACC197948,2024-10-19,Withdrawal,-2564.06
TX1000965,CUST1796,ACC176501,2024-10-04,Deposit,243.55
TX1000966,CUST1688,ACC103199,2024-03-29,Bank Transfer,8723.88
TX1000967,CUST2369,ACC159616,2024-11-24,POS,17540.25
TX1000968,CUST2390,ACC160786,2024-06-09,BankTransfer,14731.46
TX1000969,CUST2634,ACC118169,2024-01-25,Withdrawal,10484.92
TX1000970,CUST1828,ACC192161,2024-09-30,Withdrawal,12761.55
TX1000971,CUST2483,ACC153131,2024-01-15,Bank Transfer,15350.59
TX1000972,CUST1338,ACC124241,2024-01-25,Bank Transfer,8071.42
TX1000973,CUST2721,ACC148551,2024-06-04,BankTransfer,9160.28
TX1000974,CUST1957,ACC182157,2024-07-16,Deposit,19809.44
TX1000975,CUST2883,ACC160856,2024-04-06,POS,
TX1000976,CUST1261,ACC192261,2024-06-29,Bank Transfer,9425.91
TX1000977,CUST2274,ACC183021,,POS,17417.94
TX1000978,CUST2093,ACC100178,2024-01-27,Deposit,16578.48
TX1000979,CUST1055,ACC182222,2024-12-16,Deposit,11544.35
TX1000980,CUST2857,ACC109266,2024-08-10,Deposit,10642.53
TX1000981,CUST1806,ACC150446,2024-09-17,DEPOSIT,4939.8
TX1000982,CUST2212,ACC190538,2024-09-25,DEPOSIT,11194.68
TX1000983,CUST2155,ACC143634,2024-04-01,Deposit,7173.91
TX1000984,CUST2357,ACC169588,2024-09-17,Withdrawal,12316.6
TX1000985,CUST1055,ACC104287,2024-07-08,deposit,17812.64
TX1000986,CUST1171,ACC138874,2024-12-14,Withdrawal,29.38
TX1000987,CUST2316,ACC155823,2024-12-23,Pos Purchase,10559.47
TX1000988,CUST1877,ACC198682,2024-01-23,POS,3712.12
TX1000989,CUST1277,ACC135361,2024-04-19,Withdrawal,2941.26
TX1000990,CUST2775,ACC191495,2024-02-20,BankTransfer,9399.36
TX1000991,CUST1945,ACC180281,2024-08-22,WITHDRAWAL,3386.24
TX1000992,CUST1372,ACC171098,2024-04-05,Bank Transfer,2072.24
TX1000993,CUST1102,ACC175396,2024-04-23,Bank Transfer,7055.87
TX1000994,CUST1532,ACC127151,2024-12-30,deposit,15189.86
TX1000995,CUST1776,ACC189740,2024-06-12,Pos Purchase,4847.85
TX1000996,CUST1670,ACC110611,2024-02-07,Bank Transfer,13543.32
TX1000997,CUST1433,ACC181324,2024-12-31,POS,5906.18
TX1000998,CUST1931,ACC144000,2024-04-14,Deposit,11459.49
TX1000999,CUST1669,ACC196437,2024-09-10,POS,19715.9
TX1001000,CUST1691,ACC107184,2024-04-15,POS,4564.76
TX1001001,CUST2558,ACC167467,2024-10-19,Bank Transfer,12078.31
TX1001002,CUST2801,ACC188428,2024-11-23,Deposit,12305.58
TX1001003,CUST1776,ACC147708,2024-11-09,DEPOSIT,18339.91
TX1001004,CUST1569,ACC106758,2024-01-08,Deposit,5787.72
TX1001005,CUST2540,ACC114544,2024-01-24,DEPOSIT,4029.24
TX1001006,CUST2948,ACC150194,2024-07-14,Deposit,11262.02
TX1001007,CUST2703,ACC147918,2024-04-15,Withdrawal,6414.5
TX1001008,CUST1863,ACC160994,,Deposit,14884.54
TX1001009,CUST1516,ACC181151,2024-02-29,Withdrawal,8301.02
TX1001010,CUST2709,ACC105357,2024-05-28,Bank Transfer,8715.24
TX1001011,CUST1167,ACC147916,2024-01-03,Bank Transfer,13253.83
TX1001012,CUST1963,ACC148029,2024-05-03,Withdrawal,7366.34
TX1001013,CUST1039,ACC122972,2024-12-03,BankTransfer,1498.98
TX1001014,CUST2534,ACC184957,2024-06-18,Deposit,1173.57
TX1001015,CUST2104,ACC173241,2024-03-31,Withdrawal,9817.1
TX1001016,CUST1106,ACC192389,2024-07-18,bank-transfer,635.91
TX1001017,CUST2949,ACC108782,2024-04-26,Deposit,3000.84
TX1001018,CUST1716,ACC173499,2024-07-09,Deposit,17044.93
TX1001019,CUST1459,ACC192974,2024-07-24,Bank Transfer,323.85
TX1001020,CUST2331,ACC126832,2024-01-23,Deposit,2937.96
TX1001021,CUST1140,ACC118141,2024-03-20,Bank Transfer,16135.24
TX1001022,CUST2599,ACC143899,2024-03-13,POS,9360.18
TX1001023,CUST2960,ACC131278,2024-11-02,Deposit,4088.44
TX1001024,CUST2334,ACC170730,2024-05-06,Withdrawal,13432.9
TX1001025,CUST1082,ACC114884,2024-11-14,Pos Purchase,4436.73
TX1001026,CUST2544,ACC185070,2024-12-08,bank-transfer,14860.67
TX1001027,CUST1063,ACC162717,2024-05-12,Deposit,3363.22
TX1001028,CUST2944,ACC196649,2024-08-04,WITHDRAWAL,14719.25
TX1001029,CUST1506,ACC198602,2024-12-14,Deposit,13139.67
TX1001030,CUST1408,ACC176037,2024-10-19,Bank Transfer,9229.47
TX1001031,CUST2718,ACC192123,2024-12-29,Withdrawal,14399.13
TX1001032,CUST1041,ACC127498,2024-11-16,Withdrawal,16538.33
TX1001033,CUST2272,ACC198719,2024-06-07,BankTransfer,3408.54
TX1001034,CUST1312,ACC197650,2024-04-14,Withdrawal,14596.98
TX1001035,CUST1488,ACC199730,2024-11-30,WITHDRAWAL,5708.77
TX1001036,CUST1258,ACC129548,2024-05-19,POS,10104.79
TX1001037,CUST1969,ACC142003,2024-07-28,Deposit,5365.36
TX1001038,CUST2371,ACC146230,2024-12-19,Deposit,4284.4
TX1001039,CUST1234,ACC135043,2024-01-06,Pos Purchase,19593.97
TX1001040,CUST2155,ACC166003,2024-07-31,Bank Transfer,8527.43
TX1001041,CUST2941,ACC189158,2024-07-30,withdrawal,7834.83
TX1001042,CUST1446,ACC155434,2024-07-12,Deposit,15941.0
TX1001043,CUST1952,ACC136325,2024-05-22,POS,11609.4
TX1001044,CUST2432,ACC107138,2024-04-07,DEPOSIT,677.37
TX1001045,CUST1524,ACC108305,2024-09-06,withdrawal,217.43
TX1001046,CUST2570,ACC148865,2024-05-09,bank-transfer,10978.82
TX1001047,CUST1755,ACC145249,2024-11-03,Withdrawal,8621.52
TX1001048,CUST1343,ACC159298,2024-01-06,Deposit,14402.75
TX1001049,CUST2240,ACC163730,2024-11-16,POS,14547.87
TX1001050,CUST2243,ACC165726,2024-12-20,pos,14958.32
TX1001051,CUST2973,ACC169033,2024-07-21,POS,4165.38
TX1001052,CUST2531,ACC116083,2024-01-22,Pos Purchase,17178.57
TX1001053,CUST2471,ACC161625,2024-12-22,withdrawal,3093.5
TX1001054,CUST1234,ACC193038,2024-08-17,Deposit,6197.74
TX1001055,CUST2592,ACC169717,2024-03-06,POS,18480.26
TX1001056,CUST2677,ACC188907,2024-12-05,Withdrawal,8951.01
TX1001057,CUST1335,ACC169842,2024-12-19,Bank Transfer,15378.19
TX1001058,CUST2975,ACC138307,2024-04-24,BankTransfer,17732.5
TX1001059,CUST1637,ACC159241,2024-02-06,Bank Transfer,12562.72
TX1001060,CUST1221,ACC181389,2024-11-22,Deposit,3962.07
TX1001061,CUST2185,ACC148253,2024-02-28,pos,9385.88
TX1001062,CUST1052,ACC188251,2024-02-29,POS,7154.5
TX1001063,CUST2902,ACC190862,2024-03-22,Bank Transfer,7267.72
TX1001064,CUST1638,ACC108601,2024-09-07,Bank Transfer,18789.51
TX1001065,CUST2179,ACC124687,2024-02-04,Deposit,1836.4
TX1001066,CUST2387,ACC160014,2024-04-03,Deposit,19834.48
TX1001067,CUST2859,ACC111443,2024-10-01,Deposit,15901.24
TX1001068,CUST2962,ACC110508,2024-06-16,Bank Transfer,15739.97
TX1001069,CUST1768,ACC151207,2024-03-26,POS,12331.04
TX1001070,CUST1812,ACC123437,2024-05-11,Bank Transfer,473.95
TX1001071,CUST2928,ACC137797,2024-12-14,Withdrawal,3964.57
TX1001072,CUST2464,ACC110085,2024-12-21,withdrawal,1943.58
TX1001073,CUST1406,ACC114334,2024-07-22,Withdrawal,8302.52
TX1001074,CUST1155,ACC121596,2024-05-25,Deposit,18306.68
TX1001075,CUST2212,ACC136168,2024-10-01,Deposit,15425.56
TX1001076,CUST2414,ACC114683,2024-05-26,POS,13142.09
TX1001077,CUST2701,ACC191367,2024-05-25,Withdrawal,7321.28
TX1001078,CUST2284,ACC119392,2024-10-18,WITHDRAWAL,18992.25
TX1001079,CUST1497,ACC165054,2024-05-13,BankTransfer,2157.77
TX1001080,CUST1208,ACC119726,2024-02-25,POS,5718.43
TX1001081,CUST2427,ACC126772,2024-03-02,Withdrawal,15027.03
TX1001082,CUST2582,ACC168247,2024-07-21,deposit,16294.05
TX1001083,CUST1617,ACC182218,2024-04-13,Deposit,14318.29
TX1001084,CUST2741,ACC102974,2024-02-14,withdrawal,8375.15
TX1001085,CUST2401,ACC138426,2024-10-11,Deposit,19227.71
TX1001086,CUST2229,ACC154596,2024-09-11,DEPOSIT,16709.48
TX1001087,CUST2649,ACC189443,2024-04-12,Pos Purchase,5106.28
TX1001088,CUST1247,ACC170966,2024-03-06,Deposit,9880.21
TX1001089,CUST2630,ACC117305,2024-09-22,POS,4276.03
TX1001090,CUST2159,ACC162115,2024-01-19,pos,19208.43
TX1001091,CUST2602,ACC145442,2024-08-28,Deposit,-4683.85
TX1001092,CUST1084,ACC155067,2024-09-02,POS,8815.19
TX1001093,CUST1711,ACC158177,2024-02-25,Withdrawal,10986.56
TX1001094,CUST2091,ACC196693,2024-02-27,,1148.62
TX1001095,CUST1877,ACC184500,2024-04-27,DEPOSIT,15422.15
TX1001096,CUST2354,ACC102815,2024-01-20,withdrawal,17838.29
TX1001097,CUST1758,ACC138209,2024-07-17,Bank Transfer,14233.67
TX1001098,CUST1141,ACC124780,2024-04-04,POS,2624.05
TX1001099,CUST2036,ACC108250,2024-02-12,POS,18868.26
TX1001100,CUST2326,ACC102888,2024-12-21,BankTransfer,609.59
TX1001101,CUST1698,ACC130451,2024-02-04,POS,6641.78
TX1001102,CUST1025,ACC168107,2024-05-03,POS,8740.5
TX1001103,CUST2739,ACC184498,2024-08-11,pos,18368.63
TX1001104,CUST1860,ACC144024,2024-11-11,DEPOSIT,1766.64
TX1001105,CUST2684,ACC153961,2024-07-08,Deposit,3835.74
TX1001106,CUST2003,ACC175851,2024-08-12,DEPOSIT,10850.98
TX1001107,CUST1216,ACC144930,2024-03-14,POS,17879.64
TX1001108,CUST1887,ACC185951,2024-08-14,Deposit,14805.6
TX1001109,CUST2967,ACC184679,2024-11-01,Deposit,44282.15
TX1001110,CUST1741,ACC142769,2024-01-22,Withdrawal,11872.37
TX1001111,CUST2301,ACC163720,2024-12-05,Withdrawal,18448.04
TX1001112,CUST2825,ACC177772,2024-09-14,Deposit,10799.52
TX1001113,CUST2697,ACC187274,2024-04-06,Pos Purchase,4735.43
TX1001114,CUST1941,ACC191339,2024-04-17,Bank Transfer,8906.76
TX1001115,CUST2448,ACC169489,2024-06-11,DEPOSIT,4917.78
TX1001116,CUST1313,ACC171888,2024-01-23,deposit,5287.82
TX1001117,CUST1891,ACC158360,2024-10-18,Deposit,877.49
TX1001118,CUST1360,ACC160031,2024-01-08,Withdrawal,16390.03
TX1001119,CUST2502,ACC139856,2024-03-19,Bank Transfer,10167.14
TX1001120,CUST2068,ACC174350,2024-06-23,Withdrawal,12383.2
TX1001121,CUST2977,ACC117295,2024-05-08,WITHDRAWAL,10072.24
TX1001122,CUST2332,ACC140172,2024-03-30,Deposit,7907.48
TX1001123,CUST1553,ACC122509,2024-06-28,Withdrawal,14940.66
TX1001124,CUST2261,ACC134079,2024-08-24,POS,1164.58
TX1001125,CUST2655,ACC129724,2024-04-12,,4802.48
TX1001126,CUST2883,ACC163470,2024-11-25,POS,10234.96
TX1001127,CUST2102,ACC148745,2024-01-29,pos,11417.26
TX1001128,CUST2586,ACC137767,2024-07-19,POS,11837.94
TX1001129,CUST1990,ACC106202,2024-07-13,Deposit,13464.6
TX1001130,CUST1952,ACC119443,2024-03-19,POS,5615.57
TX1001131,CUST1892,ACC146284,2024-05-29,POS,16046.28
TX1001132,CUST2691,ACC137274,2024-09-15,Bank Transfer,19046.51
TX1001133,CUST2497,ACC159759,2024-02-02,Bank Transfer,3316.34
TX1001134,CUST2213,ACC121805,2024-04-25,pos,18607.47
TX1001135,CUST1549,ACC181085,2024-04-04,POS,5970.42
TX1001136,CUST1660,ACC121075,2024-11-17,POS,17498.56
TX1001137,CUST2744,ACC193298,2024-04-09,Deposit,7172.96
TX1001138,CUST1502,ACC170165,2024-06-20,POS,10572.51
TX1001139,CUST2701,ACC137387,2024-12-02,Withdrawal,11901.34
TX1001140,CUST2914,ACC123891,2024-08-12,Bank Transfer,3544.31
TX1001141,CUST1177,ACC122984,2024-01-13,Deposit,2250.84
TX1001142,CUST1571,ACC192813,2024-08-13,POS,16406.75
TX1001143,CUST2805,ACC190814,2024-02-05,Deposit,13723.72
TX1001144,CUST1923,ACC187340,2024-05-05,Withdrawal,7783.63
TX1001145,CUST1499,ACC120117,2024-11-04,DEPOSIT,16452.67
TX1001146,CUST2536,ACC121135,2024-09-27,pos,10093.03
TX1001147,CUST1951,ACC131182,2024-05-27,Deposit,1279.32
TX1001148,CUST2167,ACC115324,2024-10-12,Deposit,10427.05
TX1001149,CUST2249,ACC105393,2024-03-23,pos,909.69
TX1001150,CUST2368,ACC141500,2024-03-14,Deposit,6609.05
TX1001151,CUST1776,ACC175304,2024-10-07,Bank Transfer,6213.72
TX1001152,CUST1688,ACC116577,2024-06-11,Bank Transfer,12441.74
TX1001153,CUST1058,ACC157788,2024-01-30,DEPOSIT,7641.4
TX1001154,CUST2012,ACC134132,2024-02-27,POS,23.83
TX1001155,CUST2742,ACC148453,2024-12-16,Deposit,6000.1
TX1001156,CUST1665,ACC124182,2024-02-03,deposit,16049.6
TX1001157,CUST1372,ACC126890,2024-07-28,POS,4246.63
TX1001158,CUST1998,ACC173726,2024-09-22,Deposit,8053.2
TX1001159,CUST1434,ACC192685,2024-09-30,Withdrawal,8831.51
TX1001160,CUST1726,ACC104546,2024-01-09,WITHDRAWAL,9196.52
TX1001161,CUST2633,ACC187235,2024-11-12,POS,14695.76
TX1001162,CUST1529,ACC141542,2024-03-27,Deposit,11660.95
TX1001163,CUST1697,ACC145068,2024-06-13,Bank Transfer,13144.9
TX1001164,CUST1572,ACC119391,2024-07-08,Withdrawal,17628.0
TX1001165,CUST2802,ACC148878,2024-01-20,Bank Transfer,8526.32
TX1001166,CUST2220,ACC158776,2024-03-14,Withdrawal,3733.39
TX1001167,CUST2436,ACC170761,2024-02-23,Deposit,2324.69
TX1001168,CUST2802,ACC121311,2024-12-16,Withdrawal,6767.2
TX1001169,CUST1565,ACC169945,2024-04-29,Withdrawal,19700.41
TX1001170,CUST2138,ACC139526,2024-01-04,Bank Transfer,4762.42
TX1001171,CUST1020,ACC115923,2024-07-14,Bank Transfer,11495.31
TX1001172,CUST2058,ACC103266,2024-01-02,Deposit,13614.78
TX1001173,CUST2941,ACC153026,2024-10-15,Pos Purchase,13978.06
TX1001174,CUST1391,ACC165459,2024-01-30,Deposit,19580.9
TX1001175,CUST1175,ACC119055,2024-07-17,Deposit,11029.47
TX1001176,CUST1494,ACC160036,2024-10-17,Bank Transfer,8181.42
TX1001177,CUST2474,ACC141971,2024-03-02,,10059.14
TX1001178,CUST1832,ACC120454,2024-04-24,POS,18524.62
TX1001179,CUST2000,ACC100562,2024-11-17,Deposit,1411.9
TX1001180,CUST2137,ACC196796,2024-01-19,Deposit,56324.75
TX1001181,CUST2552,ACC171584,2024-10-15,Bank Transfer,12780.22
TX1001182,CUST1492,ACC166507,2024-10-06,Withdrawal,857.68
TX1001183,CUST2414,ACC143421,2024-02-07,Deposit,16572.67
TX1001184,CUST1975,ACC184835,2024-01-11,Deposit,2461.24
TX1001185,CUST2322,ACC192464,2024-11-28,,10427.46
TX1001186,CUST2457,ACC138739,2024-08-31,DEPOSIT,4440.0
TX1001187,CUST2005,ACC162116,2024-10-19,Deposit,4341.33
TX1001188,CUST1917,ACC137988,2024-11-26,POS,2629.13
TX1001189,CUST2623,ACC198849,2024-07-16,POS,
TX1001190,CUST1035,ACC175199,2024-05-24,Bank Transfer,14295.83
TX1001191,CUST1190,ACC187410,2024-12-17,POS,13233.54
TX1001192,CUST1602,ACC119278,2024-11-11,Pos Purchase,35.38
TX1001193,CUST1453,ACC174086,2024-07-17,POS,16300.3
TX1001194,CUST1828,ACC195491,2024-08-18,Withdrawal,10317.34
TX1001195,CUST2416,ACC157947,2024-05-01,deposit,6319.91
TX1001196,CUST1498,ACC144392,2024-12-15,Bank Transfer,16.47
TX1001197,CUST1627,ACC190327,2024-09-08,Withdrawal,17253.51
TX1001198,CUST2359,ACC114721,2024-11-09,POS,3355.33
TX1001199,CUST2191,ACC195897,2024-05-08,Deposit,6781.33
TX1001200,CUST1755,ACC162781,2024-06-25,Deposit,17093.13
TX1001201,CUST1969,ACC105253,2024-11-21,pos,3868.53
TX1001202,CUST2133,ACC118274,2024-08-20,Bank Transfer,10377.98
TX1001203,CUST2087,ACC188867,2024-09-02,Deposit,2127.5
TX1001204,CUST1704,ACC172215,,Deposit,17520.66
TX1001205,CUST1871,ACC115319,2024-08-20,Bank Transfer,633.02
TX1001206,CUST2527,ACC140380,2024-10-01,POS,3695.35
TX1001207,CUST2127,ACC103250,2024-07-03,POS,5893.12
TX1001208,CUST1677,ACC152642,2024-04-24,Bank Transfer,7082.88
TX1001209,CUST1720,ACC180939,2024-03-14,Withdrawal,9319.3
TX1001210,CUST2439,ACC128883,2024-05-26,deposit,19262.54
TX1001211,CUST1929,ACC158454,2024-11-22,Withdrawal,1861.93
TX1001212,CUST1554,ACC146844,2024-03-30,bank-transfer,7501.9
TX1001213,CUST1627,ACC112121,2024-07-17,Bank Transfer,1105.43
TX1001214,CUST1514,ACC142777,2024-05-11,bank-transfer,14956.0
TX1001215,CUST1472,ACC107213,2024-03-23,BankTransfer,13084.97
TX1001216,CUST1247,ACC179711,2024-07-07,Bank Transfer,1821.42
TX1001217,CUST2477,ACC184058,2024-01-11,,5911.12
TX1001218,CUST1394,ACC125578,2024-08-09,Deposit,11368.41
TX1001219,CUST1646,ACC176471,2024-06-02,Withdrawal,
TX1001220,CUST1244,ACC169000,2024-03-14,Deposit,3801.96
TX1001221,CUST2521,ACC129116,2024-01-22,Pos Purchase,8029.43
TX1001222,CUST2097,ACC136428,2024-08-23,POS,15690.36
TX1001223,CUST2947,ACC125652,2024-07-29,pos,7479.81
TX1001224,CUST2560,ACC102955,2024-12-29,Deposit,17542.97
TX1001225,CUST2413,ACC110956,2024-10-04,Withdrawal,6727.5
TX1001226,CUST1379,ACC170570,2024-04-26,Withdrawal,11515.98
TX1001227,CUST1392,ACC158387,2024-07-24,Bank Transfer,13440.14
TX1001228,CUST1443,ACC188744,2024-03-05,POS,14796.5
TX1001229,CUST2512,ACC188022,2024-11-16,WITHDRAWAL,11866.38
TX1001230,CUST1991,ACC111452,2024-06-29,Bank Transfer,16667.95
TX1001231,CUST1566,ACC167081,2024-04-16,Bank Transfer,11532.0
TX1001232,CUST2483,ACC151697,2024-07-26,Bank Transfer,10649.77
TX1001233,CUST2207,ACC125486,2024-08-03,Withdrawal,1638.86
TX1001234,CUST2556,ACC164286,2024-08-01,POS,8667.66
TX1001235,CUST2074,ACC141649,2024-08-23,Deposit,13208.68
TX1001236,CUST2222,ACC179058,2024-08-19,POS,1545.29
TX1001237,CUST1579,ACC179308,2024-08-15,Withdrawal,165.66
TX1001238,CUST1205,ACC167050,2024-07-17,Deposit,239.25
TX1001239,CUST2705,ACC107346,2024-08-25,POS,-6230.67
TX1001240,CUST1397,ACC187394,2024-07-05,Deposit,18958.93
TX1001241,CUST1606,ACC147325,2024-06-21,Withdrawal,11952.94
TX1001242,CUST1465,ACC152108,2024-06-15,Bank Transfer,-4088.11
TX1001243,CUST1739,ACC119391,2024-12-06,bank-transfer,3267.09
TX1001244,CUST1367,ACC193842,2024-07-23,POS,16713.19
TX1001245,CUST1619,ACC156051,2024-03-09,WITHDRAWAL,19165.49
TX1001246,CUST1028,ACC148448,2024-09-28,POS,11174.41
TX1001247,CUST2450,ACC150608,2024-04-15,withdrawal,14310.61
TX1001248,CUST2093,ACC148867,2024-05-05,POS,15630.45
TX1001249,CUST1259,ACC101597,2024-04-21,POS,18715.89
TX1001250,CUST1561,ACC137309,2024-12-30,Withdrawal,7319.15
TX1001251,CUST1093,ACC145209,2024-04-07,Deposit,9813.01
TX1001252,CUST2995,ACC146052,2024-10-18,Bank Transfer,18236.45
TX1001253,CUST1111,ACC140381,2024-04-09,Deposit,2037.25
TX1001254,CUST2133,ACC158402,2024-12-03,POS,
TX1001255,CUST1598,ACC173535,2024-11-12,Withdrawal,3082.43
TX1001256,CUST2428,ACC111481,2024-07-05,Deposit,11823.92
TX1001257,CUST2933,ACC128271,2024-08-25,POS,4158.64
TX1001258,CUST1258,ACC195401,2024-10-07,Withdrawal,2818.54
TX1001259,CUST2306,ACC158224,2024-07-28,Deposit,15250.5
TX1001260,CUST2778,ACC197193,2024-07-10,Withdrawal,5596.18
TX1001261,CUST2541,ACC154474,2024-11-25,Deposit,7066.76
TX1001262,CUST2005,ACC157999,2024-06-06,Bank Transfer,19234.79
TX1001263,CUST1210,ACC137831,2024-04-19,POS,851.4
TX1001264,CUST2787,ACC121468,2024-07-20,Bank Transfer,17431.96
TX1001265,CUST1025,ACC195420,2024-03-13,POS,17193.5
TX1001266,CUST2175,ACC155552,2024-08-28,,16169.29
TX1001267,CUST1582,ACC195499,2024-02-25,BankTransfer,836.56
TX1001268,CUST1961,ACC154289,2024-10-04,Deposit,5263.6
TX1001269,CUST1980,ACC118293,2024-11-29,Withdrawal,19840.6
TX1001270,CUST1902,ACC176962,2024-08-19,Pos Purchase,4271.82
TX1001271,CUST1697,ACC178372,2024-06-02,POS,17456.91
TX1001272,CUST1377,ACC111282,2024-11-15,Bank Transfer,1470.1
TX1001273,CUST2977,ACC118827,2024-07-30,Bank Transfer,18579.04
TX1001274,CUST1105,ACC127234,2024-01-27,withdrawal,9925.57
TX1001275,CUST1517,ACC139745,2024-04-12,Deposit,10447.78
TX1001276,CUST2927,ACC162208,2024-04-21,bank-transfer,6981.64
TX1001277,CUST2764,ACC168852,2024-06-21,POS,3098.45
TX1001278,CUST1978,ACC143963,2024-10-09,Bank Transfer,
TX1001279,CUST1233,ACC108665,2024-03-21,Deposit,10822.62
TX1001280,CUST2683,ACC177421,2024-12-03,Bank Transfer,7779.31
TX1001281,CUST1133,ACC199105,2024-07-15,Bank Transfer,2133.27
TX1001282,CUST1820,ACC149253,2024-09-21,POS,13813.21
TX1001283,CUST2007,ACC111593,2024-08-09,pos,17926.96
TX1001284,CUST1151,ACC100867,2024-04-02,Deposit,19633.01
TX1001285,CUST2181,ACC153668,2024-08-14,Deposit,18103.26
TX1001286,CUST2289,ACC183729,2024-01-13,WITHDRAWAL,15781.97
TX1001287,CUST2405,ACC135825,2024-12-21,Withdrawal,14815.72
TX1001288,CUST1109,ACC154331,2024-04-15,bank-transfer,14419.09
TX1001289,CUST1310,ACC122923,2024-07-16,,12996.83
TX1001290,CUST1305,ACC172851,2024-10-17,bank-transfer,18337.83
TX1001291,CUST2661,ACC160570,2024-12-07,POS,19893.6
TX1001292,CUST2152,ACC193093,2024-03-29,Withdrawal,11842.26
TX1001293,CUST2943,ACC174437,2024-05-19,POS,16605.04
TX1001294,CUST1622,ACC198991,2024-12-14,Withdrawal,18864.42
TX1001295,CUST1174,ACC117947,2024-10-15,Bank Transfer,8592.23
TX1001296,CUST1508,ACC126117,2024-03-20,Deposit,9812.83
TX1001297,CUST1242,ACC124380,2024-11-24,POS,
TX1001298,CUST2142,ACC150039,2024-07-24,POS,2212.25
TX1001299,CUST2565,ACC137940,2024-10-21,POS,11091.8
TX1001300,CUST1852,ACC172596,2024-04-11,Bank Transfer,970.85
TX1001301,CUST2241,ACC164302,2024-03-18,Withdrawal,12867.97
TX1001302,CUST2220,ACC105535,2024-07-29,Deposit,10845.43
TX1001303,CUST2619,ACC139582,2024-06-11,POS,17985.36
TX1001304,CUST2266,ACC176704,2024-08-27,POS,13347.84
TX1001305,CUST1462,ACC139834,2024-05-05,Withdrawal,2643.88
TX1001306,CUST2588,ACC164762,2024-03-07,Withdrawal,13366.81
TX1001307,CUST2070,ACC173306,2024-09-06,POS,12904.95
TX1001308,CUST1779,ACC196974,2024-06-10,Deposit,4608.15
TX1001309,CUST1922,ACC160745,2024-11-08,Withdrawal,13594.15
TX1001310,CUST2860,ACC129428,2024-11-09,Bank Transfer,16876.69
TX1001311,CUST1906,ACC103517,2024-09-28,withdrawal,18524.04
TX1001312,CUST1608,ACC100320,2024-11-17,POS,3921.38
TX1001313,CUST2761,ACC120188,2024-01-19,POS,-3650.37
TX1001314,CUST2205,ACC134429,2024-12-12,POS,7149.97
TX1001315,CUST1878,ACC139343,2024-02-19,,17497.58
TX1001316,CUST1625,ACC183958,2024-02-03,Bank Transfer,10164.29
TX1001317,CUST2164,ACC183435,2024-02-13,Withdrawal,9911.47
TX1001318,CUST2271,ACC161936,2024-01-11,Withdrawal,14415.66
TX1001319,CUST1123,ACC116276,2024-01-05,POS,2721.8
TX1001320,CUST2248,ACC185696,2024-01-28,POS,8589.53
TX1001321,CUST2966,ACC187282,2024-06-18,,3021.36
TX1001322,CUST2515,ACC137707,2024-02-16,withdrawal,2309.29
TX1001323,CUST1203,ACC154677,2024-06-09,Bank Transfer,5696.93
TX1001324,CUST2940,ACC123510,2024-07-01,Bank Transfer,13258.37
TX1001325,CUST2562,ACC164472,2024-04-13,POS,12004.66
TX1001326,CUST1425,ACC190156,2024-03-18,Withdrawal,11103.88
TX1001327,CUST2281,ACC184513,2024-04-19,Withdrawal,13753.6
TX1001328,CUST1432,ACC132079,2024-06-06,Deposit,14025.27
TX1001329,CUST1541,ACC103728,2024-02-03,Bank Transfer,19928.89
TX1001330,CUST2352,ACC115644,2024-07-04,Bank Transfer,16311.01
TX1001331,CUST1166,ACC136335,2024-11-15,Bank Transfer,16917.91
TX1001332,CUST1321,ACC164625,2024-06-10,Bank Transfer,17630.65
TX1001333,CUST1491,ACC108745,2024-10-25,deposit,14080.82
TX1001334,CUST1355,ACC178497,2024-08-16,Bank Transfer,12668.98
TX1001335,CUST2130,ACC197722,2024-08-31,BankTransfer,11418.7
TX1001336,CUST1153,ACC147416,2024-06-22,Withdrawal,8097.18
TX1001337,CUST1320,ACC176161,2024-12-26,Withdrawal,10955.98
TX1001338,CUST1005,ACC162978,2024-03-30,,19338.06
TX1001339,CUST1836,ACC174130,2024-05-28,POS,
TX1001340,CUST1922,ACC157156,2024-06-04,Deposit,6882.16
TX1001341,CUST2411,ACC133804,2024-02-21,Bank Transfer,1790.18
TX1001342,CUST2216,ACC182312,2024-10-14,withdrawal,2828.23
TX1001343,CUST1962,ACC189903,2024-03-22,Bank Transfer,988.57
TX1001344,CUST1596,ACC162395,2024-03-18,Pos Purchase,4350.88
TX1001345,CUST1066,ACC190996,2024-03-24,Deposit,
TX1001346,CUST1474,ACC115674,2024-07-31,Bank Transfer,10382.15
TX1001347,CUST1590,ACC148916,2024-03-01,Withdrawal,8104.91
TX1001348,CUST2447,ACC167177,2024-09-29,Bank Transfer,5488.96
TX1001349,CUST1579,ACC196070,2024-11-12,POS,2073.34
TX1001350,CUST2439,ACC175400,2024-07-28,POS,13783.84
TX1001351,CUST2760,ACC102299,2024-03-22,Deposit,11140.38
TX1001352,CUST1929,ACC134018,2024-10-14,POS,276.45
TX1001353,CUST1145,ACC121344,2024-10-09,BankTransfer,5109.62
TX1001354,CUST2407,ACC176238,2024-11-17,deposit,15926.97
TX1001355,CUST1478,ACC107669,2024-08-28,Bank Transfer,8147.33
TX1001356,CUST2892,ACC119154,2024-12-24,Bank Transfer,859.6
TX1001357,CUST1541,ACC141901,2024-05-23,Bank Transfer,10826.9
TX1001358,CUST2613,ACC160429,2024-12-19,Pos Purchase,1516.78
TX1001359,CUST2620,ACC190869,2024-05-07,POS,12227.58
TX1001360,CUST2280,ACC117759,2024-02-28,BankTransfer,18141.66
TX1001361,CUST2207,ACC146843,2024-12-05,WITHDRAWAL,5140.52
TX1001362,CUST2354,ACC121405,2024-03-16,Withdrawal,16090.8
TX1001363,CUST2646,ACC106932,2024-08-15,Bank Transfer,11040.7
TX1001364,CUST2912,ACC135739,2024-02-19,Withdrawal,4729.35
TX1001365,CUST1405,ACC147338,2024-01-21,Withdrawal,8502.79
TX1001366,CUST1870,ACC154986,2024-03-10,POS,6520.41
TX1001367,CUST1235,ACC183394,2024-07-14,POS,
TX1001368,CUST2115,ACC146659,2024-08-30,POS,17506.88
TX1001369,CUST1460,ACC106385,2024-07-13,BankTransfer,606.44
TX1001370,CUST2326,ACC137992,2024-09-01,POS,8084.76
TX1001371,CUST1305,ACC138228,2024-03-28,Withdrawal,
TX1001372,CUST2860,ACC169417,2024-01-11,Withdrawal,16232.99
TX1001373,CUST1544,ACC183747,2024-10-27,Deposit,14806.65
TX1001374,CUST2692,ACC110069,2024-12-18,Withdrawal,16574.4
TX1001375,CUST1291,ACC167353,2024-07-04,Withdrawal,18235.33
TX1001376,CUST1146,ACC125403,2024-08-13,Withdrawal,704.28
TX1001377,CUST1122,ACC182317,2024-10-26,POS,16555.64
TX1001378,CUST1339,ACC124018,2024-10-19,Deposit,13849.29
TX1001379,CUST2623,ACC112387,2024-04-03,Deposit,9140.1
TX1001380,CUST1629,ACC178480,2024-08-17,Deposit,6816.2
TX1001381,CUST2218,ACC198648,2024-01-11,POS,8649.65
TX1001382,CUST2533,ACC121906,2024-09-08,Bank Transfer,11154.46
TX1001383,CUST2688,ACC171265,2024-12-09,POS,13688.3
TX1001384,CUST2165,ACC142284,2024-10-17,POS,12757.19
TX1001385,CUST2886,ACC141446,2024-06-25,Deposit,18291.91
TX1001386,CUST1591,ACC189780,2024-06-22,POS,6974.26
TX1001387,CUST1899,ACC139462,2024-02-13,Deposit,13080.69
TX1001388,CUST1254,ACC135580,2024-07-08,POS,9747.36
TX1001389,CUST1959,ACC189842,2024-02-05,Withdrawal,2841.78
TX1001390,CUST2410,ACC191483,2024-03-31,Deposit,19656.21
TX1001391,CUST1622,ACC190222,2024-03-10,Bank Transfer,1572.7
TX1001392,CUST2433,ACC147516,2024-11-15,Withdrawal,2870.07
TX1001393,CUST1824,ACC112561,2024-06-02,Bank Transfer,12377.07
TX1001394,CUST2930,ACC170047,2024-12-12,Deposit,331.36
TX1001395,CUST1557,ACC176027,2024-07-20,Bank Transfer,12409.76
TX1001396,CUST2024,ACC146088,2024-03-17,Bank Transfer,9091.47
TX1001397,CUST2105,ACC118837,2024-02-26,POS,17189.3
TX1001398,CUST2011,ACC101690,2024-12-08,Withdrawal,13014.34
TX1001399,CUST1896,ACC117950,2024-04-10,Deposit,18154.94
TX1001400,CUST1164,ACC167917,2024-11-20,Bank Transfer,3591.04
TX1001401,CUST2224,ACC136885,2024-06-13,Deposit,16960.96
TX1001402,CUST1081,ACC148891,2024-05-29,Deposit,13492.91
TX1001403,CUST2821,ACC163556,2024-12-30,POS,12545.74
TX1001404,CUST1884,ACC154000,2024-02-12,Deposit,5760.22
TX1001405,CUST2504,ACC144605,2024-06-30,Withdrawal,8130.67
TX1001406,CUST1660,ACC121368,2024-11-04,Withdrawal,7816.78
TX1001407,CUST2236,ACC113424,2024-09-10,Withdrawal,1720.65
TX1001408,CUST1512,ACC128557,2024-01-09,Deposit,12015.4
TX1001409,CUST1052,ACC120257,2024-11-14,Withdrawal,6914.48
TX1001410,CUST1187,ACC165979,2024-10-29,Deposit,907.48
TX1001411,CUST1468,ACC128981,2024-08-01,Deposit,7821.01
TX1001412,CUST2969,ACC124696,2024-03-27,Withdrawal,17135.04
TX1001413,CUST2380,ACC173224,2024-07-05,Bank Transfer,5720.96
TX1001414,CUST2712,ACC180403,2024-05-09,Withdrawal,2788.29
TX1001415,CUST2762,ACC190394,2024-04-08,POS,19608.4
TX1001416,CUST2178,ACC168898,2024-09-19,Bank Transfer,8023.08
TX1001417,CUST2202,ACC169742,2024-05-23,POS,9393.57
TX1001418,CUST2947,ACC193394,2024-09-23,Deposit,5876.93
TX1001419,CUST1042,ACC172235,2024-01-13,Deposit,14246.87
TX1001420,CUST2566,ACC192047,2024-09-07,BankTransfer,17803.84
TX1001421,CUST2376,ACC199130,2024-06-12,WITHDRAWAL,6410.17
TX1001422,CUST2682,ACC114937,2024-03-26,Deposit,18133.67
TX1001423,CUST1551,ACC154702,2024-01-27,POS,2703.67
TX1001424,CUST2180,ACC160357,2024-11-28,POS,15648.54
TX1001425,CUST1082,ACC110013,2024-05-02,Deposit,13730.77
TX1001426,CUST2562,ACC115278,2024-12-24,Deposit,2598.25
TX1001427,CUST2548,ACC117200,2024-06-05,bank-transfer,16134.7
TX1001428,CUST1358,ACC102277,2024-05-14,POS,19146.72
TX1001429,CUST1963,ACC162851,2024-08-17,Withdrawal,1705.2
TX1001430,CUST2062,ACC145640,2024-08-09,POS,15173.51
TX1001431,CUST2334,ACC140838,2024-06-21,Deposit,7745.06
TX1001432,CUST1905,ACC190577,2024-01-21,Bank Transfer,15376.87
TX1001433,CUST2876,ACC147522,2024-05-19,Deposit,10807.46
TX1001434,CUST1569,ACC118220,2024-12-02,withdrawal,8713.37
TX1001435,CUST1371,ACC157925,2024-08-22,POS,15362.19
TX1001436,CUST2198,ACC178335,2024-12-03,Bank Transfer,6175.75
TX1001437,CUST1892,ACC168566,2024-02-11,WITHDRAWAL,10446.65
TX1001438,CUST2300,ACC144832,2024-06-19,bank-transfer,5408.67
TX1001439,CUST2667,ACC122571,2024-10-09,DEPOSIT,18825.17
TX1001440,CUST2007,ACC193047,2024-01-17,POS,17523.82
TX1001441,CUST2984,ACC139935,2024-03-07,Withdrawal,11893.98
TX1001442,CUST1186,ACC103769,2024-11-15,BankTransfer,12630.22
TX1001443,CUST1962,ACC197577,2024-01-06,withdrawal,15724.15
TX1001444,CUST1712,ACC115544,2024-10-20,POS,8267.15
TX1001445,CUST1836,ACC129144,2024-01-10,Withdrawal,13012.83
TX1001446,CUST1682,ACC116870,2024-06-03,Deposit,2507.47
TX1001447,CUST1657,ACC190995,2024-07-13,POS,7397.86
TX1001448,CUST2372,ACC118659,,Deposit,3156.45
TX1001449,CUST1214,ACC190183,2024-08-28,deposit,9957.76
TX1001450,CUST2756,ACC129697,2024-07-13,POS,9826.52
TX1001451,CUST1329,ACC140295,2024-07-17,POS,
TX1001452,CUST1675,ACC116429,2024-01-19,BankTransfer,905.66
TX1001453,CUST1843,ACC127504,2024-12-21,Deposit,1267.48
TX1001454,CUST2420,ACC117067,2024-12-10,Withdrawal,7284.82
TX1001455,CUST2014,ACC110302,2024-05-18,Deposit,18695.79
TX1001456,CUST1590,ACC155680,2024-12-22,withdrawal,19037.39
TX1001457,CUST2356,ACC190546,2024-07-11,Bank Transfer,4133.57
TX1001458,CUST2935,ACC114643,2024-06-20,Bank Transfer,14338.8
TX1001459,CUST1820,ACC110188,2024-07-06,Deposit,2958.88
TX1001460,CUST2666,ACC102464,2024-09-19,Withdrawal,2967.7
TX1001461,CUST2557,ACC163472,2024-08-05,deposit,3594.44
TX1001462,CUST2126,ACC199265,2024-07-27,Pos Purchase,4069.55
TX1001463,CUST1075,ACC156524,2024-12-28,Deposit,3035.92
TX1001464,CUST1931,ACC105572,2024-06-24,Withdrawal,16557.8
TX1001465,CUST1180,ACC125736,2024-03-08,Withdrawal,7811.66
TX1001466,CUST1644,ACC114131,2024-06-26,Withdrawal,686.59
TX1001467,CUST1516,ACC104298,2024-05-13,POS,10424.77
TX1001468,CUST1662,ACC186479,2024-10-09,Withdrawal,14905.05
TX1001469,CUST1237,ACC167302,2024-04-08,POS,10454.39
TX1001470,CUST2986,ACC177748,2024-09-07,Withdrawal,12389.83
TX1001471,CUST2582,ACC107768,2024-05-24,Pos Purchase,12008.07
TX1001472,CUST1827,ACC161483,2024-05-16,Withdrawal,17572.62
TX1001473,CUST2771,ACC115587,2024-02-12,deposit,9057.8
TX1001474,CUST2053,ACC133162,2024-08-18,POS,2168.93
TX1001475,CUST2689,ACC105672,2024-12-09,Withdrawal,19116.24
TX1001476,CUST1002,ACC108683,2024-02-13,Bank Transfer,1140.74
TX1001477,CUST2346,ACC139537,2024-12-07,Deposit,15456.57
TX1001478,CUST2780,ACC187501,2024-06-12,Bank Transfer,175.01
TX1001479,CUST2111,ACC101346,2024-09-17,POS,7206.01
TX1001480,CUST1946,ACC198900,2024-02-28,Deposit,14645.7
TX1001481,CUST1846,ACC112648,2024-01-12,Withdrawal,4560.96
TX1001482,CUST1111,ACC116225,2024-03-06,POS,3992.37
TX1001483,CUST1384,ACC178878,2024-02-24,POS,1762.26
TX1001484,CUST2061,ACC126922,2024-05-04,Withdrawal,14382.65
TX1001485,CUST1740,ACC177018,2024-02-08,POS,10305.56
TX1001486,CUST2275,ACC126217,2024-03-31,Bank Transfer,7435.62
TX1001487,CUST2549,ACC124219,2024-07-10,Withdrawal,8280.04
TX1001488,CUST2020,ACC187896,2024-02-03,,6594.45
TX1001489,CUST2280,ACC146076,2024-03-19,Withdrawal,19213.99
TX1001490,CUST1905,ACC103835,2024-10-19,Bank Transfer,12477.29
TX1001491,CUST2556,ACC111898,2024-05-01,Bank Transfer,5770.22
TX1001492,CUST1105,ACC119078,2024-02-14,Withdrawal,2996.78
TX1001493,CUST1416,ACC197805,2024-02-08,POS,2996.97
TX1001494,CUST1546,ACC136356,2024-01-05,Bank Transfer,14514.77
TX1001495,CUST2124,ACC175989,2024-01-07,Bank Transfer,14225.05
TX1001496,CUST1268,ACC145591,2024-06-23,Deposit,142.51
TX1001497,CUST2899,ACC146163,2024-11-12,Deposit,1713.1
TX1001498,CUST1589,ACC121044,2024-02-06,Deposit,2946.21
TX1001499,CUST1897,ACC165619,2024-03-20,POS,17564.83
TX1001500,CUST2803,ACC195493,2024-10-25,Bank Transfer,5424.64
TX1001501,CUST2430,ACC180341,2024-11-16,Deposit,5170.28
TX1001502,CUST1992,ACC131696,2024-08-23,Deposit,14885.96
TX1001503,CUST1248,ACC166179,2024-11-19,POS,14513.49
TX1001504,CUST1059,ACC174741,2024-06-18,Bank Transfer,15858.68
TX1001505,CUST2993,ACC108957,2024-12-06,Pos Purchase,5550.5
TX1001506,CUST2290,ACC112989,2024-02-24,deposit,13970.0
TX1001507,CUST2246,ACC175777,2024-11-09,Withdrawal,15977.68
TX1001508,CUST2636,ACC101832,2024-03-03,Deposit,5627.94
TX1001509,CUST1490,ACC169315,2024-01-29,Deposit,629.07
TX1001510,CUST2453,ACC128442,2024-12-26,Deposit,18067.91
TX1001511,CUST1324,ACC193822,2024-03-12,Withdrawal,18525.5
TX1001512,CUST1636,ACC125106,2024-04-12,Deposit,9714.7
TX1001513,CUST2128,ACC136943,2024-02-11,Withdrawal,4456.69
TX1001514,CUST1028,ACC122514,2024-04-05,withdrawal,13896.39
TX1001515,CUST2131,ACC198830,2024-02-16,,16009.17
TX1001516,CUST1835,ACC170402,2024-02-16,Bank Transfer,3944.72
TX1001517,CUST1190,ACC100567,2024-01-02,Bank Transfer,16858.18
TX1001518,CUST1460,ACC195072,2024-08-09,Withdrawal,9316.87
TX1001519,CUST2723,ACC112934,2024-12-17,Deposit,16691.12
TX1001520,CUST2869,ACC128051,2024-04-29,,11838.9
TX1001521,CUST1232,ACC166085,2024-04-17,Bank Transfer,-10884.39
TX1001522,CUST1945,ACC192767,2024-01-26,Withdrawal,13786.6
TX1001523,CUST2939,ACC162221,2024-02-10,Withdrawal,6081.7
TX1001524,CUST1240,ACC148033,2024-07-17,Withdrawal,15128.94
TX1001525,CUST2326,ACC191505,2024-06-13,Withdrawal,1942.41
TX1001526,CUST2704,ACC177251,2024-11-16,Deposit,2304.0
TX1001527,CUST1315,ACC124264,2024-09-28,pos,18611.9
TX1001528,CUST2020,ACC157627,2024-04-08,Withdrawal,2953.98
TX1001529,CUST2910,ACC188280,2024-08-31,Withdrawal,1863.66
TX1001530,CUST2467,ACC114067,2024-04-11,Withdrawal,9846.8
TX1001531,CUST1597,ACC123704,2024-12-28,DEPOSIT,18807.04
TX1001532,CUST2042,ACC146507,2024-09-10,Withdrawal,17311.22
TX1001533,CUST2444,ACC149756,2024-11-05,Withdrawal,18025.01
TX1001534,CUST1559,ACC155586,2024-12-27,Bank Transfer,10345.73
TX1001535,CUST1850,ACC128085,2024-04-05,bank-transfer,10049.94
TX1001536,CUST2709,ACC167403,2024-08-28,Deposit,13066.34
TX1001537,CUST1988,ACC129825,2024-05-27,WITHDRAWAL,19202.68
TX1001538,CUST1967,ACC153422,2024-12-12,Bank Transfer,16082.33
TX1001539,CUST1499,ACC114790,2024-10-30,Bank Transfer,11341.57
TX1001540,CUST1935,ACC199799,2024-02-01,Bank Transfer,3020.57
TX1001541,CUST2128,ACC141193,2024-08-14,Deposit,6221.54
TX1001542,CUST1296,ACC116202,2024-04-04,withdrawal,19468.75
TX1001543,CUST1785,ACC161066,2024-09-16,Withdrawal,6882.63
TX1001544,CUST1390,ACC114459,2024-01-04,Bank Transfer,9268.65
TX1001545,CUST2887,ACC168121,2024-02-10,Bank Transfer,15449.41
TX1001546,CUST2227,ACC117814,2024-03-31,Bank Transfer,15098.86
TX1001547,CUST2040,ACC164987,2024-04-11,Deposit,8710.03
TX1001548,CUST2528,ACC199912,2024-05-14,Withdrawal,4348.72
TX1001549,CUST2800,ACC147349,2024-03-14,POS,6656.6
TX1001550,CUST1279,ACC192370,2024-10-04,Bank Transfer,10083.66
TX1001551,CUST2769,ACC137784,2024-10-21,Withdrawal,9038.65
TX1001552,CUST1142,ACC173024,2024-04-06,Withdrawal,5651.99
TX1001553,CUST1565,ACC194651,2024-12-24,Withdrawal,18883.76
TX1001554,CUST2582,ACC105322,2024-03-04,BankTransfer,6943.08
TX1001555,CUST2617,ACC110780,2024-12-25,Withdrawal,2558.66
TX1001556,CUST2749,ACC143006,2024-02-08,Pos Purchase,4272.01
TX1001557,CUST1849,ACC164711,2024-04-06,Withdrawal,14048.41
TX1001558,CUST1696,ACC115167,2024-04-05,POS,10050.35
TX1001559,CUST2913,ACC150434,2024-06-13,Withdrawal,19007.5
TX1001560,CUST2613,ACC137173,2024-04-26,pos,2882.68
TX1001561,CUST2039,ACC159892,2024-03-24,Withdrawal,14982.22
TX1001562,CUST1547,ACC178694,2024-07-21,withdrawal,19842.89
TX1001563,CUST2680,ACC196491,2024-11-21,WITHDRAWAL,16481.06
TX1001564,CUST1005,ACC140895,2024-10-30,Bank Transfer,2990.38
TX1001565,CUST1579,ACC190052,2024-05-31,Withdrawal,6223.22
TX1001566,CUST2486,ACC158190,2024-11-03,Deposit,14959.56
TX1001567,CUST1611,ACC129605,2024-07-30,BankTransfer,2573.95
TX1001568,CUST2715,ACC172602,2024-09-16,Bank Transfer,6445.38
TX1001569,CUST2202,ACC153383,2024-11-23,Bank Transfer,6545.44
TX1001570,CUST2187,ACC138088,2024-05-26,DEPOSIT,1361.49
TX1001571,CUST2351,ACC156093,2024-04-21,,9324.16
TX1001572,CUST2002,ACC124744,2024-08-06,,10532.47
TX1001573,CUST2772,ACC109123,2024-05-08,POS,11146.4
TX1001574,CUST1304,ACC162347,2024-06-25,Bank Transfer,3739.46
TX1001575,CUST1914,ACC189015,2024-05-03,bank-transfer,514.59
TX1001576,CUST2103,ACC148161,2024-09-28,Bank Transfer,930.79
TX1001577,CUST1991,ACC123500,2024-01-04,deposit,4998.06
TX1001578,CUST1706,ACC101675,2024-12-01,deposit,6734.82
TX1001579,CUST1680,ACC188363,2024-12-15,deposit,4615.72
TX1001580,CUST2130,ACC164441,2024-05-08,Pos Purchase,14726.97
TX1001581,CUST2562,ACC188092,2024-05-24,Withdrawal,3741.89
TX1001582,CUST2112,ACC113785,2024-03-23,deposit,19244.05
TX1001583,CUST1772,ACC151952,2024-02-03,POS,3185.17
TX1001584,CUST1932,ACC157417,2024-02-01,Withdrawal,19740.36
TX1001585,CUST2910,ACC168506,2024-02-02,Pos Purchase,8833.2
TX1001586,CUST1659,ACC186317,2024-09-09,POS,9461.57
TX1001587,CUST2780,ACC188672,2024-06-25,DEPOSIT,7600.02
TX1001588,CUST1386,ACC111141,2024-01-31,pos,7583.48
TX1001589,CUST2428,ACC115626,2024-11-13,Withdrawal,894.77
TX1001590,CUST1489,ACC118791,2024-08-08,Bank Transfer,2578.8
TX1001591,CUST2171,ACC151748,2024-02-10,Pos Purchase,10924.18
TX1001592,CUST1784,ACC152510,2024-12-11,Deposit,9907.93
TX1001593,CUST1478,ACC191099,2024-08-16,Deposit,6425.85
TX1001594,CUST2753,ACC177405,2024-01-07,bank-transfer,13928.97
TX1001595,CUST2588,ACC113332,2024-12-11,Withdrawal,10016.07
TX1001596,CUST1841,ACC197180,2024-02-15,Bank Transfer,1589.82
TX1001597,CUST1089,ACC122114,2024-06-12,Deposit,13305.88
TX1001598,CUST1651,ACC108481,2024-10-28,Pos Purchase,1121.75
TX1001599,CUST2525,ACC147672,2024-07-04,POS,9458.03
TX1001600,CUST1968,ACC126094,2024-12-23,Bank Transfer,4160.07
TX1001601,CUST2444,ACC144385,2024-12-14,Deposit,13683.45
TX1001602,CUST2870,ACC126248,2024-11-06,pos,16432.8
TX1001603,CUST2661,ACC177982,2024-12-13,Withdrawal,14338.49
TX1001604,CUST1780,ACC152990,2024-02-03,POS,7806.62
TX1001605,CUST1790,ACC116090,2024-10-18,POS,7204.56
TX1001606,CUST2359,ACC130522,2024-05-14,Deposit,3799.75
TX1001607,CUST2622,ACC155666,2024-06-12,WITHDRAWAL,7434.64
TX1001608,CUST2680,ACC195053,2024-08-18,Deposit,15003.81
TX1001609,CUST2335,ACC165419,2024-07-02,Deposit,2733.92
TX1001610,CUST1311,ACC136505,2024-09-02,Bank Transfer,2576.61
TX1001611,CUST2014,ACC193519,2024-07-08,WITHDRAWAL,13136.77
TX1001612,CUST2975,ACC176273,2024-09-12,POS,698.99
TX1001613,CUST1075,ACC177810,2024-06-02,Bank Transfer,16829.53
TX1001614,CUST1258,ACC135779,2024-09-07,DEPOSIT,14240.33
TX1001615,CUST2028,ACC199130,2024-06-09,,18811.95
TX1001616,CUST2977,ACC184388,2024-10-06,POS,5145.92
TX1001617,CUST2208,ACC152459,2024-04-07,withdrawal,19094.36
TX1001618,CUST1679,ACC146674,2024-04-26,POS,4405.16
TX1001619,CUST2781,ACC162367,2024-10-27,POS,12715.05
TX1001620,CUST1205,ACC187382,2024-03-28,Bank Transfer,2444.41
TX1001621,CUST2790,ACC179058,2024-01-22,POS,16107.34
TX1001622,CUST2730,ACC153011,2024-12-19,Deposit,1641.57
TX1001623,CUST1901,ACC163508,2024-06-29,Withdrawal,18440.29
TX1001624,CUST1204,ACC167032,2024-07-28,Deposit,7115.89
TX1001625,CUST2077,ACC136554,2024-08-26,DEPOSIT,11821.71
TX1001626,CUST2864,ACC119316,2024-08-24,Deposit,17346.62
TX1001627,CUST1935,ACC159589,2024-06-15,POS,7645.2
TX1001628,CUST1031,ACC114160,2024-07-25,Withdrawal,6124.76
TX1001629,CUST2479,ACC116015,2024-08-25,Pos Purchase,14159.47
TX1001630,CUST1295,ACC132858,2024-08-25,Deposit,6244.65
TX1001631,CUST1839,ACC164138,2024-08-19,Bank Transfer,18632.15
TX1001632,CUST2783,ACC165178,2024-03-19,Bank Transfer,4278.54
TX1001633,CUST2340,ACC130254,2024-03-13,Bank Transfer,11907.23
TX1001634,CUST2986,ACC182361,2024-07-16,Withdrawal,12250.48
TX1001635,CUST1316,ACC117643,2024-08-02,BankTransfer,9581.71
TX1001636,CUST1153,ACC103895,2024-01-13,bank-transfer,16217.37
TX1001637,CUST1961,ACC113055,2024-03-12,deposit,13673.67
TX1001638,CUST2600,ACC196704,2024-06-11,Withdrawal,7254.87
TX1001639,CUST2984,ACC106927,2024-07-14,Deposit,4549.36
TX1001640,CUST1542,ACC108942,2024-11-19,BankTransfer,4868.35
TX1001641,CUST1693,ACC165291,2024-03-17,bank-transfer,5539.78
TX1001642,CUST2276,ACC188880,2024-07-23,Withdrawal,11616.76
TX1001643,CUST2418,ACC103506,2024-07-06,pos,9023.96
TX1001644,CUST1814,ACC123474,2024-01-08,pos,12448.2
TX1001645,CUST2330,ACC150152,2024-08-10,Deposit,16841.59
TX1001646,CUST1164,ACC179244,2024-12-04,Bank Transfer,9353.39
TX1001647,CUST2744,ACC189024,2024-03-29,Withdrawal,1853.78
TX1001648,CUST1672,ACC142854,2024-03-18,Bank Transfer,15002.61
TX1001649,CUST2745,ACC120019,2024-10-30,Withdrawal,14928.77
TX1001650,CUST2381,ACC139682,2024-04-04,Deposit,15838.55
TX1001651,CUST2759,ACC181522,2024-04-21,DEPOSIT,6057.87
TX1001652,CUST2092,ACC181688,2024-02-18,Deposit,5896.91
TX1001653,CUST1778,ACC112626,2024-01-09,bank-transfer,11999.11
TX1001654,CUST2954,ACC199637,2024-07-19,Withdrawal,9931.73
TX1001655,CUST1648,ACC110029,2024-08-29,BankTransfer,14780.47
TX1001656,CUST2283,ACC186649,2024-03-17,BankTransfer,10859.33
TX1001657,CUST2471,ACC198514,2024-05-18,bank-transfer,35626.7
TX1001658,CUST2817,ACC168150,2024-06-21,Bank Transfer,11035.45
TX1001659,CUST2555,ACC164512,2024-04-11,Bank Transfer,8272.98
TX1001660,CUST1999,ACC161082,2024-01-12,BankTransfer,1385.7
TX1001661,CUST2786,ACC126467,2024-09-11,POS,10618.35
TX1001662,CUST2108,ACC138477,2024-07-19,BankTransfer,10136.7
TX1001663,CUST1073,ACC186781,2024-03-22,withdrawal,16759.01
TX1001664,CUST2264,ACC165260,2024-06-04,Bank Transfer,9528.49
TX1001665,CUST1140,ACC164258,2024-10-08,bank-transfer,8075.38
TX1001666,CUST1480,ACC166164,2024-05-22,Withdrawal,18961.12
TX1001667,CUST2292,ACC134296,2024-04-26,Deposit,19919.55
TX1001668,CUST2401,ACC171098,2024-04-07,bank-transfer,16181.87
TX1001669,CUST2886,ACC145038,2024-09-06,Bank Transfer,2625.37
TX1001670,CUST1588,ACC170848,2024-11-06,BankTransfer,7333.46
TX1001671,CUST1465,ACC171646,2024-09-12,Deposit,11819.36
TX1001672,CUST2529,ACC102316,2024-08-09,WITHDRAWAL,9987.83
TX1001673,CUST1185,ACC104141,2024-08-10,Deposit,5109.99
TX1001674,CUST1888,ACC156414,2024-03-22,WITHDRAWAL,9132.33
TX1001675,CUST1201,ACC115615,2024-09-06,Bank Transfer,19552.84
TX1001676,CUST2557,ACC150283,2024-12-06,POS,4399.61
TX1001677,CUST2297,ACC158997,2024-01-31,Deposit,2560.0
TX1001678,CUST2441,ACC141229,2024-06-29,pos,18061.42
TX1001679,CUST2787,ACC149327,2024-02-24,POS,11671.6
TX1001680,CUST1205,ACC158006,2024-02-04,POS,910.27
TX1001681,CUST1908,ACC160248,2024-06-14,Withdrawal,18397.3
TX1001682,CUST1340,ACC104716,2024-12-27,DEPOSIT,4295.58
TX1001683,CUST2421,ACC104306,2024-09-01,Withdrawal,3211.96
TX1001684,CUST1613,ACC123182,2024-11-07,Withdrawal,3732.47
TX1001685,CUST2850,ACC172963,2024-05-28,POS,17420.16
TX1001686,CUST1059,ACC186430,2024-03-13,bank-transfer,6436.65
TX1001687,CUST1094,ACC139720,2024-04-30,Deposit,11139.39
TX1001688,CUST1664,ACC192544,2024-09-22,Bank Transfer,18588.29
TX1001689,CUST2630,ACC121514,2024-09-10,Deposit,8785.05
TX1001690,CUST1114,ACC164419,2024-04-20,Withdrawal,5803.86
TX1001691,CUST1600,ACC156450,2024-08-01,Bank Transfer,4142.72
TX1001692,CUST1734,ACC117627,2024-09-08,POS,2362.01
TX1001693,CUST1767,ACC140954,2024-01-07,Pos Purchase,6250.81
TX1001694,CUST1882,ACC193811,2024-06-06,POS,18836.6
TX1001695,CUST1298,ACC150997,2024-11-19,Bank Transfer,14758.72
TX1001696,CUST1500,ACC163891,2024-03-22,Deposit,18063.52
TX1001697,CUST2087,ACC114336,2024-06-22,BankTransfer,4374.68
TX1001698,CUST1843,ACC174560,2024-11-18,deposit,7932.89
TX1001699,CUST2159,ACC188476,2024-06-08,Withdrawal,9271.84
TX1001700,CUST2396,ACC164297,2024-12-16,Withdrawal,9202.04
TX1001701,CUST2623,ACC186517,2024-11-12,Bank Transfer,14463.91
TX1001702,CUST1368,ACC172585,2024-08-07,POS,9932.43
TX1001703,CUST1348,ACC189833,2024-11-09,POS,137.49
TX1001704,CUST1358,ACC170699,2024-03-03,Withdrawal,369.8
TX1001705,CUST1161,ACC175000,2024-11-02,POS,8059.76
TX1001706,CUST2248,ACC161580,2024-03-07,Withdrawal,8228.49
TX1001707,CUST2783,ACC162378,2024-09-28,Deposit,19960.36
TX1001708,CUST1783,ACC173695,2024-05-24,Bank Transfer,15248.78
TX1001709,CUST2269,ACC120487,2024-06-23,POS,8050.31
TX1001710,CUST2399,ACC166412,2024-07-10,POS,84.6
TX1001711,CUST1493,ACC107305,2024-12-18,Withdrawal,19339.91
TX1001712,CUST2019,ACC151299,2024-03-06,Withdrawal,7558.73
TX1001713,CUST2869,ACC134523,2024-07-08,Bank Transfer,
TX1001714,CUST2194,ACC164840,2024-10-16,WITHDRAWAL,3249.46
TX1001715,CUST1293,ACC177469,2024-08-30,deposit,19849.48
TX1001716,CUST1475,ACC149518,2024-02-02,Bank Transfer,17051.47
TX1001717,CUST1944,ACC180863,2024-01-10,Deposit,2411.72
TX1001718,CUST2306,ACC188668,2024-08-16,Deposit,19341.4
TX1001719,CUST1520,ACC146237,2024-07-08,POS,15751.0
TX1001720,CUST1941,ACC137281,2024-08-01,,12903.93
TX1001721,CUST1522,ACC142006,2024-05-06,Withdrawal,2549.91
TX1001722,CUST2365,ACC108050,2024-04-17,Withdrawal,11624.76
TX1001723,CUST1019,ACC103689,2024-06-16,Pos Purchase,18559.35
TX1001724,CUST2840,ACC177393,2024-12-18,pos,17175.76
TX1001725,CUST2647,ACC105913,2024-04-29,Deposit,10073.87
TX1001726,CUST1952,ACC116803,2024-06-09,Deposit,17305.58
TX1001727,CUST2845,ACC148026,2024-11-20,Withdrawal,10748.33
TX1001728,CUST1589,ACC145727,2024-08-31,Bank Transfer,9620.42
TX1001729,CUST2387,ACC197262,2024-05-23,DEPOSIT,15804.82
TX1001730,CUST2119,ACC176541,2024-10-11,Withdrawal,15253.53
TX1001731,CUST1323,ACC103525,2024-06-23,BankTransfer,2681.93
TX1001732,CUST1151,ACC181940,2024-10-22,Pos Purchase,5235.95
TX1001733,CUST1904,ACC144729,2024-06-18,Withdrawal,15810.98
TX1001734,CUST2935,ACC149882,2024-12-23,POS,11977.95
TX1001735,CUST1707,ACC112759,2024-04-09,Withdrawal,3959.25
TX1001736,CUST2203,ACC156118,2024-03-06,pos,231.76
TX1001737,CUST1612,ACC145238,2024-06-13,bank-transfer,5994.29
TX1001738,CUST2308,ACC146840,2024-11-19,Deposit,15587.16
TX1001739,CUST2970,ACC153992,2024-10-20,BankTransfer,12880.5
TX1001740,CUST1868,ACC146041,2024-04-27,Withdrawal,19966.02
TX1001741,CUST2413,ACC107398,2024-12-28,Withdrawal,8623.46
TX1001742,CUST1512,ACC186670,2024-10-30,Withdrawal,
TX1001743,CUST1935,ACC132011,2024-11-08,Bank Transfer,15212.2
TX1001744,CUST2731,ACC132455,2024-05-01,Deposit,18003.68
TX1001745,CUST1618,ACC130752,2024-05-07,withdrawal,-8023.72
TX1001746,CUST1407,ACC184945,2024-09-07,Withdrawal,19332.78
TX1001747,CUST1787,ACC140907,2024-10-15,Deposit,658.91
TX1001748,CUST2747,ACC177664,2024-08-28,Deposit,5470.55
TX1001749,CUST1989,ACC111133,2024-01-10,POS,7052.77
TX1001750,CUST1218,ACC190176,2024-06-09,DEPOSIT,4639.95
TX1001751,CUST1485,ACC108585,2024-09-18,Withdrawal,3642.26
TX1001752,CUST1781,ACC139965,2024-02-18,POS,5054.97
TX1001753,CUST2171,ACC115003,2024-07-15,Deposit,18283.78
TX1001754,CUST1735,ACC144249,2024-03-16,Withdrawal,4119.62
TX1001755,CUST2177,ACC122253,2024-11-15,,6807.63
TX1001756,CUST1605,ACC102583,2024-06-13,withdrawal,16229.34
TX1001757,CUST2432,ACC170571,2024-02-11,Pos Purchase,5549.57
TX1001758,CUST1604,ACC142744,2024-09-27,Bank Transfer,17566.85
TX1001759,CUST1044,ACC104899,2024-09-08,Bank Transfer,11252.81
TX1001760,CUST2699,ACC160412,2024-08-24,Deposit,2258.18
TX1001761,CUST2348,ACC186214,2024-11-04,Bank Transfer,10421.89
TX1001762,CUST1810,ACC155374,2024-05-16,POS,6192.65
TX1001763,CUST1562,ACC174455,2024-02-04,Withdrawal,17205.67
TX1001764,CUST1016,ACC167470,2024-08-18,,8665.61
TX1001765,CUST2159,ACC155203,2024-07-18,Deposit,1970.58
TX1001766,CUST2771,ACC134946,2024-04-08,POS,19337.76
TX1001767,CUST2404,ACC102674,2024-05-21,Bank Transfer,3634.5
TX1001768,CUST2593,ACC191220,2024-12-30,,591.49
TX1001769,CUST2525,ACC161564,2024-03-14,Deposit,7782.08
TX1001770,CUST2993,ACC177068,2024-07-05,Withdrawal,4708.43
TX1001771,CUST1100,ACC102914,2024-01-31,Deposit,11151.03
TX1001772,CUST2864,ACC141486,2024-08-30,Deposit,1776.08
TX1001773,CUST2241,ACC149510,2024-05-06,Deposit,15145.27
TX1001774,CUST2526,ACC174757,2024-04-24,Withdrawal,389.35
TX1001775,CUST2017,ACC151157,2024-11-20,Withdrawal,11186.63
TX1001776,CUST2705,ACC142260,2024-01-02,Bank Transfer,14519.5
TX1001777,CUST2851,ACC175043,2024-06-16,Withdrawal,4518.24
TX1001778,CUST2849,ACC112809,2024-07-01,Withdrawal,7531.53
TX1001779,CUST1586,ACC164010,2024-11-13,Withdrawal,12522.12
TX1001780,CUST2588,ACC113114,2024-09-04,WITHDRAWAL,10585.25
TX1001781,CUST2636,ACC190552,2024-10-14,Bank Transfer,1672.44
TX1001782,CUST1471,ACC188488,2024-03-15,POS,8221.29
TX1001783,CUST2243,ACC126988,2024-05-19,Deposit,6767.63
TX1001784,CUST2642,ACC144035,2024-06-12,Deposit,6998.76
TX1001785,CUST1721,ACC165107,2024-09-05,Withdrawal,7234.98
TX1001786,CUST1448,ACC165898,2024-06-09,POS,19697.5
TX1001787,CUST2303,ACC187475,2024-11-05,Deposit,11054.17
TX1001788,CUST1389,ACC144504,2024-10-01,Deposit,12512.22
TX1001789,CUST2271,ACC121840,2024-04-12,POS,7451.72
TX1001790,CUST1513,ACC180586,2024-11-26,Deposit,18641.7
TX1001791,CUST2388,ACC139258,2024-04-06,Withdrawal,3346.73
TX1001792,CUST2547,ACC147622,2024-11-01,POS,12457.07
TX1001793,CUST2476,ACC157146,2024-11-05,POS,9997.82
TX1001794,CUST2571,ACC126444,2024-03-02,Deposit,15096.56
TX1001795,CUST2350,ACC165136,2024-05-31,Bank Transfer,18428.71
TX1001796,CUST2394,ACC183288,2024-02-01,POS,4179.39
TX1001797,CUST2716,ACC109872,2024-04-09,Bank Transfer,17064.92
TX1001798,CUST1280,ACC170232,2024-09-25,POS,3876.49
TX1001799,CUST2286,ACC128059,2024-09-15,Withdrawal,13790.06
TX1001800,CUST1198,ACC137664,2024-05-24,POS,
TX1001801,CUST2850,ACC134754,2024-05-07,Withdrawal,9935.93
TX1001802,CUST2285,ACC106230,2024-07-11,POS,9782.33
TX1001803,CUST2323,ACC138970,2024-08-04,POS,9229.71
TX1001804,CUST1080,ACC175172,2024-12-24,Withdrawal,10398.14
TX1001805,CUST1632,ACC152694,2024-01-06,Deposit,-9530.06
TX1001806,CUST2615,ACC129607,2024-06-01,Bank Transfer,7328.48
TX1001807,CUST1902,ACC181863,2024-05-13,Withdrawal,4199.9
TX1001808,CUST1068,ACC197371,2024-04-14,Deposit,15768.38
TX1001809,CUST2186,ACC112053,2024-03-14,Deposit,8508.66
TX1001810,CUST1747,ACC194071,2024-05-31,Deposit,
TX1001811,CUST2499,ACC175784,2024-01-13,Bank Transfer,15513.4
TX1001812,CUST1269,ACC112416,2024-01-15,Withdrawal,1795.08
TX1001813,CUST1184,ACC177576,2024-11-29,DEPOSIT,5144.2
TX1001814,CUST2862,ACC144150,2024-11-25,Bank Transfer,11916.35
TX1001815,CUST1604,ACC135830,2024-08-03,Withdrawal,11700.64
TX1001816,CUST1669,ACC108817,2024-02-10,deposit,4408.98
TX1001817,CUST2530,ACC174242,2024-07-07,POS,16282.37
TX1001818,CUST1850,ACC169607,2024-08-26,Deposit,11112.4
TX1001819,CUST1359,ACC162294,2024-03-16,POS,19199.06
TX1001820,CUST1411,ACC155981,2024-08-16,POS,13050.62
TX1001821,CUST1270,ACC127490,2024-11-16,Withdrawal,15990.95
TX1001822,CUST2610,ACC145523,2024-07-14,Withdrawal,3591.33
TX1001823,CUST2104,ACC110048,2024-10-11,Deposit,15734.59
TX1001824,CUST2794,ACC185398,2024-03-21,Withdrawal,17100.76
TX1001825,CUST2989,ACC139563,2024-10-31,Withdrawal,3847.85
TX1001826,CUST1749,ACC166144,2024-08-15,POS,12160.03
TX1001827,CUST2087,ACC139309,2024-06-09,Deposit,269.59
TX1001828,CUST2027,ACC156742,2024-02-25,Deposit,16230.11
TX1001829,CUST2870,ACC186960,2024-05-20,Bank Transfer,16992.0
TX1001830,CUST1558,ACC170772,2024-08-21,Bank Transfer,2308.48
TX1001831,CUST2700,ACC141071,2024-05-21,Deposit,17319.07
TX1001832,CUST1336,ACC126224,2024-04-11,POS,672.83
TX1001833,CUST1526,ACC154304,2024-12-27,Bank Transfer,1509.17
TX1001834,CUST2871,ACC152730,2024-11-06,Withdrawal,4486.64
TX1001835,CUST2688,ACC132933,2024-08-20,Withdrawal,2134.18
TX1001836,CUST2933,ACC181915,2024-05-25,pos,6165.89
TX1001837,CUST1986,ACC167550,2024-03-24,POS,19340.68
TX1001838,CUST2981,ACC159405,2024-10-27,Bank Transfer,6163.28
TX1001839,CUST2651,ACC188022,2024-03-06,deposit,3676.74
TX1001840,CUST1604,ACC171770,2024-06-14,Bank Transfer,3984.2
TX1001841,CUST2528,ACC123671,2024-01-09,Deposit,19436.68
TX1001842,CUST2782,ACC102438,2024-03-04,Withdrawal,9992.83
TX1001843,CUST1693,ACC182292,2024-01-27,POS,3134.11
TX1001844,CUST2647,ACC192187,2024-06-16,Bank Transfer,1500.97
TX1001845,CUST1235,ACC167662,2024-10-09,DEPOSIT,19856.53
TX1001846,CUST1959,ACC124450,2024-09-01,POS,12078.14
TX1001847,CUST2972,ACC175608,2024-07-07,POS,1749.75
TX1001848,CUST1154,ACC165431,2024-03-13,Bank Transfer,17281.5
TX1001849,CUST1288,ACC127912,2024-06-10,POS,10496.24
TX1001850,CUST2544,ACC186613,2024-07-11,POS,7881.66
TX1001851,CUST2979,ACC197282,2024-10-08,Deposit,16006.56
TX1001852,CUST1462,ACC161249,2024-01-14,POS,7695.62
TX1001853,CUST2761,ACC135118,2024-11-17,Deposit,16387.26
TX1001854,CUST2385,ACC183614,2024-08-10,Bank Transfer,16468.05
TX1001855,CUST2483,ACC169824,2024-11-26,Bank Transfer,16512.12
TX1001856,CUST2381,ACC180533,2024-06-14,Pos Purchase,14083.67
TX1001857,CUST1813,ACC156849,2024-07-21,Deposit,380.78
TX1001858,CUST2980,ACC174202,2024-04-01,Bank Transfer,16786.52
TX1001859,CUST2732,ACC195238,2024-06-16,POS,19615.6
TX1001860,CUST2647,ACC182150,2024-11-09,Deposit,13176.89
TX1001861,CUST2141,ACC107848,2024-01-18,POS,11418.03
TX1001862,CUST1749,ACC168454,2024-11-25,Bank Transfer,1800.35
TX1001863,CUST1184,ACC126299,2024-05-24,Bank Transfer,19625.01
TX1001864,CUST2619,ACC147746,2024-06-14,Deposit,9629.34
TX1001865,CUST1808,ACC160619,2024-10-16,POS,10611.01
TX1001866,CUST1028,ACC119365,2024-10-18,Deposit,18443.53
TX1001867,CUST1541,ACC131506,2024-01-21,Deposit,7634.59
TX1001868,CUST2098,ACC119722,2024-09-18,,12265.81
TX1001869,CUST1253,ACC197836,2024-01-29,Withdrawal,11450.19
TX1001870,CUST1931,ACC189824,2024-12-31,Withdrawal,9241.18
TX1001871,CUST1754,ACC139357,2024-03-08,Bank Transfer,4631.02
TX1001872,CUST2377,ACC157067,2024-09-11,Withdrawal,9047.29
TX1001873,CUST2533,ACC153773,2024-02-02,Deposit,19556.39
TX1001874,CUST2376,ACC141766,2024-02-04,bank-transfer,11684.83
TX1001875,CUST1536,ACC108444,2024-03-12,Bank Transfer,7894.13
TX1001876,CUST2197,ACC183090,2024-03-18,withdrawal,910.64
TX1001877,CUST1780,ACC126680,2024-02-22,POS,3632.7
TX1001878,CUST2684,ACC154059,2024-09-24,Bank Transfer,3881.49
TX1001879,CUST2307,ACC134987,2024-03-24,Bank Transfer,3632.27
TX1001880,CUST2925,ACC137623,2024-12-31,BankTransfer,6118.0
TX1001881,CUST1760,ACC184678,2024-04-30,deposit,13495.79
TX1001882,CUST1221,ACC121048,2024-02-17,pos,1152.13
TX1001883,CUST2382,ACC133612,2024-07-03,withdrawal,10183.26
TX1001884,CUST1478,ACC190027,2024-07-01,Withdrawal,7745.21
TX1001885,CUST1965,ACC178804,2024-06-22,WITHDRAWAL,11322.42
TX1001886,CUST1051,ACC130950,2024-02-11,Bank Transfer,19618.51
TX1001887,CUST2268,ACC153197,2024-07-30,BankTransfer,17917.14
TX1001888,CUST2810,ACC131258,2024-06-24,Bank Transfer,18224.32
TX1001889,CUST2931,ACC114884,2024-02-05,deposit,12412.79
TX1001890,CUST2149,ACC119655,2024-09-09,POS,9384.76
TX1001891,CUST1671,ACC125154,2024-07-24,Bank Transfer,13294.82
TX1001892,CUST2874,ACC103631,2024-10-06,POS,15060.9
TX1001893,CUST2249,ACC132189,2024-02-01,Pos Purchase,7287.08
TX1001894,CUST1453,ACC140703,2024-09-25,Withdrawal,18300.96
TX1001895,CUST2326,ACC160838,2024-08-01,Bank Transfer,8884.19
TX1001896,CUST1129,ACC163620,2024-11-24,Bank Transfer,3917.43
TX1001897,CUST2301,ACC173377,,Bank Transfer,76833.65
TX1001898,CUST2687,ACC157164,2024-12-21,deposit,9782.96
TX1001899,CUST1950,ACC155314,2024-03-20,deposit,152.19
TX1001900,CUST2862,ACC184793,2024-10-07,Withdrawal,2321.47
TX1001901,CUST2435,ACC104850,2024-02-15,DEPOSIT,6719.5
TX1001902,CUST1618,ACC126475,2024-04-16,WITHDRAWAL,13559.8
TX1001903,CUST2329,ACC120887,2024-08-17,Bank Transfer,1926.54
TX1001904,CUST1836,ACC135744,2024-03-22,deposit,19301.61
TX1001905,CUST1238,ACC117882,2024-02-29,bank-transfer,13521.79
TX1001906,CUST1286,ACC103819,2024-05-13,Withdrawal,
TX1001907,CUST1092,ACC133868,2024-04-26,POS,16169.41
TX1001908,CUST2937,ACC136408,2024-05-02,WITHDRAWAL,14605.85
TX1001909,CUST1076,ACC186333,2024-01-29,Deposit,17002.45
TX1001910,CUST1623,ACC172182,2024-11-26,Deposit,102.0
TX1001911,CUST2008,ACC123066,,Deposit,19328.57
TX1001912,CUST1237,ACC184448,2024-10-12,Bank Transfer,8485.97
TX1001913,CUST1199,ACC105535,2024-01-13,DEPOSIT,6813.23
TX1001914,CUST1480,ACC194696,2024-01-27,Bank Transfer,10172.64
TX1001915,CUST2817,ACC163680,2024-11-25,Bank Transfer,13760.32
TX1001916,CUST2100,ACC102609,2024-12-23,bank-transfer,17351.0
TX1001917,CUST1277,ACC107251,2024-04-25,Bank Transfer,13736.48
TX1001918,CUST1795,ACC111000,2024-09-02,Withdrawal,8407.82
TX1001919,CUST1929,ACC141144,2024-01-22,Deposit,
TX1001920,CUST1759,ACC178852,2024-01-22,POS,18558.67
TX1001921,CUST2373,ACC139056,2024-04-22,Bank Transfer,10479.67
TX1001922,CUST2944,ACC108333,2024-04-29,Withdrawal,13474.27
TX1001923,CUST2521,ACC153347,2024-03-19,Bank Transfer,9490.91
TX1001924,CUST2426,ACC147636,2024-03-11,pos,94179.3
TX1001925,CUST2937,ACC188037,2024-09-13,Deposit,10024.08
TX1001926,CUST2106,ACC186170,2024-06-12,Withdrawal,19726.34
TX1001927,CUST1858,ACC111836,2024-06-14,Withdrawal,9582.2
TX1001928,CUST2202,ACC152021,2024-07-17,Deposit,16600.77
TX1001929,CUST2520,ACC194926,2024-11-20,Bank Transfer,18409.45
TX1001930,CUST2488,ACC118423,2024-12-09,POS,11827.32
TX1001931,CUST1316,ACC130938,2024-07-21,Deposit,16587.25
TX1001932,CUST2813,ACC114671,2024-01-10,Bank Transfer,18978.36
TX1001933,CUST1849,ACC174838,2024-09-18,,18316.96
TX1001934,CUST2341,ACC196269,2024-05-28,POS,19857.26
TX1001935,CUST1202,ACC165568,2024-09-09,Deposit,8220.33
TX1001936,CUST2707,ACC115812,2024-01-13,WITHDRAWAL,5438.12
TX1001937,CUST2002,ACC168414,2024-12-08,Withdrawal,9928.72
TX1001938,CUST2260,ACC187060,2024-12-31,POS,3372.64
TX1001939,CUST1835,ACC176076,2024-12-22,Withdrawal,4023.28
TX1001940,CUST2923,ACC168846,2024-07-31,POS,9805.14
TX1001941,CUST2948,ACC133004,2024-10-08,Withdrawal,16794.75
TX1001942,CUST1572,ACC165070,2024-02-04,POS,13160.48
TX1001943,CUST1067,ACC111829,2024-01-21,Bank Transfer,17701.57
TX1001944,CUST2413,ACC131205,2024-04-12,POS,15306.65
TX1001945,CUST1758,ACC178619,2024-10-28,POS,7019.5
TX1001946,CUST1444,ACC116027,2024-01-19,Deposit,7880.22
TX1001947,CUST1908,ACC141079,2024-04-16,POS,17438.83
TX1001948,CUST1910,ACC143160,2024-04-27,Bank Transfer,5284.12
TX1001949,CUST2946,ACC176588,2024-10-25,POS,6702.23
TX1001950,CUST1483,ACC196631,2024-09-08,withdrawal,8894.55
TX1001951,CUST2751,ACC151111,2024-01-04,POS,14830.92
TX1001952,CUST1742,ACC198090,2024-06-27,withdrawal,7706.37
TX1001953,CUST1203,ACC197512,2024-12-25,Withdrawal,5193.07
TX1001954,CUST2404,ACC130924,2024-02-11,pos,11671.52
TX1001955,CUST1752,ACC155426,2024-10-24,Withdrawal,5308.9
TX1001956,CUST2115,ACC128574,2024-07-07,withdrawal,8857.95
TX1001957,CUST2846,ACC118910,2024-09-17,Deposit,1575.35
TX1001958,CUST2320,ACC114000,2024-03-25,,7078.13
TX1001959,CUST1734,ACC122957,2024-07-22,Pos Purchase,12570.86
TX1001960,CUST1124,ACC128063,2024-04-18,Deposit,14768.15
TX1001961,CUST1815,ACC135985,2024-03-18,bank-transfer,5508.77
TX1001962,CUST1565,ACC157602,2024-10-01,deposit,8872.62
TX1001963,CUST1388,ACC153526,2024-01-04,Deposit,5062.3
TX1001964,CUST2982,ACC133332,2024-11-17,Withdrawal,6401.13
TX1001965,CUST1250,ACC177264,2024-11-14,POS,731.22
TX1001966,CUST2943,ACC107330,2024-05-24,bank-transfer,12774.14
TX1001967,CUST2736,ACC164272,2024-05-16,,5071.22
TX1001968,CUST2687,ACC169922,2024-10-11,Deposit,15495.31
TX1001969,CUST1931,ACC149113,2024-07-10,Deposit,4834.34
TX1001970,CUST1187,ACC191700,2024-09-18,Pos Purchase,9908.15
TX1001971,CUST2357,ACC114806,2024-07-17,Bank Transfer,12014.31
TX1001972,CUST1434,ACC141482,2024-03-22,Deposit,121.15
TX1001973,CUST2314,ACC171531,2024-04-13,POS,14502.25
TX1001974,CUST2309,ACC155545,2024-11-07,POS,13587.73
TX1001975,CUST2222,ACC162240,2024-05-11,Deposit,14963.26
TX1001976,CUST2988,ACC189487,2024-06-20,Bank Transfer,12226.72
TX1001977,CUST1043,ACC132289,2024-04-10,Withdrawal,6303.26
TX1001978,CUST1103,ACC136403,2024-06-16,Bank Transfer,4547.54
TX1001979,CUST2611,ACC118993,2024-05-13,POS,12478.63
TX1001980,CUST1683,ACC147578,2024-07-20,Bank Transfer,6662.0
TX1001981,CUST1498,ACC162288,2024-03-02,deposit,549.44
TX1001982,CUST1257,ACC193804,2024-11-29,bank-transfer,8824.12
TX1001983,CUST2611,ACC148200,2024-05-26,Deposit,16296.68
TX1001984,CUST2156,ACC140392,2024-08-19,withdrawal,5600.36
TX1001985,CUST1420,ACC102762,2024-01-15,Withdrawal,17339.32
TX1001986,CUST1140,ACC184593,2024-08-16,,660.44
TX1001987,CUST2699,ACC179405,2024-11-04,,19357.07
TX1001988,CUST2567,ACC104562,2024-11-29,,10504.29
TX1001989,CUST2135,ACC196921,2024-12-09,,7498.2
TX1001990,CUST1424,ACC186798,2024-09-19,bank-transfer,10646.59
TX1001991,CUST2200,ACC107166,2024-07-26,Deposit,3982.45
TX1001992,CUST1442,ACC190529,2024-04-14,Pos Purchase,10678.22
TX1001993,CUST2665,ACC188027,2024-04-04,POS,18499.01
TX1001994,CUST2781,ACC131414,2024-02-27,POS,11611.11
TX1001995,CUST1477,ACC133158,2024-01-22,Withdrawal,-3738.73
TX1001996,CUST1672,ACC172447,2024-07-17,Deposit,12147.18
TX1001997,CUST2585,ACC150422,2024-02-24,bank-transfer,4961.02
TX1001998,CUST1302,ACC140536,2024-04-15,POS,12020.7
TX1001999,CUST2615,ACC183748,2024-04-12,pos,6065.85
TX1002000,CUST2844,ACC191831,2024-10-18,Withdrawal,14809.26
TX1002001,CUST2220,ACC147560,2024-06-01,pos,867.56
TX1002002,CUST1005,ACC189816,2024-12-19,Bank Transfer,18376.88
TX1002003,CUST1567,ACC115997,2024-12-11,POS,16230.33
TX1002004,CUST2758,ACC170111,2024-04-19,POS,593.22
TX1002005,CUST1296,ACC130983,2024-10-30,POS,4436.01
TX1002006,CUST1266,ACC157986,2024-06-04,Pos Purchase,4188.55
TX1002007,CUST2106,ACC150917,2024-07-03,Deposit,19352.13
TX1002008,CUST1513,ACC101031,2024-08-25,POS,17510.72
TX1002009,CUST2635,ACC151508,2024-01-28,POS,1756.35
TX1002010,CUST1357,ACC133493,2024-11-27,POS,36.15
TX1002011,CUST1225,ACC139438,2024-11-16,Bank Transfer,17599.43
TX1002012,CUST2353,ACC111829,2024-04-27,Withdrawal,4376.28
TX1002013,CUST2774,ACC199177,2024-10-17,Pos Purchase,16217.85
TX1002014,CUST1052,ACC130862,2024-05-09,Deposit,14133.41
TX1002015,CUST1269,ACC138983,2024-04-21,POS,16770.24
TX1002016,CUST1030,ACC127575,2024-09-18,POS,6291.38
TX1002017,CUST1733,ACC121001,2024-01-13,Withdrawal,927.33
TX1002018,CUST2617,ACC157520,2024-06-07,Pos Purchase,14764.51
TX1002019,CUST2614,ACC182752,2024-01-07,bank-transfer,2831.64
TX1002020,CUST1487,ACC141573,2024-04-20,Bank Transfer,7225.67
TX1002021,CUST2205,ACC184466,2024-04-02,Withdrawal,4616.91
TX1002022,CUST1663,ACC153253,2024-06-19,POS,10663.93
TX1002023,CUST1032,ACC104440,2024-04-15,,12636.48
TX1002024,CUST1356,ACC135918,2024-09-12,Deposit,
TX1002025,CUST1543,ACC110498,2024-07-17,Bank Transfer,4049.8
TX1002026,CUST1107,ACC164447,2024-06-16,Bank Transfer,5834.11
TX1002027,CUST1259,ACC161746,2024-08-22,Deposit,7897.42
TX1002028,CUST2519,ACC196592,2024-07-19,Bank Transfer,5629.84
TX1002029,CUST1862,ACC154127,2024-11-04,Withdrawal,8546.55
TX1002030,CUST2077,ACC143610,2024-03-25,Withdrawal,13836.22
TX1002031,CUST1232,ACC194029,2024-09-08,POS,19956.11
TX1002032,CUST2527,ACC155360,2024-09-02,POS,19078.8
TX1002033,CUST1130,ACC113159,2024-10-14,bank-transfer,7887.97
TX1002034,CUST1975,ACC121016,2024-11-01,Bank Transfer,8643.35
TX1002035,CUST1918,ACC191551,2024-05-26,POS,756.48
TX1002036,CUST2593,ACC134205,2024-12-07,Deposit,4376.03
TX1002037,CUST1741,ACC166366,2024-05-07,POS,17143.66
TX1002038,CUST2051,ACC108698,2024-02-09,POS,2738.45
TX1002039,CUST2215,ACC146118,2024-11-11,Deposit,9718.99
TX1002040,CUST1223,ACC155164,2024-02-24,POS,16446.5
TX1002041,CUST1925,ACC178920,2024-01-01,,11411.82
TX1002042,CUST2031,ACC195581,2024-01-16,Withdrawal,9496.0
TX1002043,CUST1453,ACC171791,2024-11-13,Withdrawal,2238.07
TX1002044,CUST2936,ACC196703,2024-01-26,deposit,11896.76
TX1002045,CUST2259,ACC142830,2024-01-06,Deposit,15653.37
TX1002046,CUST1088,ACC159409,2024-05-20,DEPOSIT,14177.16
TX1002047,CUST2489,ACC191122,2024-01-01,Withdrawal,15160.54
TX1002048,CUST2604,ACC103584,2024-06-04,Deposit,5680.71
TX1002049,CUST2861,ACC199873,2024-08-15,POS,-16316.17
TX1002050,CUST2775,ACC106828,2024-07-14,Withdrawal,1076.91
TX1002051,CUST2349,ACC184066,2024-10-17,Withdrawal,1784.87
TX1002052,CUST2067,ACC184094,2024-03-22,Deposit,3588.99
TX1002053,CUST1617,ACC124083,2024-02-19,Withdrawal,9789.77
TX1002054,CUST1938,ACC182595,2024-01-28,POS,907.96
TX1002055,CUST2317,ACC158117,2024-07-07,Deposit,16085.84
TX1002056,CUST2974,ACC184030,2024-04-20,BankTransfer,2212.4
TX1002057,CUST1063,ACC117837,2024-11-26,pos,17478.31
TX1002058,CUST1124,ACC100403,2024-04-07,Bank Transfer,6564.68
TX1002059,CUST1980,ACC152515,2024-08-04,Withdrawal,7840.89
TX1002060,CUST2735,ACC126224,2024-07-09,Withdrawal,19535.3
TX1002061,CUST1822,ACC182352,2024-02-08,POS,5254.79
TX1002062,CUST1873,ACC140048,2024-05-23,Deposit,17624.23
TX1002063,CUST2405,ACC141120,2024-08-01,POS,9520.77
TX1002064,CUST1221,ACC175472,2024-11-30,Deposit,12680.61
TX1002065,CUST2004,ACC110778,2024-01-12,POS,-4051.67
TX1002066,CUST2458,ACC114526,2024-06-01,Bank Transfer,3934.28
TX1002067,CUST2863,ACC120686,2024-01-18,Bank Transfer,4728.82
TX1002068,CUST1908,ACC132716,2024-03-02,Withdrawal,16692.19
TX1002069,CUST1150,ACC167681,2024-06-03,Withdrawal,8548.05
TX1002070,CUST2841,ACC193528,2024-03-13,Bank Transfer,5279.08
TX1002071,CUST1165,ACC185089,2024-05-14,Withdrawal,4307.11
TX1002072,CUST1659,ACC117051,2024-08-21,Deposit,6435.43
TX1002073,CUST2245,ACC177858,2024-04-14,Withdrawal,17245.6
TX1002074,CUST1303,ACC189883,2024-03-02,Withdrawal,7430.38
TX1002075,CUST1134,ACC153780,2024-11-21,Deposit,14119.23
TX1002076,CUST1258,ACC141864,2024-12-15,Withdrawal,9466.44
TX1002077,CUST1563,ACC159177,2024-01-16,Bank Transfer,11804.94
TX1002078,CUST2278,ACC162700,2024-08-31,Bank Transfer,17101.71
TX1002079,CUST2296,ACC196360,2024-03-30,Deposit,468.31
TX1002080,CUST2198,ACC117499,2024-01-08,,16173.15
TX1002081,CUST2123,ACC134167,2024-02-27,POS,6885.33
TX1002082,CUST2458,ACC122738,2024-02-14,Bank Transfer,15150.45
TX1002083,CUST1665,ACC190107,2024-04-30,POS,12830.13
TX1002084,CUST1780,ACC177728,2024-08-21,pos,3676.64
TX1002085,CUST2223,ACC142936,2024-10-23,DEPOSIT,643.77
TX1002086,CUST2086,ACC136935,2024-12-21,POS,15212.92
TX1002087,CUST1603,ACC126039,2024-10-12,deposit,589.58
TX1002088,CUST1929,ACC111062,2024-05-19,Deposit,8075.72
TX1002089,CUST2035,ACC154328,2024-05-18,Bank Transfer,10561.87
TX1002090,CUST2239,ACC148182,2024-01-12,POS,6689.06
TX1002091,CUST1881,ACC123840,2024-12-25,Withdrawal,15126.78
TX1002092,CUST1203,ACC151576,2024-10-15,Deposit,1218.65
TX1002093,CUST2624,ACC149456,2024-09-02,withdrawal,1713.08
TX1002094,CUST2437,ACC174762,2024-02-02,Bank Transfer,16924.31
TX1002095,CUST1234,ACC129423,2024-12-20,Withdrawal,13994.97
TX1002096,CUST2746,ACC102717,2024-03-19,bank-transfer,13607.2
TX1002097,CUST2340,ACC103010,2024-04-20,WITHDRAWAL,-2403.81
TX1002098,CUST2333,ACC173207,2024-02-03,Bank Transfer,3206.81
TX1002099,CUST2797,ACC184817,2024-07-22,Withdrawal,3654.84
TX1002100,CUST2574,ACC180216,2024-12-13,Deposit,17662.09
TX1002101,CUST2129,ACC182133,2024-07-12,deposit,7988.55
TX1002102,CUST2476,ACC129977,2024-01-16,Deposit,1906.11
TX1002103,CUST2772,ACC111662,2024-01-20,POS,4376.24
TX1002104,CUST1440,ACC160610,2024-09-11,Deposit,2204.65
TX1002105,CUST1880,ACC125987,2024-08-09,POS,
TX1002106,CUST1924,ACC134312,2024-08-26,WITHDRAWAL,9239.8
TX1002107,CUST2818,ACC191915,2024-07-30,Deposit,7284.67
TX1002108,CUST1467,ACC122119,2024-03-30,POS,12895.71
TX1002109,CUST1847,ACC106525,2024-01-07,POS,10423.14
TX1002110,CUST1694,ACC152564,2024-10-22,Bank Transfer,5958.94
TX1002111,CUST2694,ACC181003,2024-01-23,Withdrawal,13446.71
TX1002112,CUST1928,ACC156217,2024-12-02,Deposit,14000.66
TX1002113,CUST1816,ACC178694,2024-02-02,Bank Transfer,
TX1002114,CUST1851,ACC134099,2024-05-23,WITHDRAWAL,18185.44
TX1002115,CUST2494,ACC119562,2024-12-29,Deposit,4976.72
TX1002116,CUST1194,ACC111673,2024-05-24,,8230.41
TX1002117,CUST1640,ACC148224,2024-09-02,Bank Transfer,10015.97
TX1002118,CUST1874,ACC122298,2024-04-13,Withdrawal,189.54
TX1002119,CUST1640,ACC174349,2024-05-16,Deposit,18334.16
TX1002120,CUST2362,ACC115381,2024-01-13,Bank Transfer,10105.44
TX1002121,CUST1522,ACC101850,2024-12-09,bank-transfer,19584.43
TX1002122,CUST1766,ACC194186,2024-05-19,Withdrawal,9790.68
TX1002123,CUST2952,ACC168922,2024-04-06,POS,1332.1
TX1002124,CUST1312,ACC157037,2024-04-30,Deposit,906.95
TX1002125,CUST2406,ACC159468,2024-12-19,Withdrawal,16054.86
TX1002126,CUST2890,ACC188291,2024-08-17,,8095.2
TX1002127,CUST1971,ACC164769,2024-01-01,Deposit,12827.19
TX1002128,CUST1137,ACC115533,2024-11-28,pos,2390.92
TX1002129,CUST1186,ACC129423,2024-01-23,POS,608.95
TX1002130,CUST2703,ACC193528,2024-10-15,Bank Transfer,8552.04
TX1002131,CUST1174,ACC126626,2024-08-10,Deposit,826.18
TX1002132,CUST1190,ACC124975,2024-10-13,POS,725.89
TX1002133,CUST1884,ACC134891,2024-12-25,Deposit,9106.82
TX1002134,CUST1197,ACC137743,2024-09-07,Deposit,4107.65
TX1002135,CUST2524,ACC197837,2024-04-28,Deposit,10761.46
TX1002136,CUST2513,ACC164771,2024-01-25,BankTransfer,12913.29
TX1002137,CUST1763,ACC150079,2024-05-26,deposit,8832.94
TX1002138,CUST2662,ACC117065,2024-07-05,POS,14617.71
TX1002139,CUST1266,ACC156532,2024-02-15,Withdrawal,10250.68
TX1002140,CUST2139,ACC127080,2024-11-02,POS,3933.59
TX1002141,CUST1122,ACC178654,2024-07-07,Withdrawal,222.49
TX1002142,CUST2201,ACC128254,2024-08-21,Withdrawal,5093.56
TX1002143,CUST2959,ACC137089,2024-08-29,POS,16830.09
TX1002144,CUST2150,ACC195251,2024-10-05,,7031.87
TX1002145,CUST2150,ACC188760,2024-03-24,Bank Transfer,4269.2
TX1002146,CUST1675,ACC124820,2024-07-10,Bank Transfer,18594.63
TX1002147,CUST2372,ACC154831,2024-12-03,Bank Transfer,6577.98
TX1002148,CUST1250,ACC123641,2024-07-09,Deposit,5702.12
TX1002149,CUST1841,ACC153546,2024-10-09,Deposit,13571.08
TX1002150,CUST1724,ACC119129,2024-10-03,POS,17360.85
TX1002151,CUST2789,ACC103771,2024-03-15,pos,17554.04
TX1002152,CUST2362,ACC138036,2024-06-13,Bank Transfer,12407.62
TX1002153,CUST2927,ACC134314,2024-11-23,Withdrawal,9589.39
TX1002154,CUST2536,ACC130865,2024-06-26,POS,10286.31
TX1002155,CUST1866,ACC180960,2024-07-27,Bank Transfer,12290.64
TX1002156,CUST2777,ACC159110,2024-03-30,Deposit,3790.95
TX1002157,CUST2875,ACC132547,2024-10-24,deposit,17338.76
TX1002158,CUST2476,ACC148449,2024-07-24,bank-transfer,11086.08
TX1002159,CUST1105,ACC176402,2024-07-09,,16385.16
TX1002160,CUST2983,ACC189688,2024-08-27,POS,4904.71
TX1002161,CUST1589,ACC184834,2024-06-26,Deposit,13267.77
TX1002162,CUST2229,ACC160052,2024-05-29,Deposit,7805.31
TX1002163,CUST1639,ACC111237,2024-03-16,Deposit,19720.7
TX1002164,CUST1720,ACC101352,2024-12-10,Withdrawal,4921.63
TX1002165,CUST1212,ACC161457,2024-09-10,POS,18964.98
TX1002166,CUST2183,ACC117459,2024-12-11,POS,8566.17
TX1002167,CUST2039,ACC142368,2024-10-04,POS,
TX1002168,CUST1435,ACC190835,2024-07-27,Withdrawal,6519.18
TX1002169,CUST1316,ACC152108,2024-07-03,Deposit,12487.26
TX1002170,CUST2344,ACC190027,2024-08-09,Deposit,16574.31
TX1002171,CUST1987,ACC127815,2024-02-14,Withdrawal,18963.82
TX1002172,CUST1459,ACC193498,2024-11-04,Deposit,19877.01
TX1002173,CUST2735,ACC150265,2024-05-09,Withdrawal,17776.26
TX1002174,CUST1221,ACC192858,2024-03-11,Deposit,11021.01
TX1002175,CUST1717,ACC155481,2024-06-19,Deposit,13183.19
TX1002176,CUST2731,ACC196482,2024-07-02,Deposit,18020.99
TX1002177,CUST2139,ACC178275,2024-11-26,Withdrawal,19930.35
TX1002178,CUST1752,ACC133584,2024-08-26,POS,11756.6
TX1002179,CUST1235,ACC109575,2024-08-18,Withdrawal,488.86
TX1002180,CUST2561,ACC112488,2024-10-03,Bank Transfer,19917.0
TX1002181,CUST1570,ACC173007,2024-12-14,Deposit,19434.64
TX1002182,CUST2175,ACC107700,2024-03-25,Bank Transfer,683.15
TX1002183,CUST1463,ACC106830,2024-01-22,Withdrawal,12530.4
TX1002184,CUST2653,ACC143628,2024-06-24,Bank Transfer,7441.13
TX1002185,CUST1878,ACC130781,2024-09-16,POS,111.53
TX1002186,CUST2730,ACC161726,2024-11-16,Withdrawal,14267.79
TX1002187,CUST2148,ACC146439,2024-03-15,Bank Transfer,6852.14
TX1002188,CUST2995,ACC179478,2024-11-02,Bank Transfer,8472.28
TX1002189,CUST2571,ACC187921,2024-06-23,POS,12503.64
TX1002190,CUST2676,ACC178411,2024-10-03,Deposit,1091.16
TX1002191,CUST2273,ACC193004,2024-11-19,Deposit,14866.91
TX1002192,CUST2256,ACC198073,2024-03-22,Withdrawal,3187.48
TX1002193,CUST2382,ACC105965,2024-10-20,Deposit,16669.77
TX1002194,CUST2316,ACC100702,2024-03-12,Bank Transfer,12982.98
TX1002195,CUST2140,ACC133247,2024-04-15,Withdrawal,17979.67
TX1002196,CUST1053,ACC166131,2024-12-20,Bank Transfer,12144.96
TX1002197,CUST2247,ACC181219,2024-07-21,Withdrawal,11966.35
TX1002198,CUST2902,ACC149930,2024-02-11,Bank Transfer,12452.79
TX1002199,CUST2347,ACC139650,2024-08-02,DEPOSIT,7628.14
TX1002200,CUST2698,ACC151733,2024-02-27,POS,-4386.71
TX1002201,CUST2420,ACC187983,2024-09-13,withdrawal,19188.3
TX1002202,CUST1547,ACC148614,2024-10-05,Deposit,16452.19
TX1002203,CUST1059,ACC117332,2024-01-22,POS,3311.0
TX1002204,CUST1369,ACC173342,2024-09-23,Withdrawal,4925.3
TX1002205,CUST1559,ACC105390,2024-02-23,POS,16995.23
TX1002206,CUST2439,ACC176085,2024-10-21,Withdrawal,7997.02
TX1002207,CUST2561,ACC123510,2024-01-03,bank-transfer,
TX1002208,CUST1632,ACC134116,2024-05-10,withdrawal,74.31
TX1002209,CUST2887,ACC122264,2024-10-08,deposit,4904.06
TX1002210,CUST1695,ACC166027,2024-12-06,Bank Transfer,8808.94
TX1002211,CUST1718,ACC164597,2024-03-25,POS,12856.91
TX1002212,CUST1012,ACC144456,2024-04-26,POS,2355.62
TX1002213,CUST1371,ACC161352,2024-12-16,bank-transfer,7070.86
TX1002214,CUST2781,ACC117290,2024-12-29,Withdrawal,16103.83
TX1002215,CUST1293,ACC111750,2024-06-20,POS,16833.34
TX1002216,CUST2159,ACC141591,2024-09-07,Withdrawal,16088.17
TX1002217,CUST2346,ACC193094,2024-02-29,Deposit,13655.52
TX1002218,CUST1820,ACC169523,2024-06-15,Withdrawal,4177.52
TX1002219,CUST1142,ACC156744,2024-07-10,Bank Transfer,3275.41
TX1002220,CUST1290,ACC118585,2024-10-07,Withdrawal,2358.33
TX1002221,CUST2517,ACC134131,2024-07-21,POS,17328.97
TX1002222,CUST2296,ACC115314,2024-09-24,deposit,12562.83
TX1002223,CUST2990,ACC141060,2024-12-02,Withdrawal,7152.08
TX1002224,CUST1062,ACC105788,2024-07-20,Bank Transfer,1877.43
TX1002225,CUST1187,ACC116760,2024-04-22,pos,19528.08
TX1002226,CUST2528,ACC165432,2024-10-22,BankTransfer,6533.9
TX1002227,CUST2086,ACC136831,2024-06-28,,449.61
TX1002228,CUST1440,ACC198018,2024-07-27,deposit,2569.18
TX1002229,CUST1770,ACC147263,2024-12-18,POS,1576.94
TX1002230,CUST1859,ACC156372,,Bank Transfer,18947.94
TX1002231,CUST1929,ACC137083,2024-04-25,DEPOSIT,-2809.23
TX1002232,CUST1698,ACC134500,2024-11-23,POS,789.25
TX1002233,CUST1322,ACC180338,2024-11-25,BankTransfer,19934.24
TX1002234,CUST1757,ACC199819,2024-08-20,Bank Transfer,17087.93
TX1002235,CUST1638,ACC134571,2024-03-20,Deposit,18666.27
TX1002236,CUST2477,ACC167760,2024-12-21,Withdrawal,2535.04
TX1002237,CUST1664,ACC141026,2024-04-06,POS,18172.23
TX1002238,CUST2590,ACC157117,2024-01-01,Bank Transfer,6026.12
TX1002239,CUST2928,ACC121624,2024-09-15,Withdrawal,17490.98
TX1002240,CUST2162,ACC141358,2024-02-25,Deposit,15637.43
TX1002241,CUST2221,ACC196582,2024-09-10,WITHDRAWAL,660.33
TX1002242,CUST1173,ACC164392,2024-03-14,POS,4757.9
TX1002243,CUST2809,ACC119826,2024-02-06,POS,19354.39
TX1002244,CUST1107,ACC172833,2024-12-21,Withdrawal,18191.77
TX1002245,CUST1318,ACC186169,2024-06-05,WITHDRAWAL,
TX1002246,CUST1322,ACC183447,2024-05-03,Bank Transfer,10618.43
TX1002247,CUST2545,ACC157670,2024-07-26,POS,14179.24
TX1002248,CUST2265,ACC106975,2024-06-04,bank-transfer,4358.12
TX1002249,CUST1101,ACC124762,2024-04-17,Withdrawal,10328.94
TX1002250,CUST2380,ACC119480,2024-10-04,Withdrawal,8874.87
TX1002251,CUST1167,ACC107152,2024-11-22,DEPOSIT,16492.85
TX1002252,CUST1557,ACC130128,2024-02-19,Withdrawal,12004.06
TX1002253,CUST1907,ACC124004,2024-04-07,POS,17700.68
TX1002254,CUST2355,ACC104700,2024-01-13,Deposit,11742.39
TX1002255,CUST1868,ACC161636,2024-01-09,Withdrawal,10513.45
TX1002256,CUST1994,ACC134108,2024-01-16,POS,14971.9
TX1002257,CUST2243,ACC121437,2024-05-31,DEPOSIT,5425.2
TX1002258,CUST1905,ACC192531,2024-03-02,POS,14336.63
TX1002259,CUST1848,ACC161228,2024-04-16,Bank Transfer,12765.31
TX1002260,CUST1559,ACC157203,2024-04-05,Deposit,6555.07
TX1002261,CUST1441,ACC115207,2024-12-14,Withdrawal,10530.07
TX1002262,CUST2546,ACC164868,2024-02-06,Bank Transfer,2108.51
TX1002263,CUST2049,ACC105346,2024-02-04,bank-transfer,17161.85
TX1002264,CUST1233,ACC157870,2024-05-09,POS,10720.32
TX1002265,CUST1706,ACC146729,2024-08-19,Withdrawal,9725.53
TX1002266,CUST1880,ACC192933,2024-03-01,Withdrawal,17192.66
TX1002267,CUST1227,ACC173512,2024-08-04,DEPOSIT,3764.0
TX1002268,CUST1580,ACC163596,2024-07-02,Bank Transfer,10309.24
TX1002269,CUST2388,ACC159999,2024-12-04,Withdrawal,2770.28
TX1002270,CUST2389,ACC164616,2024-07-25,Pos Purchase,18636.63
TX1002271,CUST2214,ACC114744,2024-01-06,Withdrawal,17040.52
TX1002272,CUST1996,ACC194340,2024-12-23,Withdrawal,11741.76
TX1002273,CUST2079,ACC119405,2024-11-01,POS,17362.79
TX1002274,CUST2366,ACC116207,2024-06-02,Deposit,1978.35
TX1002275,CUST1631,ACC145823,2024-06-24,Deposit,6872.47
TX1002276,CUST1093,ACC112265,2024-07-17,WITHDRAWAL,17417.75
TX1002277,CUST1451,ACC126703,2024-07-10,POS,7308.94
TX1002278,CUST1809,ACC137239,2024-04-16,WITHDRAWAL,9346.09
TX1002279,CUST2227,ACC123678,2024-06-04,Deposit,8381.87
TX1002280,CUST1112,ACC122058,2024-08-07,POS,10562.05
TX1002281,CUST1015,ACC198295,2024-11-13,POS,10523.71
TX1002282,CUST1418,ACC166681,2024-10-28,Withdrawal,14479.11
TX1002283,CUST1617,ACC135755,2024-09-01,Withdrawal,6737.5
TX1002284,CUST2936,ACC173825,2024-11-21,Bank Transfer,6775.57
TX1002285,CUST1432,ACC186918,2024-11-10,,829.96
TX1002286,CUST2571,ACC176765,2024-10-30,Withdrawal,1082.22
TX1002287,CUST1281,ACC127839,2024-01-22,Pos Purchase,10270.91
TX1002288,CUST2565,ACC176486,2024-12-13,Withdrawal,-11508.0
TX1002289,CUST1523,ACC100540,2024-09-08,Bank Transfer,14561.34
TX1002290,CUST1592,ACC168945,2024-01-17,POS,17049.32
TX1002291,CUST1671,ACC174814,2024-09-12,POS,12415.31
TX1002292,CUST1245,ACC123667,2024-06-12,POS,16900.87
TX1002293,CUST1015,ACC154580,2024-06-28,Bank Transfer,5243.42
TX1002294,CUST2018,ACC110070,2024-01-16,BankTransfer,10041.14
TX1002295,CUST2529,ACC132264,2024-05-10,Withdrawal,7759.74
TX1002296,CUST1881,ACC165288,2024-12-24,Bank Transfer,13507.39
TX1002297,CUST1359,ACC188723,2024-08-30,POS,6778.3
TX1002298,CUST1264,ACC112360,2024-07-15,Deposit,16492.9
TX1002299,CUST1778,ACC143077,2024-10-02,Bank Transfer,15246.52
TX1002300,CUST2090,ACC103402,2024-02-20,Deposit,10254.85
TX1002301,CUST2441,ACC137261,2024-08-04,Withdrawal,5641.68
TX1002302,CUST1471,ACC189300,2024-12-18,Bank Transfer,14791.63
TX1002303,CUST2024,ACC189212,2024-10-27,Withdrawal,17696.66
TX1002304,CUST2144,ACC115989,2024-11-13,Deposit,16907.68
TX1002305,CUST2706,ACC151664,2024-06-28,Bank Transfer,14744.51
TX1002306,CUST2368,ACC148963,2024-12-16,DEPOSIT,10213.32
TX1002307,CUST2651,ACC177376,2024-09-08,bank-transfer,2733.24
TX1002308,CUST1725,ACC113902,2024-01-14,Bank Transfer,5113.6
TX1002309,CUST1147,ACC142406,2024-07-13,DEPOSIT,8150.37
TX1002310,CUST1813,ACC120155,2024-01-20,Withdrawal,5816.71
TX1002311,CUST2764,ACC103784,2024-09-06,Deposit,4754.17
TX1002312,CUST2519,ACC110625,2024-02-14,POS,6655.4
TX1002313,CUST1086,ACC160323,2024-08-31,Withdrawal,8877.96
TX1002314,CUST1893,ACC192760,2024-05-09,POS,17014.97
TX1002315,CUST1038,ACC186447,2024-10-05,Deposit,11917.24
TX1002316,CUST1941,ACC162895,2024-02-17,Deposit,7228.63
TX1002317,CUST2886,ACC159513,2024-02-12,Deposit,15679.25
TX1002318,CUST1159,ACC182359,2024-05-05,Deposit,12030.67
TX1002319,CUST2765,ACC135300,2024-11-19,Bank Transfer,16000.47
TX1002320,CUST1641,ACC177883,2024-02-18,Bank Transfer,18683.77
TX1002321,CUST2179,ACC186246,2024-08-20,Deposit,7371.66
TX1002322,CUST1879,ACC100760,2024-07-13,POS,6659.5
TX1002323,CUST2174,ACC143178,2024-06-21,pos,10220.49
TX1002324,CUST1828,ACC105747,2024-05-03,Withdrawal,17177.47
TX1002325,CUST2453,ACC186005,2024-11-05,Deposit,10160.71
TX1002326,CUST2311,ACC181574,2024-08-28,Bank Transfer,14238.99
TX1002327,CUST1855,ACC159388,2024-01-18,Withdrawal,13284.3
TX1002328,CUST1592,ACC142587,2024-06-14,pos,8938.27
TX1002329,CUST1235,ACC195885,2024-06-07,Bank Transfer,15521.52
TX1002330,CUST1829,ACC196248,2024-10-09,Deposit,6007.5
TX1002331,CUST1042,ACC174600,2024-12-26,Withdrawal,15355.11
TX1002332,CUST2978,ACC116950,2024-08-19,BankTransfer,9046.0
TX1002333,CUST1665,ACC127704,2024-04-20,Deposit,9938.09
TX1002334,CUST1351,ACC106380,2024-11-10,Deposit,9868.27
TX1002335,CUST2641,ACC184363,2024-07-29,Withdrawal,7448.36
TX1002336,CUST2940,ACC137087,2024-02-18,WITHDRAWAL,17478.86
TX1002337,CUST2265,ACC142358,2024-01-06,Bank Transfer,7405.05
TX1002338,CUST1942,ACC107279,2024-12-16,deposit,17588.89
TX1002339,CUST2703,ACC197491,2024-03-06,POS,2358.26
TX1002340,CUST2412,ACC109269,2024-10-30,bank-transfer,4344.33
TX1002341,CUST2883,ACC171716,2024-12-11,bank-transfer,8953.07
TX1002342,CUST1741,ACC178943,2024-01-15,POS,17032.0
TX1002343,CUST1180,ACC149989,2024-09-16,Bank Transfer,14735.85
TX1002344,CUST1894,ACC112130,2024-08-15,POS,16246.56
TX1002345,CUST2729,ACC152279,2024-02-05,Bank Transfer,4973.91
TX1002346,CUST1216,ACC133444,2024-09-14,Withdrawal,11926.74
TX1002347,CUST1498,ACC123332,2024-04-02,Withdrawal,12317.74
TX1002348,CUST1892,ACC131467,2024-08-25,BankTransfer,350.37
TX1002349,CUST2206,ACC152286,2024-05-20,Deposit,1251.86
TX1002350,CUST1820,ACC111690,2024-12-22,Bank Transfer,5707.61
TX1002351,CUST2073,ACC102688,2024-10-16,Withdrawal,6625.37
TX1002352,CUST1161,ACC127292,2024-07-17,Deposit,7290.12
TX1002353,CUST1810,ACC121356,2024-10-01,Withdrawal,19665.62
TX1002354,CUST2782,ACC150921,2024-11-30,Bank Transfer,10952.91
TX1002355,CUST1635,ACC152742,2024-01-25,Bank Transfer,6217.69
TX1002356,CUST2527,ACC137347,2024-05-09,POS,13762.9
TX1002357,CUST1695,ACC184825,2024-10-26,Deposit,8326.93
TX1002358,CUST1453,ACC198639,2024-03-01,POS,17928.8
TX1002359,CUST1682,ACC185729,2024-12-23,POS,18441.24
TX1002360,CUST2595,ACC120202,2024-09-21,POS,16910.58
TX1002361,CUST1344,ACC115807,2024-09-08,Deposit,2119.4
TX1002362,CUST1156,ACC139131,2024-03-30,,8533.17
TX1002363,CUST2045,ACC164336,2024-08-19,POS,3957.58
TX1002364,CUST2296,ACC156670,2024-05-30,Withdrawal,11277.16
TX1002365,CUST1233,ACC196454,2024-03-24,Pos Purchase,15763.96
TX1002366,CUST2086,ACC140645,2024-01-21,Bank Transfer,13183.23
TX1002367,CUST2044,ACC189779,2024-05-28,POS,9776.69
TX1002368,CUST1397,ACC179103,2024-11-03,withdrawal,3089.22
TX1002369,CUST2855,ACC117208,2024-06-18,Pos Purchase,7286.63
TX1002370,CUST2589,ACC147060,2024-08-06,,4427.73
TX1002371,CUST1715,ACC187231,2024-02-26,POS,18033.74
TX1002372,CUST1719,ACC112597,2024-12-17,POS,18603.28
TX1002373,CUST2489,ACC148163,2024-03-20,deposit,15532.7
TX1002374,CUST2962,ACC167194,2024-02-09,Deposit,8624.21
TX1002375,CUST2677,ACC126197,2024-04-11,POS,5277.51
TX1002376,CUST2321,ACC164175,2024-09-03,POS,14687.41
TX1002377,CUST2669,ACC158385,2024-09-05,POS,426.22
TX1002378,CUST1302,ACC150867,2024-05-07,WITHDRAWAL,6029.51
TX1002379,CUST1483,ACC162447,2024-01-03,Bank Transfer,15646.95
TX1002380,CUST1210,ACC135190,2024-07-17,Bank Transfer,18226.22
TX1002381,CUST1299,ACC173801,2024-11-30,POS,19714.74
TX1002382,CUST1524,ACC178687,2024-03-31,Withdrawal,9821.47
TX1002383,CUST1404,ACC155452,2024-07-11,Bank Transfer,13594.0
TX1002384,CUST1355,ACC111825,2024-01-23,Deposit,7952.04
TX1002385,CUST2233,ACC199154,2024-06-03,Bank Transfer,3954.91
TX1002386,CUST1313,ACC155382,2024-04-03,Withdrawal,1264.45
TX1002387,CUST2556,ACC148265,2024-04-24,Bank Transfer,5667.71
TX1002388,CUST2554,ACC180460,2024-06-23,Deposit,7362.69
TX1002389,CUST2342,ACC124426,2024-12-15,Bank Transfer,2272.38
TX1002390,CUST1154,ACC156899,2024-10-25,deposit,12556.03
TX1002391,CUST1362,ACC182665,2024-09-09,Withdrawal,5533.34
TX1002392,CUST2948,ACC155838,2024-04-27,bank-transfer,9933.76
TX1002393,CUST2582,ACC112182,2024-12-31,Withdrawal,18578.49
TX1002394,CUST2286,ACC105300,2024-08-15,Deposit,16384.29
TX1002395,CUST2011,ACC167284,2024-12-24,Withdrawal,1127.08
TX1002396,CUST1950,ACC144793,2024-02-29,POS,5665.52
TX1002397,CUST2545,ACC160755,2024-02-21,Bank Transfer,7297.1
TX1002398,CUST2154,ACC188662,2024-03-25,POS,11118.13
TX1002399,CUST2556,ACC129390,2024-03-12,Deposit,15808.21
TX1002400,CUST2186,ACC184883,2024-03-08,Deposit,7070.31
TX1002401,CUST1919,ACC189946,2024-11-05,Bank Transfer,12453.52
TX1002402,CUST2394,ACC193537,2024-10-15,POS,6730.88
TX1002403,CUST2892,ACC120325,2024-01-13,POS,16617.28
TX1002404,CUST2806,ACC164922,2024-08-12,DEPOSIT,18473.41
TX1002405,CUST2156,ACC169111,2024-09-11,Withdrawal,16030.39
TX1002406,CUST2316,ACC182517,2024-07-06,Withdrawal,19164.8
TX1002407,CUST2301,ACC184833,2024-12-23,deposit,8485.01
TX1002408,CUST2279,ACC168770,2024-08-08,POS,11169.29
TX1002409,CUST1661,ACC111006,2024-01-11,Bank Transfer,19397.52
TX1002410,CUST2769,ACC138103,2024-12-28,Deposit,4301.65
TX1002411,CUST2988,ACC161370,2024-09-25,withdrawal,7466.51
TX1002412,CUST2284,ACC157325,2024-12-21,POS,19402.07
TX1002413,CUST1647,ACC110378,2024-07-07,Deposit,13163.96
TX1002414,CUST1309,ACC162601,2024-11-21,Withdrawal,13990.12
TX1002415,CUST1900,ACC139373,2024-10-05,Deposit,17214.25
TX1002416,CUST1139,ACC119478,2024-02-24,,8298.1
TX1002417,CUST1960,ACC116749,2024-08-02,Bank Transfer,10184.4
TX1002418,CUST1905,ACC189694,2024-08-30,,11214.21
TX1002419,CUST2293,ACC139375,2024-01-18,Withdrawal,15648.56
TX1002420,CUST1620,ACC132591,2024-05-22,pos,-7128.87
TX1002421,CUST2630,ACC168562,2024-08-11,Withdrawal,165.49
TX1002422,CUST1562,ACC156063,2024-10-12,Withdrawal,19770.36
TX1002423,CUST2211,ACC138729,,POS,14878.92
TX1002424,CUST1115,ACC174519,2024-08-04,Deposit,1842.24
TX1002425,CUST1720,ACC106255,2024-02-04,Withdrawal,10059.81
TX1002426,CUST2039,ACC172219,2024-02-03,Bank Transfer,15185.06
TX1002427,CUST1151,ACC110031,2024-02-14,Withdrawal,1025.79
TX1002428,CUST1635,ACC105910,2024-05-14,Bank Transfer,4026.45
TX1002429,CUST1945,ACC167294,2024-12-06,Bank Transfer,9478.25
TX1002430,CUST1925,ACC114107,2024-07-02,pos,7417.43
TX1002431,CUST1077,ACC166932,2024-08-31,POS,6599.28
TX1002432,CUST1116,ACC155694,2024-07-24,Bank Transfer,9436.27
TX1002433,CUST1755,ACC154135,2024-09-16,BankTransfer,6427.99
TX1002434,CUST2703,ACC112384,2024-05-04,Bank Transfer,3181.92
TX1002435,CUST1587,ACC160903,2024-03-11,POS,12518.69
TX1002436,CUST1157,ACC186619,2024-03-02,POS,11585.91
TX1002437,CUST2320,ACC194412,2024-01-13,Bank Transfer,11665.59
TX1002438,CUST2769,ACC174511,2024-03-23,,4469.12
TX1002439,CUST2751,ACC133211,2024-02-14,POS,11124.2
TX1002440,CUST1184,ACC146590,2024-10-19,Withdrawal,17744.47
TX1002441,CUST2259,ACC133405,2024-04-05,Withdrawal,15570.94
TX1002442,CUST2216,ACC176751,2024-12-06,Pos Purchase,12325.09
TX1002443,CUST2038,ACC110717,2024-04-10,Deposit,19310.88
TX1002444,CUST1787,ACC165987,2024-08-16,Bank Transfer,17408.11
TX1002445,CUST1947,ACC102132,2024-12-03,POS,13367.91
TX1002446,CUST2188,ACC114933,2024-10-06,POS,8410.48
TX1002447,CUST2135,ACC197060,2024-07-10,Bank Transfer,10475.01
TX1002448,CUST2954,ACC186714,2024-10-12,DEPOSIT,19113.73
TX1002449,CUST2621,ACC160670,2024-05-14,Deposit,17668.23
TX1002450,CUST2513,ACC123534,2024-09-01,POS,19666.65
TX1002451,CUST2834,ACC123882,2024-02-04,Deposit,10930.97
TX1002452,CUST1084,ACC151505,2024-12-02,Bank Transfer,12928.13
TX1002453,CUST1921,ACC105932,2024-04-04,Deposit,498.63
TX1002454,CUST2861,ACC110917,2024-10-25,Bank Transfer,1769.02
TX1002455,CUST2658,ACC154558,2024-07-30,Withdrawal,7377.39
TX1002456,CUST2170,ACC192324,2024-02-29,Withdrawal,15803.21
TX1002457,CUST2334,ACC139013,2024-10-13,Bank Transfer,11041.84
TX1002458,CUST1385,ACC141149,2024-01-21,Deposit,11948.37
TX1002459,CUST1658,ACC176966,2024-04-28,DEPOSIT,1865.76
TX1002460,CUST2239,ACC194908,2024-04-13,POS,7394.79
TX1002461,CUST1974,ACC159637,2024-03-16,POS,4100.14
TX1002462,CUST2026,ACC199267,2024-06-02,withdrawal,883.77
TX1002463,CUST1308,ACC187852,2024-03-09,Bank Transfer,8123.89
TX1002464,CUST2961,ACC158975,2024-12-25,Deposit,979.27
TX1002465,CUST1126,ACC181764,2024-07-19,Deposit,12225.67
TX1002466,CUST1922,ACC134743,2024-01-06,Deposit,3805.29
TX1002467,CUST1211,ACC144739,2024-07-09,Deposit,-13560.54
TX1002468,CUST2660,ACC124535,2024-01-31,Bank Transfer,4754.91
TX1002469,CUST2841,ACC127665,2024-09-18,Deposit,4350.5
TX1002470,CUST2714,ACC124259,2024-01-07,Deposit,11417.57
TX1002471,CUST1703,ACC110252,,Deposit,4867.45
TX1002472,CUST2462,ACC197914,2024-09-25,Bank Transfer,11752.84
TX1002473,CUST1172,ACC179174,2024-12-06,bank-transfer,3706.97
TX1002474,CUST2033,ACC133989,2024-05-16,Bank Transfer,58.75
TX1002475,CUST2323,ACC188265,2024-10-26,Bank Transfer,13385.53
TX1002476,CUST1353,ACC113936,2024-09-28,POS,4731.72
TX1002477,CUST1080,ACC156858,2024-01-05,withdrawal,11214.72
TX1002478,CUST1507,ACC170041,2024-06-04,Withdrawal,8956.45
TX1002479,CUST2449,ACC102348,2024-03-11,Deposit,3399.5
TX1002480,CUST1896,ACC100766,2024-06-12,pos,13101.12
TX1002481,CUST1899,ACC151764,2024-05-04,Deposit,19041.69
TX1002482,CUST2073,ACC115293,2024-09-02,POS,11196.36
TX1002483,CUST2070,ACC101743,2024-04-19,bank-transfer,12302.62
TX1002484,CUST2248,ACC122509,2024-04-06,Deposit,10568.98
TX1002485,CUST1325,ACC185957,2024-12-05,Deposit,5673.7
TX1002486,CUST1745,ACC162537,2024-08-31,Pos Purchase,18783.18
TX1002487,CUST1763,ACC160314,2024-09-01,withdrawal,10399.47
TX1002488,CUST2879,ACC190676,2024-09-02,Withdrawal,15056.28
TX1002489,CUST1579,ACC153096,2024-04-19,Deposit,8250.16
TX1002490,CUST1793,ACC186208,2024-02-20,Bank Transfer,9061.59
TX1002491,CUST1837,ACC197549,2024-03-29,Bank Transfer,8089.57
TX1002492,CUST2586,ACC178890,2024-07-17,Bank Transfer,14957.15
TX1002493,CUST1692,ACC195146,2024-10-10,Deposit,5466.65
TX1002494,CUST2390,ACC163795,2024-11-20,Bank Transfer,16868.04
TX1002495,CUST2224,ACC139688,2024-11-17,Deposit,2710.94
TX1002496,CUST1107,ACC181067,2024-10-04,POS,167.96
TX1002497,CUST2616,ACC180837,2024-02-06,Withdrawal,4659.39
TX1002498,CUST2292,ACC147281,2024-03-15,Withdrawal,10254.95
TX1002499,CUST2325,ACC190526,2024-12-07,Deposit,1863.17
TX1002500,CUST1685,ACC188316,2024-03-06,pos,5885.98
TX1002501,CUST1134,ACC190478,2024-09-18,Withdrawal,14859.73
TX1002502,CUST1675,ACC188487,2024-03-15,WITHDRAWAL,8101.1
TX1002503,CUST1193,ACC151773,2024-02-04,POS,5849.12
TX1002504,CUST2142,ACC139669,2024-09-01,Withdrawal,5569.1
TX1002505,CUST2389,ACC111486,2024-09-19,Deposit,14561.34
TX1002506,CUST1791,ACC116395,2024-02-07,Withdrawal,8266.44
TX1002507,CUST1581,ACC117709,2024-10-16,DEPOSIT,5503.53
TX1002508,CUST1516,ACC101818,2024-03-25,POS,609.42
TX1002509,CUST2482,ACC125008,2024-05-06,pos,9267.37
TX1002510,CUST2744,ACC114668,2024-11-16,Deposit,11180.52
TX1002511,CUST2344,ACC102082,2024-07-30,POS,15332.25
TX1002512,CUST2975,ACC191230,2024-11-16,BankTransfer,15302.03
TX1002513,CUST2856,ACC124670,2024-07-04,Withdrawal,15234.89
TX1002514,CUST2234,ACC103514,2024-04-25,pos,11989.43
TX1002515,CUST2788,ACC127424,2024-05-14,Bank Transfer,8687.54
TX1002516,CUST1307,ACC163060,2024-07-27,Withdrawal,4799.96
TX1002517,CUST1682,ACC185016,2024-01-31,Bank Transfer,11881.73
TX1002518,CUST1166,ACC119025,2024-08-09,Deposit,13027.59
TX1002519,CUST2193,ACC185162,2024-01-22,POS,10370.48
TX1002520,CUST2359,ACC131690,2024-06-13,pos,13665.16
TX1002521,CUST1289,ACC157119,2024-07-21,Pos Purchase,10997.83
TX1002522,CUST2877,ACC182058,2024-01-15,Withdrawal,8878.1
TX1002523,CUST1716,ACC170593,2024-04-08,deposit,17096.2
TX1002524,CUST1635,ACC125023,2024-12-09,Withdrawal,5459.8
TX1002525,CUST2981,ACC111284,2024-07-10,Bank Transfer,11333.9
TX1002526,CUST2343,ACC139441,2024-07-19,pos,6228.89
TX1002527,CUST2430,ACC160742,2024-08-18,Withdrawal,10534.23
TX1002528,CUST2356,ACC119420,2024-11-06,deposit,13278.39
TX1002529,CUST1802,ACC162126,2024-04-25,Deposit,6126.05
TX1002530,CUST1264,ACC155296,2024-03-06,Withdrawal,18997.95
TX1002531,CUST2218,ACC102859,2024-09-02,POS,7686.6
TX1002532,CUST2451,ACC115264,2024-11-10,Bank Transfer,12201.1
TX1002533,CUST2921,ACC121771,2024-09-17,Bank Transfer,19655.33
TX1002534,CUST1173,ACC119978,2024-07-27,Deposit,11385.04
TX1002535,CUST1634,ACC196833,2024-11-26,BankTransfer,14065.73
TX1002536,CUST2144,ACC192090,2024-11-21,Deposit,4993.93
TX1002537,CUST1771,ACC158361,2024-03-21,POS,16209.37
TX1002538,CUST2317,ACC163576,2024-05-03,Deposit,6612.32
TX1002539,CUST2621,ACC161799,2024-11-02,DEPOSIT,8748.88
TX1002540,CUST1672,ACC102572,2024-09-23,Deposit,6225.94
TX1002541,CUST2665,ACC158918,2024-05-27,Withdrawal,2892.01
TX1002542,CUST1261,ACC176706,2024-09-11,Deposit,12304.85
TX1002543,CUST2372,ACC131801,2024-02-08,Deposit,214.64
TX1002544,CUST2439,ACC126389,2024-08-09,POS,3060.4
TX1002545,CUST2697,ACC138644,2024-11-03,Bank Transfer,7583.3
TX1002546,CUST2939,ACC174636,2024-01-16,Withdrawal,15880.58
TX1002547,CUST2513,ACC151345,2024-08-01,Deposit,15182.5
TX1002548,CUST2403,ACC106674,2024-02-03,Deposit,16939.34
TX1002549,CUST2868,ACC143758,2024-10-14,bank-transfer,18775.47
TX1002550,CUST2078,ACC101032,2024-02-13,Withdrawal,16106.03
TX1002551,CUST1191,ACC113456,2024-12-26,POS,5372.7
TX1002552,CUST2323,ACC182629,2024-03-15,Pos Purchase,19103.46
TX1002553,CUST2373,ACC193466,2024-11-24,Pos Purchase,7778.13
TX1002554,CUST1867,ACC156595,2024-01-21,Deposit,8371.81
TX1002555,CUST2041,ACC154484,2024-07-08,Bank Transfer,19920.03
TX1002556,CUST1741,ACC164972,2024-05-22,Bank Transfer,10392.02
TX1002557,CUST1037,ACC196610,2024-07-20,Bank Transfer,19175.15
TX1002558,CUST1742,ACC175846,2024-05-23,Deposit,2443.49
TX1002559,CUST1632,ACC178097,2024-08-25,deposit,19727.2
TX1002560,CUST1369,ACC195823,2024-11-28,BankTransfer,3649.41
TX1002561,CUST2947,ACC172653,2024-06-23,POS,2790.71
TX1002562,CUST1438,ACC138112,2024-06-04,Withdrawal,15632.23
TX1002563,CUST1699,ACC104851,2024-10-01,,2926.42
TX1002564,CUST2940,ACC163897,2024-11-05,Deposit,13303.13
TX1002565,CUST2569,ACC152386,2024-06-16,bank-transfer,13002.03
TX1002566,CUST1995,ACC163714,2024-06-06,deposit,19495.72
TX1002567,CUST1393,ACC167286,2024-08-28,Deposit,12915.59
TX1002568,CUST1463,ACC177468,2024-09-18,Bank Transfer,5333.13
TX1002569,CUST1281,ACC194976,2024-09-06,Bank Transfer,11208.1
TX1002570,CUST1317,ACC180149,2024-07-16,Withdrawal,2756.04
TX1002571,CUST1158,ACC188954,2024-12-18,Withdrawal,18067.29
TX1002572,CUST1605,ACC163950,2024-10-28,Deposit,4538.86
TX1002573,CUST2729,ACC130396,2024-12-21,Bank Transfer,4163.7
TX1002574,CUST2614,ACC193623,2024-10-13,Pos Purchase,9724.55
TX1002575,CUST1207,ACC107956,2024-12-15,POS,11164.36
TX1002576,CUST2039,ACC169246,2024-11-05,Bank Transfer,5404.13
TX1002577,CUST2578,ACC102492,2024-11-02,POS,19625.16
TX1002578,CUST2105,ACC155312,2024-12-04,POS,13513.04
TX1002579,CUST2710,ACC175550,2024-10-20,Deposit,1295.79
TX1002580,CUST2512,ACC141399,2024-03-11,Bank Transfer,10298.48
TX1002581,CUST2809,ACC172516,2024-08-28,Deposit,9843.88
TX1002582,CUST2078,ACC108324,2024-06-21,Bank Transfer,6023.02
TX1002583,CUST1077,ACC135107,2024-02-16,POS,17666.18
TX1002584,CUST2355,ACC184974,2024-12-20,Deposit,10421.32
TX1002585,CUST1689,ACC154675,2024-09-07,Withdrawal,6542.37
TX1002586,CUST2794,ACC162041,2024-06-24,Deposit,10033.85
TX1002587,CUST2569,ACC115327,2024-09-29,Deposit,1038.64
TX1002588,CUST2265,ACC164852,2024-09-21,POS,5317.25
TX1002589,CUST1268,ACC181618,,BankTransfer,6600.75
TX1002590,CUST2223,ACC184696,2024-11-19,Bank Transfer,11686.59
TX1002591,CUST1771,ACC145451,2024-02-02,Bank Transfer,13732.86
TX1002592,CUST1315,ACC158762,2024-05-08,Deposit,18268.14
TX1002593,CUST1332,ACC191424,2024-11-18,Bank Transfer,-6517.78
TX1002594,CUST1370,ACC157177,2024-05-17,deposit,15513.4
TX1002595,CUST2702,ACC102727,2024-05-18,Bank Transfer,13255.22
TX1002596,CUST2418,ACC121146,2024-05-27,deposit,13038.01
TX1002597,CUST2579,ACC137750,2024-10-31,withdrawal,13325.03
TX1002598,CUST2279,ACC195185,2024-09-19,POS,15818.18
TX1002599,CUST2656,ACC125192,2024-04-26,POS,7443.08
TX1002600,CUST2848,ACC161504,2024-06-09,Withdrawal,16024.83
TX1002601,CUST1339,ACC145068,2024-06-14,POS,10053.29
TX1002602,CUST2476,ACC157424,2024-05-02,Withdrawal,11236.83
TX1002603,CUST1896,ACC130422,2024-10-16,Withdrawal,52.56
TX1002604,CUST1089,ACC166536,2024-04-07,Withdrawal,17734.98
TX1002605,CUST1841,ACC128796,2024-06-27,POS,6753.11
TX1002606,CUST1746,ACC177025,2024-06-05,pos,16996.09
TX1002607,CUST2385,ACC189780,2024-04-08,Bank Transfer,2643.98
TX1002608,CUST2473,ACC144453,2024-06-20,Deposit,7918.02
TX1002609,CUST1486,ACC178918,2024-09-22,DEPOSIT,14974.73
TX1002610,CUST2985,ACC193742,2024-12-12,Withdrawal,13036.65
TX1002611,CUST1909,ACC186108,2024-07-29,POS,5230.15
TX1002612,CUST2250,ACC161402,2024-05-22,Deposit,5116.41
TX1002613,CUST1583,ACC117191,2024-05-15,Bank Transfer,12037.07
TX1002614,CUST2540,ACC138455,2024-11-02,Deposit,4304.56
TX1002615,CUST2533,ACC194764,2024-08-05,Withdrawal,8290.48
TX1002616,CUST2605,ACC193242,2024-12-08,deposit,4491.59
TX1002617,CUST1919,ACC151166,2024-12-03,POS,9343.17
TX1002618,CUST1479,ACC154638,2024-04-06,POS,7359.22
TX1002619,CUST2093,ACC188225,2024-11-09,Deposit,2156.34
TX1002620,CUST1489,ACC185524,2024-03-12,Withdrawal,19242.95
TX1002621,CUST1633,ACC196283,2024-12-18,POS,7109.08
TX1002622,CUST2977,ACC147219,2024-05-31,POS,17657.38
TX1002623,CUST2656,ACC161908,2024-04-07,BankTransfer,15994.73
TX1002624,CUST2606,ACC121237,2024-12-17,Bank Transfer,3559.66
TX1002625,CUST1960,ACC181506,2024-12-17,Deposit,1238.42
TX1002626,CUST2851,ACC127159,2024-07-04,bank-transfer,3027.0
TX1002627,CUST2710,ACC137022,2024-12-30,Withdrawal,19613.9
TX1002628,CUST1397,ACC190531,2024-10-04,Deposit,
TX1002629,CUST1753,ACC198206,2024-10-10,BankTransfer,8867.11
TX1002630,CUST2389,ACC111297,2024-06-13,POS,9123.7
TX1002631,CUST2939,ACC187432,2024-04-14,WITHDRAWAL,2004.04
TX1002632,CUST2168,ACC163293,2024-08-24,POS,7379.49
TX1002633,CUST1902,ACC116920,2024-10-24,deposit,1023.68
TX1002634,CUST1945,ACC122713,2024-09-23,Bank Transfer,6522.68
TX1002635,CUST2575,ACC126146,2024-03-29,Deposit,12635.13
TX1002636,CUST1577,ACC120488,2024-03-01,pos,1862.84
TX1002637,CUST2593,ACC179396,2024-05-29,deposit,19420.52
TX1002638,CUST1782,ACC164511,2024-11-22,POS,6958.55
TX1002639,CUST2029,ACC113225,2024-05-06,Bank Transfer,18881.69
TX1002640,CUST2080,ACC154523,2024-04-15,deposit,443.82
TX1002641,CUST1857,ACC164713,2024-11-02,Deposit,6813.23
TX1002642,CUST2978,ACC139800,2024-11-20,Deposit,7487.58
TX1002643,CUST1331,ACC130765,2024-06-21,Withdrawal,2034.62
TX1002644,CUST2672,ACC127450,2024-04-03,Deposit,22418.600000000002
TX1002645,CUST1408,ACC172984,2024-11-27,Deposit,17583.69
TX1002646,CUST2640,ACC106166,2024-09-11,Withdrawal,10951.13
TX1002647,CUST2238,ACC102376,2024-07-10,Deposit,1002.74
TX1002648,CUST1283,ACC147026,2024-05-05,Withdrawal,1760.94
TX1002649,CUST2787,ACC134184,2024-07-19,Deposit,5269.59
TX1002650,CUST1512,ACC146798,2024-09-04,Withdrawal,3758.86
TX1002651,CUST1106,ACC188726,2024-05-18,Bank Transfer,3720.74
TX1002652,CUST2313,ACC120788,2024-10-17,Withdrawal,3724.24
TX1002653,CUST1984,ACC122900,2024-08-23,Bank Transfer,11257.47
TX1002654,CUST2790,ACC165991,2024-10-02,Bank Transfer,17361.95
TX1002655,CUST1760,ACC104190,2024-06-23,Bank Transfer,9521.11
TX1002656,CUST2135,ACC108344,2024-03-15,Withdrawal,8472.05
TX1002657,CUST2913,ACC144267,2024-05-10,pos,14207.25
TX1002658,CUST1210,ACC156442,2024-11-06,Bank Transfer,4104.19
TX1002659,CUST2456,ACC114938,2024-02-06,Bank Transfer,17085.63
TX1002660,CUST2732,ACC180945,2024-05-09,POS,13435.65
TX1002661,CUST2056,ACC129712,2024-03-04,BankTransfer,13839.87
TX1002662,CUST2743,ACC115818,2024-07-11,withdrawal,961.93
TX1002663,CUST1255,ACC173660,2024-10-08,BankTransfer,5590.19
TX1002664,CUST1583,ACC129372,2024-07-20,Withdrawal,4152.07
TX1002665,CUST1171,ACC163748,2024-01-02,POS,10963.87
TX1002666,CUST2562,ACC133793,2024-02-04,Deposit,41.26
TX1002667,CUST1328,ACC144606,2024-04-06,Deposit,820.74
TX1002668,CUST1558,ACC146562,2024-05-10,POS,19634.25
TX1002669,CUST1920,ACC106117,2024-09-10,Deposit,16010.0
TX1002670,CUST2854,ACC173010,2024-08-20,Withdrawal,12315.9
TX1002671,CUST2051,ACC135060,2024-10-08,POS,1557.63
TX1002672,CUST1301,ACC119815,2024-10-25,Bank Transfer,16471.24
TX1002673,CUST2701,ACC190457,2024-05-21,POS,873.92
TX1002674,CUST1895,ACC167552,2024-09-18,Bank Transfer,7278.97
TX1002675,CUST1187,ACC179205,,WITHDRAWAL,2546.92
TX1002676,CUST2938,ACC187750,2024-08-03,Bank Transfer,1639.62
TX1002677,CUST2864,ACC113650,2024-04-11,Bank Transfer,5352.75
TX1002678,CUST1454,ACC192589,2024-05-16,Withdrawal,9187.97
TX1002679,CUST2672,ACC106608,2024-01-27,Deposit,16773.47
TX1002680,CUST1923,ACC157386,2024-08-06,Bank Transfer,15572.36
TX1002681,CUST2811,ACC159917,2024-11-17,Withdrawal,18366.89
TX1002682,CUST1715,ACC199059,2024-09-07,Bank Transfer,11611.77
TX1002683,CUST2905,ACC114539,2024-10-31,deposit,15334.78
TX1002684,CUST1054,ACC113879,2024-02-25,withdrawal,7243.37
TX1002685,CUST1849,ACC180028,2024-08-31,Withdrawal,11975.97
TX1002686,CUST1109,ACC179908,2024-08-11,Deposit,6681.71
TX1002687,CUST1811,ACC113352,2024-07-17,Deposit,-2662.78
TX1002688,CUST2028,ACC173724,2024-06-09,Deposit,388.72
TX1002689,CUST1765,ACC105501,2024-03-02,WITHDRAWAL,3612.0
TX1002690,CUST1482,ACC166493,2024-03-12,POS,12332.26
TX1002691,CUST1790,ACC113816,2024-04-02,Bank Transfer,8590.0
TX1002692,CUST1167,ACC121895,2024-03-03,Bank Transfer,19149.99
TX1002693,CUST1767,ACC182565,2024-07-04,Withdrawal,16037.45
TX1002694,CUST1459,ACC115474,2024-01-28,pos,4319.22
TX1002695,CUST1057,ACC126920,2024-01-22,Bank Transfer,18072.28
TX1002696,CUST1652,ACC147400,2024-02-05,BankTransfer,10080.97
TX1002697,CUST2906,ACC120582,2024-05-22,POS,3882.87
TX1002698,CUST1202,ACC195466,2024-02-25,POS,6249.1
TX1002699,CUST2718,ACC138289,2024-10-07,Withdrawal,17348.26
TX1002700,CUST2463,ACC192820,2024-10-01,Withdrawal,12553.95
TX1002701,CUST2331,ACC157870,2024-05-17,pos,9587.91
TX1002702,CUST1686,ACC199872,2024-03-06,deposit,17938.03
TX1002703,CUST2620,ACC166308,2024-02-19,Deposit,14393.7
TX1002704,CUST1299,ACC165325,2024-12-17,withdrawal,2478.82
TX1002705,CUST1281,ACC196017,2024-08-04,POS,812.57
TX1002706,CUST1078,ACC113014,2024-04-14,deposit,1545.45
TX1002707,CUST1587,ACC120223,2024-01-21,Bank Transfer,11910.82
TX1002708,CUST2878,ACC184815,2024-12-04,POS,3071.32
TX1002709,CUST2699,ACC147675,2024-10-17,BankTransfer,17790.0
TX1002710,CUST1967,ACC143857,2024-01-31,WITHDRAWAL,2807.27
TX1002711,CUST2425,ACC118058,2024-01-06,Withdrawal,8035.05
TX1002712,CUST2702,ACC116119,2024-02-27,POS,11757.6
TX1002713,CUST1284,ACC126462,2024-06-21,Deposit,5757.14
TX1002714,CUST2554,ACC157554,2024-11-15,POS,16073.49
TX1002715,CUST2444,ACC154493,2024-05-21,Bank Transfer,4031.31
TX1002716,CUST1960,ACC100863,2024-05-25,Bank Transfer,9203.43
TX1002717,CUST1918,ACC132154,2024-08-08,POS,5657.5
TX1002718,CUST2260,ACC162084,2024-05-03,Deposit,8945.76
TX1002719,CUST1010,ACC144737,2024-04-28,POS,19328.87
TX1002720,CUST2855,ACC137585,2024-04-22,Deposit,3108.4
TX1002721,CUST1162,ACC166194,2024-11-12,POS,5675.54
TX1002722,CUST1038,ACC122447,2024-11-05,Deposit,1662.87
TX1002723,CUST1524,ACC111171,2024-10-19,pos,2533.92
TX1002724,CUST1441,ACC134867,2024-05-16,POS,5647.26
TX1002725,CUST2710,ACC148815,2024-10-09,POS,15999.0
TX1002726,CUST1306,ACC193742,2024-06-30,bank-transfer,3600.51
TX1002727,CUST2123,ACC198939,2024-05-01,Withdrawal,8505.45
TX1002728,CUST2925,ACC154396,2024-03-18,Withdrawal,7034.29
TX1002729,CUST2489,ACC147270,2024-01-12,Bank Transfer,17119.32
TX1002730,CUST2246,ACC182502,2024-10-10,Deposit,3518.92
TX1002731,CUST2080,ACC187162,2024-10-26,Bank Transfer,4032.91
TX1002732,CUST1866,ACC132171,2024-06-11,Bank Transfer,1738.09
TX1002733,CUST1227,ACC119871,2024-04-22,Deposit,8282.31
TX1002734,CUST2589,ACC198724,2024-03-28,Deposit,7122.5
TX1002735,CUST1590,ACC198763,2024-07-15,Bank Transfer,10208.75
TX1002736,CUST1486,ACC169422,2024-04-14,Withdrawal,8376.21
TX1002737,CUST1616,ACC155275,2024-10-04,Deposit,2919.46
TX1002738,CUST1249,ACC129908,2024-11-11,pos,9079.25
TX1002739,CUST1097,ACC118087,2024-01-09,deposit,6641.82
TX1002740,CUST1488,ACC156206,2024-03-23,Deposit,3004.33
TX1002741,CUST1859,ACC154186,2024-02-16,Deposit,9143.49
TX1002742,CUST2308,ACC153648,2024-10-19,POS,2785.53
TX1002743,CUST2625,ACC160129,2024-11-10,POS,1092.24
TX1002744,CUST2275,ACC167653,2024-05-18,Deposit,4846.67
TX1002745,CUST1936,ACC189417,2024-09-05,POS,12584.84
TX1002746,CUST1128,ACC147418,2024-03-04,POS,9466.66
TX1002747,CUST1227,ACC103901,2024-02-18,Deposit,1158.29
TX1002748,CUST2713,ACC158009,2024-05-06,withdrawal,9099.35
TX1002749,CUST2853,ACC119082,2024-07-27,POS,6288.57
TX1002750,CUST2023,ACC101303,2024-04-23,POS,164.25
TX1002751,CUST2222,ACC194060,2024-05-03,Bank Transfer,17786.29
TX1002752,CUST2097,ACC167809,2024-08-23,Withdrawal,7131.37
TX1002753,CUST1033,ACC109120,2024-11-08,Withdrawal,14969.04
TX1002754,CUST2294,ACC111112,2024-03-25,Bank Transfer,16841.17
TX1002755,CUST2055,ACC144342,2024-03-29,Bank Transfer,13706.84
TX1002756,CUST2177,ACC141262,2024-04-22,Deposit,8738.1
TX1002757,CUST1495,ACC152645,2024-05-23,Withdrawal,9753.69
TX1002758,CUST2471,ACC121538,2024-02-24,Withdrawal,8531.06
TX1002759,CUST1294,ACC156894,2024-01-02,Bank Transfer,64.78
TX1002760,CUST1596,ACC108056,2024-05-02,Bank Transfer,9252.58
TX1002761,CUST1879,ACC151546,2024-12-09,POS,1529.55
TX1002762,CUST1003,ACC199508,2024-06-06,Bank Transfer,1429.25
TX1002763,CUST2259,ACC104861,2024-08-10,Deposit,3564.84
TX1002764,CUST1722,ACC186530,2024-10-23,withdrawal,13959.51
TX1002765,CUST1492,ACC184078,2024-11-03,Pos Purchase,1835.28
TX1002766,CUST2168,ACC119785,2024-07-16,Pos Purchase,7667.6
TX1002767,CUST1853,ACC175308,2024-08-16,bank-transfer,17391.31
TX1002768,CUST1383,ACC107577,2024-04-19,Bank Transfer,11980.58
TX1002769,CUST2360,ACC182786,2024-04-28,Bank Transfer,16205.76
TX1002770,CUST2368,ACC193502,2024-02-21,POS,19437.06
TX1002771,CUST1175,ACC186554,2024-02-11,Deposit,7305.86
TX1002772,CUST2072,ACC168128,2024-07-28,Bank Transfer,15916.86
TX1002773,CUST2996,ACC138761,2024-12-30,POS,11491.25
TX1002774,CUST1738,ACC154959,2024-08-15,Deposit,4600.43
TX1002775,CUST1138,ACC152691,2024-08-14,Deposit,13928.27
TX1002776,CUST2952,ACC189243,2024-03-17,withdrawal,4634.62
TX1002777,CUST2077,ACC191853,2024-07-15,Deposit,12596.58
TX1002778,CUST2114,ACC172562,2024-11-10,Bank Transfer,7417.8
TX1002779,CUST2039,ACC139888,2024-07-13,Deposit,10599.21
TX1002780,CUST2610,ACC194575,2024-01-12,Withdrawal,14684.18
TX1002781,CUST2039,ACC197346,2024-10-04,POS,14020.25
TX1002782,CUST2134,ACC141116,2024-05-19,Bank Transfer,19366.67
TX1002783,CUST1041,ACC145109,2024-04-15,POS,17418.75
TX1002784,CUST1799,ACC101035,2024-12-10,Deposit,8377.88
TX1002785,CUST2788,ACC136671,2024-09-08,Withdrawal,9466.88
TX1002786,CUST1962,ACC169178,2024-08-11,Withdrawal,1130.74
TX1002787,CUST1089,ACC180006,2024-09-25,Bank Transfer,8852.8
TX1002788,CUST2301,ACC119249,2024-06-24,withdrawal,5943.03
TX1002789,CUST1792,ACC191789,2024-06-13,Bank Transfer,2914.15
TX1002790,CUST1764,ACC152944,2024-01-11,Deposit,2174.38
TX1002791,CUST1519,ACC158482,2024-09-12,POS,10564.98
TX1002792,CUST2530,ACC184394,2024-09-16,Deposit,651.02
TX1002793,CUST1033,ACC126887,2024-11-11,POS,5435.48
TX1002794,CUST1731,ACC171358,2024-07-17,POS,7924.94
TX1002795,CUST2614,ACC181836,2024-08-14,DEPOSIT,5308.68
TX1002796,CUST1138,ACC181027,2024-11-06,BankTransfer,15000.02
TX1002797,CUST1706,ACC185463,2024-04-15,Withdrawal,15684.58
TX1002798,CUST1493,ACC157952,2024-07-09,deposit,12565.32
TX1002799,CUST2501,ACC191418,2024-03-14,POS,13685.34
TX1002800,CUST2345,ACC145252,2024-12-26,pos,14786.92
TX1002801,CUST2286,ACC185033,2024-02-09,Bank Transfer,57375.05
TX1002802,CUST1212,ACC153019,2024-11-03,,2862.26
TX1002803,CUST2580,ACC125859,2024-12-23,Deposit,-700.08
TX1002804,CUST2191,ACC139522,2024-12-15,bank-transfer,1385.79
TX1002805,CUST2505,ACC111046,2024-07-12,Withdrawal,15498.55
TX1002806,CUST2549,ACC104845,2024-03-27,DEPOSIT,18119.32
TX1002807,CUST1680,ACC170442,2024-07-25,Deposit,6466.65
TX1002808,CUST1273,ACC143842,2024-04-16,Pos Purchase,6102.58
TX1002809,CUST1090,ACC151117,2024-04-21,DEPOSIT,10093.44
TX1002810,CUST1721,ACC195040,2024-06-09,POS,15583.37
TX1002811,CUST2118,ACC194225,2024-06-29,Withdrawal,1979.54
TX1002812,CUST1693,ACC197000,2024-07-26,Pos Purchase,12139.77
TX1002813,CUST2666,ACC116515,2024-05-20,Withdrawal,3815.32
TX1002814,CUST2316,ACC168219,2024-05-07,Withdrawal,7833.1
TX1002815,CUST1358,ACC170882,2024-05-28,POS,7306.84
TX1002816,CUST2700,ACC137214,2024-04-28,Withdrawal,4963.78
TX1002817,CUST2595,ACC128014,2024-07-13,POS,19610.62
TX1002818,CUST2402,ACC112166,2024-11-03,WITHDRAWAL,4069.62
TX1002819,CUST1951,ACC167065,2024-08-28,POS,4769.94
TX1002820,CUST2424,ACC172323,2024-01-13,withdrawal,6321.03
TX1002821,CUST1980,ACC140927,2024-12-17,Bank Transfer,14176.28
TX1002822,CUST2293,ACC168332,2024-10-15,Deposit,7372.41
TX1002823,CUST1373,ACC144657,2024-05-04,Withdrawal,6060.07
TX1002824,CUST2661,ACC199227,2024-11-26,Pos Purchase,9314.59
TX1002825,CUST1276,ACC183320,2024-12-23,Bank Transfer,17411.5
TX1002826,CUST1129,ACC120975,2024-02-03,Withdrawal,67.93
TX1002827,CUST2466,ACC103069,2024-08-19,Withdrawal,16394.44
TX1002828,CUST2589,ACC103655,2024-12-31,POS,-17995.17
TX1002829,CUST2932,ACC170770,2024-01-12,POS,2399.16
TX1002830,CUST1937,ACC177660,2024-07-18,POS,15423.67
TX1002831,CUST1075,ACC133907,2024-10-19,Deposit,5278.3
TX1002832,CUST1600,ACC131632,2024-06-25,Bank Transfer,9022.24
TX1002833,CUST1412,ACC139838,2024-07-03,Withdrawal,8984.98
TX1002834,CUST1089,ACC195225,2024-07-14,DEPOSIT,12799.35
TX1002835,CUST2620,ACC155410,2024-01-11,Deposit,2942.98
TX1002836,CUST1408,ACC166227,2024-09-08,Withdrawal,15727.93
TX1002837,CUST2814,ACC114475,2024-08-11,Withdrawal,224.37
TX1002838,CUST1085,ACC195942,2024-08-16,Withdrawal,19333.47
TX1002839,CUST1646,ACC107857,2024-08-05,bank-transfer,5398.39
TX1002840,CUST2911,ACC148887,2024-02-15,bank-transfer,1239.14
TX1002841,CUST1635,ACC134046,2024-08-11,BankTransfer,16380.11
TX1002842,CUST2055,ACC182180,2024-05-10,pos,6826.77
TX1002843,CUST1815,ACC166518,2024-06-27,Withdrawal,14004.42
TX1002844,CUST2669,ACC146461,2024-04-27,Bank Transfer,12451.76
TX1002845,CUST2112,ACC116228,2024-05-17,Deposit,11040.47
TX1002846,CUST1969,ACC106256,2024-07-06,Deposit,13602.43
TX1002847,CUST1518,ACC199163,2024-05-13,Bank Transfer,16101.81
TX1002848,CUST1074,ACC185322,2024-09-02,Deposit,17253.54
TX1002849,CUST2542,ACC116351,,Deposit,18409.31
TX1002850,CUST2324,ACC158816,2024-03-27,POS,12555.45
TX1002851,CUST1391,ACC139054,2024-04-22,POS,11312.3
TX1002852,CUST1585,ACC175030,2024-10-26,Bank Transfer,9419.31
TX1002853,CUST1731,ACC196581,2024-11-26,Withdrawal,8987.13
TX1002854,CUST2765,ACC100683,2024-09-21,Bank Transfer,16812.95
TX1002855,CUST2599,ACC159394,2024-11-02,bank-transfer,10786.15
TX1002856,CUST1097,ACC144430,2024-09-28,,7619.84
TX1002857,CUST2773,ACC130945,2024-04-10,Withdrawal,2177.73
TX1002858,CUST2342,ACC197748,2024-01-19,Bank Transfer,7578.04
TX1002859,CUST1679,ACC176230,2024-07-14,POS,8894.55
TX1002860,CUST1559,ACC174133,2024-07-05,Pos Purchase,745.83
TX1002861,CUST1254,ACC193670,2024-01-25,Pos Purchase,12090.09
TX1002862,CUST2637,ACC182279,2024-04-27,POS,9876.68
TX1002863,CUST1753,ACC187231,2024-02-16,Pos Purchase,73962.70000000001
TX1002864,CUST1894,ACC169899,2024-12-28,Bank Transfer,19357.77
TX1002865,CUST2821,ACC178059,2024-03-22,Bank Transfer,15486.87
TX1002866,CUST1819,ACC130649,2024-02-17,Deposit,4787.21
TX1002867,CUST2522,ACC145919,2024-11-11,Withdrawal,15271.84
TX1002868,CUST1900,ACC139216,2024-12-22,Bank Transfer,1393.1
TX1002869,CUST2832,ACC137294,2024-10-10,Bank Transfer,1153.53
TX1002870,CUST2958,ACC187414,2024-01-26,Withdrawal,6949.75
TX1002871,CUST1791,ACC193697,2024-05-08,POS,7268.04
TX1002872,CUST1694,ACC175073,2024-02-10,WITHDRAWAL,16507.89
TX1002873,CUST2994,ACC188137,2024-09-25,POS,1688.4
TX1002874,CUST1382,ACC118346,2024-05-10,,7574.7
TX1002875,CUST2016,ACC193631,2024-08-19,POS,15383.87
TX1002876,CUST2417,ACC149501,2024-03-17,bank-transfer,3792.2
TX1002877,CUST2018,ACC168113,2024-05-30,Withdrawal,
TX1002878,CUST1752,ACC196667,2024-03-13,Withdrawal,7409.9
TX1002879,CUST2892,ACC132457,2024-08-11,pos,11781.27
TX1002880,CUST2632,ACC113792,2024-05-22,Deposit,19900.56
TX1002881,CUST2063,ACC142971,2024-04-05,Deposit,7522.1
TX1002882,CUST1546,ACC167692,2024-04-27,POS,12875.23
TX1002883,CUST2640,ACC176332,2024-07-28,Bank Transfer,568.32
TX1002884,CUST1169,ACC125238,2024-06-08,Pos Purchase,12047.14
TX1002885,CUST2489,ACC147352,2024-03-26,POS,16334.26
TX1002886,CUST1869,ACC159547,2024-09-23,Withdrawal,14456.43
TX1002887,CUST1161,ACC112843,2024-02-04,Withdrawal,872.78
TX1002888,CUST1881,ACC119209,2024-04-28,DEPOSIT,7014.21
TX1002889,CUST2233,ACC193276,2024-02-17,Bank Transfer,14350.34
TX1002890,CUST2684,ACC155796,2024-11-13,Withdrawal,12593.31
TX1002891,CUST1369,ACC154008,2024-01-27,POS,18562.25
TX1002892,CUST2117,ACC110740,2024-10-20,POS,17403.57
TX1002893,CUST1601,ACC112091,2024-12-01,POS,16562.41
TX1002894,CUST1657,ACC108151,2024-03-31,POS,19582.55
TX1002895,CUST1210,ACC155690,2024-05-27,Withdrawal,6687.64
TX1002896,CUST1163,ACC117047,2024-10-07,Withdrawal,4060.61
TX1002897,CUST1671,ACC162423,2024-08-28,BankTransfer,16820.33
TX1002898,CUST2353,ACC128152,2024-08-04,POS,9347.02
TX1002899,CUST1605,ACC158479,2024-03-26,Withdrawal,13282.3
TX1002900,CUST1627,ACC110233,2024-04-30,POS,17051.31
TX1002901,CUST1913,ACC148404,2024-01-09,POS,19809.48
TX1002902,CUST2234,ACC188712,2024-04-10,Bank Transfer,17301.44
TX1002903,CUST2469,ACC168977,2024-11-04,POS,144.06
TX1002904,CUST1872,ACC152789,2024-12-30,Deposit,5226.59
TX1002905,CUST1341,ACC177101,2024-02-09,POS,3606.73
TX1002906,CUST2412,ACC173265,2024-02-04,Deposit,256.88
TX1002907,CUST1909,ACC168019,2024-02-21,,10764.31
TX1002908,CUST1719,ACC151744,2024-05-17,Bank Transfer,12964.17
TX1002909,CUST1915,ACC134562,2024-04-01,Deposit,8513.32
TX1002910,CUST1086,ACC176585,2024-09-30,Withdrawal,13054.53
TX1002911,CUST2488,ACC165382,2024-03-04,POS,14427.55
TX1002912,CUST2781,ACC183422,2024-08-24,Pos Purchase,9008.83
TX1002913,CUST2866,ACC155498,2024-10-10,Withdrawal,11623.52
TX1002914,CUST1722,ACC157682,2024-07-07,pos,16377.33
TX1002915,CUST2259,ACC190310,2024-04-01,Withdrawal,8219.29
TX1002916,CUST1890,ACC164165,2024-03-19,Bank Transfer,15204.14
TX1002917,CUST1562,ACC195907,2024-09-30,DEPOSIT,19564.08
TX1002918,CUST2309,ACC154646,2024-04-05,Bank Transfer,16605.59
TX1002919,CUST2620,ACC121344,2024-05-05,WITHDRAWAL,13156.38
TX1002920,CUST2941,ACC118919,2024-01-05,Deposit,15754.84
TX1002921,CUST1117,ACC166294,2024-06-15,POS,16383.46
TX1002922,CUST1153,ACC116662,2024-03-28,Bank Transfer,1306.45
TX1002923,CUST2374,ACC163539,2024-05-19,Deposit,11226.65
TX1002924,CUST2305,ACC193211,2024-09-19,Withdrawal,10255.53
TX1002925,CUST1831,ACC159993,2024-01-11,POS,17303.6
TX1002926,CUST1744,ACC116958,2024-09-13,POS,14792.68
TX1002927,CUST2050,ACC192343,2024-09-15,pos,537.53
TX1002928,CUST2640,ACC167264,2024-01-30,POS,12131.21
TX1002929,CUST2535,ACC169355,2024-07-20,POS,
TX1002930,CUST2391,ACC115474,2024-03-10,Bank Transfer,4413.4
TX1002931,CUST1327,ACC191025,2024-03-26,Pos Purchase,16770.36
TX1002932,CUST2951,ACC127871,2024-01-25,POS,11756.82
TX1002933,CUST1063,ACC159694,2024-08-28,Pos Purchase,1369.38
TX1002934,CUST1292,ACC162043,2024-03-20,Pos Purchase,5573.98
TX1002935,CUST2738,ACC104273,2024-03-08,Withdrawal,11439.71
TX1002936,CUST2244,ACC197844,2024-05-03,Bank Transfer,16293.49
TX1002937,CUST2388,ACC120557,2024-11-07,Deposit,1354.19
TX1002938,CUST2600,ACC173272,2024-07-07,POS,9352.39
TX1002939,CUST1897,ACC148409,2024-10-20,Withdrawal,989.29
TX1002940,CUST1071,ACC115566,2024-05-22,Deposit,3934.13
TX1002941,CUST1258,ACC178852,2024-08-24,Deposit,2727.32
TX1002942,CUST1137,ACC153558,2024-05-05,withdrawal,
TX1002943,CUST1483,ACC114461,2024-08-20,POS,13338.77
TX1002944,CUST2594,ACC115842,2024-03-30,Withdrawal,10552.36
TX1002945,CUST2321,ACC148442,2024-12-29,Bank Transfer,6901.07
TX1002946,CUST1750,ACC174942,2024-02-26,POS,16881.74
TX1002947,CUST1741,ACC137957,2024-12-31,Bank Transfer,13369.86
TX1002948,CUST1784,ACC105279,2024-05-07,BankTransfer,13809.39
TX1002949,CUST2944,ACC168521,2024-03-23,Deposit,9242.03
TX1002950,CUST2161,ACC120093,2024-11-23,deposit,16467.38
TX1002951,CUST1066,ACC115432,2024-11-06,pos,17024.23
TX1002952,CUST2239,ACC148688,2024-01-22,pos,15700.05
TX1002953,CUST1314,ACC139967,2024-02-04,Bank Transfer,1701.69
TX1002954,CUST2390,ACC149081,2024-07-12,POS,13423.78
TX1002955,CUST1921,ACC139748,2024-03-10,Withdrawal,9288.28
TX1002956,CUST2943,ACC138532,2024-01-01,Deposit,13956.24
TX1002957,CUST1759,ACC163691,2024-05-27,Withdrawal,10135.34
TX1002958,CUST1761,ACC103667,2024-08-23,POS,17620.02
TX1002959,CUST1909,ACC118726,2024-09-27,bank-transfer,2020.13
TX1002960,CUST2562,ACC118630,2024-09-07,Deposit,11267.73
TX1002961,CUST1157,ACC177283,2024-12-12,DEPOSIT,8541.78
TX1002962,CUST2175,ACC155280,2024-07-21,WITHDRAWAL,13124.2
TX1002963,CUST1281,ACC106376,2024-10-08,withdrawal,14707.63
TX1002964,CUST2084,ACC139998,2024-10-04,DEPOSIT,18176.12
TX1002965,CUST1751,ACC137156,2024-07-25,Bank Transfer,
TX1002966,CUST1815,ACC128256,2024-09-25,Deposit,573.15
TX1002967,CUST1643,ACC123996,2024-08-26,Bank Transfer,9822.23
TX1002968,CUST2330,ACC196948,2024-11-27,Withdrawal,4053.58
TX1002969,CUST1570,ACC164067,2024-09-23,Withdrawal,6365.52
TX1002970,CUST1511,ACC100273,2024-06-30,POS,11896.58
TX1002971,CUST2967,ACC116033,2024-11-06,POS,7812.97
TX1002972,CUST1232,ACC171766,2024-10-22,Deposit,15965.16
TX1002973,CUST1053,ACC145698,2024-07-26,pos,13720.08
TX1002974,CUST2506,ACC108855,2024-05-08,Withdrawal,19809.88
TX1002975,CUST1381,ACC105856,2024-09-25,Withdrawal,16350.53
TX1002976,CUST2022,ACC154732,2024-07-27,Withdrawal,2994.43
TX1002977,CUST2060,ACC163068,2024-03-26,Withdrawal,7088.48
TX1002978,CUST1792,ACC175112,2024-09-14,DEPOSIT,16320.93
TX1002979,CUST2870,ACC140593,2024-09-12,deposit,16887.58
TX1002980,CUST2150,ACC174155,2024-03-05,Withdrawal,19418.98
TX1002981,CUST1241,ACC159293,2024-01-19,Deposit,7374.21
TX1002982,CUST1536,ACC144279,2024-04-15,Withdrawal,4810.76
TX1002983,CUST2587,ACC149454,2024-02-07,Deposit,18549.85
TX1002984,CUST1533,ACC162289,2024-11-03,Withdrawal,16679.83
TX1002985,CUST2441,ACC194376,2024-07-07,Bank Transfer,18675.68
TX1002986,CUST1913,ACC179391,2024-06-01,Bank Transfer,13261.28
TX1002987,CUST1439,ACC117407,2024-02-29,Bank Transfer,15943.64
TX1002988,CUST2253,ACC199870,2024-11-05,WITHDRAWAL,14614.83
TX1002989,CUST1584,ACC118156,2024-07-30,BankTransfer,15650.89
TX1002990,CUST2421,ACC166160,2024-07-14,Deposit,12200.13
TX1002991,CUST2876,ACC183422,2024-07-11,Deposit,7040.6
TX1002992,CUST2005,ACC160415,2024-06-02,Deposit,983.67
TX1002993,CUST1409,ACC199834,2024-07-10,Withdrawal,7144.92
TX1002994,CUST1251,ACC158973,2024-01-13,POS,8494.07
TX1002995,CUST1277,ACC187453,2024-06-10,POS,14942.68
TX1002996,CUST2746,ACC158861,2024-09-06,Withdrawal,17586.82
TX1002997,CUST1151,ACC119527,2024-04-11,DEPOSIT,14452.36
TX1002998,CUST1925,ACC195402,2024-01-09,Withdrawal,8327.15
TX1002999,CUST1353,ACC142626,2024-04-20,BankTransfer,9462.94
TX1003000,CUST2840,ACC111706,2024-08-10,POS,7268.49
TX1003001,CUST2460,ACC181889,2024-11-22,Bank Transfer,2421.75
TX1003002,CUST1911,ACC187097,2024-03-16,Withdrawal,2623.05
TX1003003,CUST1179,ACC181735,2024-08-18,Withdrawal,2268.98
TX1003004,CUST2659,ACC153690,2024-10-29,Bank Transfer,14541.5
TX1003005,CUST2396,ACC150755,2024-03-12,POS,5250.18
TX1003006,CUST2981,ACC130516,2024-11-28,POS,8991.0
TX1003007,CUST2731,ACC151825,2024-06-03,POS,19607.75
TX1003008,CUST1654,ACC144433,2024-07-21,Deposit,9987.53
TX1003009,CUST2367,ACC170909,2024-05-05,Withdrawal,12148.18
TX1003010,CUST1711,ACC106005,2024-03-13,Withdrawal,7482.58
TX1003011,CUST2453,ACC187876,2024-01-09,Withdrawal,19698.24
TX1003012,CUST1132,ACC158077,2024-04-26,Deposit,18570.87
TX1003013,CUST2126,ACC196457,2024-08-12,withdrawal,13336.69
TX1003014,CUST2110,ACC136356,2024-05-09,Deposit,18903.02
TX1003015,CUST1594,ACC184661,2024-09-06,Bank Transfer,13095.56
TX1003016,CUST2825,ACC111603,2024-07-23,Bank Transfer,6144.83
TX1003017,CUST1614,ACC121707,2024-08-26,deposit,10745.57
TX1003018,CUST2743,ACC192695,2024-12-30,POS,7463.15
TX1003019,CUST1322,ACC103251,2024-08-26,Deposit,12092.17
TX1003020,CUST2457,ACC174972,2024-07-09,POS,11809.19
TX1003021,CUST2453,ACC182589,2024-04-14,Deposit,15037.0
TX1003022,CUST2899,ACC192720,2024-08-25,withdrawal,3557.1
TX1003023,CUST2434,ACC140481,2024-03-07,Bank Transfer,2900.46
TX1003024,CUST2306,ACC173537,2024-07-31,Bank Transfer,731.57
TX1003025,CUST1356,ACC184562,2024-01-27,WITHDRAWAL,1614.27
TX1003026,CUST2625,ACC116224,2024-05-05,Bank Transfer,4010.94
TX1003027,CUST1740,ACC184399,2024-03-15,POS,13943.6
TX1003028,CUST2041,ACC173315,2024-11-23,Bank Transfer,17842.25
TX1003029,CUST1459,ACC111161,2024-02-21,POS,8521.46
TX1003030,CUST1248,ACC125221,2024-05-31,Deposit,11562.82
TX1003031,CUST1411,ACC181094,2024-07-10,pos,2982.59
TX1003032,CUST2622,ACC171019,2024-01-28,POS,16199.02
TX1003033,CUST1284,ACC175609,2024-06-28,POS,2247.6
TX1003034,CUST1484,ACC199302,2024-08-26,Withdrawal,1790.04
TX1003035,CUST2618,ACC106930,2024-07-16,POS,8410.37
TX1003036,CUST2011,ACC174743,2024-11-30,withdrawal,11709.51
TX1003037,CUST1053,ACC168387,2024-08-09,Withdrawal,3791.09
TX1003038,CUST1739,ACC124824,2024-02-09,Deposit,7397.52
TX1003039,CUST2134,ACC198377,2024-11-02,Deposit,13568.09
TX1003040,CUST2172,ACC162368,2024-05-30,Withdrawal,4265.62
TX1003041,CUST1755,ACC165881,2024-06-30,Withdrawal,1535.27
TX1003042,CUST1957,ACC102446,2024-09-19,Pos Purchase,15295.46
TX1003043,CUST2645,ACC115765,2024-10-09,Deposit,9573.02
TX1003044,CUST2129,ACC186278,2024-09-01,Deposit,4342.82
TX1003045,CUST1265,ACC169711,2024-01-21,BankTransfer,6425.53
TX1003046,CUST2253,ACC123559,2024-09-02,Bank Transfer,7872.36
TX1003047,CUST2810,ACC102486,2024-02-04,POS,2660.77
TX1003048,CUST1176,ACC136039,2024-06-29,Deposit,15958.87
TX1003049,CUST1134,ACC126975,2024-06-18,POS,14476.72
TX1003050,CUST1633,ACC132150,2024-04-09,POS,9554.05
TX1003051,CUST1815,ACC192486,2024-06-07,Withdrawal,4650.53
TX1003052,CUST2468,ACC175963,2024-09-16,Deposit,6595.19
TX1003053,CUST2472,ACC158226,2024-03-25,withdrawal,6636.34
TX1003054,CUST1980,ACC111094,2024-01-06,Withdrawal,8476.28
TX1003055,CUST2076,ACC169932,2024-02-21,Deposit,3441.57
TX1003056,CUST1841,ACC179541,2024-03-15,Bank Transfer,2723.67
TX1003057,CUST2575,ACC141999,2024-12-30,,13513.98
TX1003058,CUST1838,ACC152664,2024-10-14,POS,15513.29
TX1003059,CUST2686,ACC177187,2024-05-18,,19122.53
TX1003060,CUST2177,ACC105896,2024-01-31,Bank Transfer,5079.09
TX1003061,CUST1151,ACC164418,2024-01-13,DEPOSIT,10088.57
TX1003062,CUST1256,ACC103049,2024-09-17,POS,2283.59
TX1003063,CUST2991,ACC144558,2024-04-21,POS,11175.03
TX1003064,CUST1649,ACC157280,2024-11-18,Bank Transfer,8070.59
TX1003065,CUST2315,ACC123659,2024-09-23,Bank Transfer,17091.33
TX1003066,CUST1151,ACC154386,2024-07-09,Bank Transfer,11788.78
TX1003067,CUST1921,ACC103153,2024-01-13,bank-transfer,5814.75
TX1003068,CUST1954,ACC169193,2024-08-17,Bank Transfer,7374.11
TX1003069,CUST2392,ACC141599,2024-07-25,Deposit,9046.63
TX1003070,CUST2059,ACC150070,2024-06-20,Withdrawal,11416.0
TX1003071,CUST1705,ACC133708,2024-11-09,Bank Transfer,3312.39
TX1003072,CUST1262,ACC111930,2024-08-23,POS,2559.42
TX1003073,CUST2798,ACC115026,2024-06-26,POS,11584.39
TX1003074,CUST2697,ACC113019,2024-11-14,BankTransfer,1663.25
TX1003075,CUST2597,ACC171012,2024-06-16,Deposit,12899.33
TX1003076,CUST2129,ACC122040,2024-05-25,Deposit,10218.56
TX1003077,CUST2310,ACC137401,2024-07-07,Deposit,6719.59
TX1003078,CUST2203,ACC118878,2024-01-27,POS,18654.71
TX1003079,CUST1372,ACC123942,2024-09-21,POS,15866.38
TX1003080,CUST2572,ACC133496,2024-10-26,Bank Transfer,11357.48
TX1003081,CUST2978,ACC111747,2024-03-04,BankTransfer,5545.29
TX1003082,CUST1264,ACC120214,2024-08-12,Deposit,14427.21
TX1003083,CUST1886,ACC140212,2024-09-06,Bank Transfer,16881.42
TX1003084,CUST2029,ACC153382,2024-08-09,Deposit,7476.7
TX1003085,CUST2865,ACC188946,2024-09-20,Bank Transfer,15163.13
TX1003086,CUST2778,ACC122176,2024-01-19,Deposit,12970.97
TX1003087,CUST1113,ACC107721,2024-12-07,POS,6332.15
TX1003088,CUST2702,ACC180540,2024-10-07,Withdrawal,19309.07
TX1003089,CUST1254,ACC142636,2024-10-16,Bank Transfer,13857.54
TX1003090,CUST2061,ACC123784,2024-09-16,Bank Transfer,9904.02
TX1003091,CUST1313,ACC103561,2024-02-04,Bank Transfer,9655.49
TX1003092,CUST1622,ACC193493,2024-03-19,,16902.18
TX1003093,CUST1337,ACC107667,2024-07-12,BankTransfer,1586.76
TX1003094,CUST1331,ACC139062,2024-06-18,Withdrawal,6020.11
TX1003095,CUST1660,ACC151110,2024-12-04,Bank Transfer,1492.54
TX1003096,CUST2914,ACC112942,2024-12-31,Bank Transfer,2519.53
TX1003097,CUST2452,ACC141948,2024-08-13,Bank Transfer,6032.35
TX1003098,CUST1461,ACC118672,2024-11-21,BankTransfer,6043.17
TX1003099,CUST1708,ACC154109,2024-05-16,Withdrawal,6392.1
TX1003100,CUST2940,ACC142495,2024-03-14,Bank Transfer,7001.35
TX1003101,CUST2926,ACC133807,2024-03-13,DEPOSIT,10063.06
TX1003102,CUST2062,ACC149219,2024-04-10,Withdrawal,13916.39
TX1003103,CUST2832,ACC115855,2024-02-17,deposit,1383.51
TX1003104,CUST1581,ACC106799,2024-11-11,Withdrawal,6615.2
TX1003105,CUST2732,ACC126549,2024-07-15,bank-transfer,7040.85
TX1003106,CUST1161,ACC131407,2024-05-21,Pos Purchase,17142.4
TX1003107,CUST1513,ACC198583,2024-07-20,Deposit,2823.04
TX1003108,CUST1402,ACC178250,2024-04-22,Withdrawal,19374.11
TX1003109,CUST2300,ACC176812,2024-01-22,Bank Transfer,3166.84
TX1003110,CUST2958,ACC130997,2024-01-23,POS,12381.83
TX1003111,CUST2128,ACC164615,2024-06-04,Deposit,10316.23
TX1003112,CUST1562,ACC166666,2024-01-07,Deposit,14664.13
TX1003113,CUST1256,ACC198617,2024-03-09,bank-transfer,3770.02
TX1003114,CUST2280,ACC166115,2024-04-09,bank-transfer,11834.57
TX1003115,CUST1620,ACC150469,2024-08-02,Withdrawal,17094.32
TX1003116,CUST2258,ACC115083,2024-10-18,POS,9019.64
TX1003117,CUST2092,ACC135296,2024-04-09,Withdrawal,7053.25
TX1003118,CUST1191,ACC107947,2024-08-01,DEPOSIT,8359.93
TX1003119,CUST2029,ACC141724,2024-03-18,Bank Transfer,17642.39
TX1003120,CUST2312,ACC160925,2024-08-06,Bank Transfer,5139.08
TX1003121,CUST1345,ACC172498,2024-10-07,Withdrawal,3997.35
TX1003122,CUST2212,ACC153356,2024-10-17,Withdrawal,2017.4
TX1003123,CUST2928,ACC108579,2024-05-10,Pos Purchase,10721.46
TX1003124,CUST2189,ACC163461,2024-04-17,Deposit,17799.34
TX1003125,CUST1315,ACC103788,2024-01-01,deposit,15821.92
TX1003126,CUST1350,ACC153411,2024-02-03,bank-transfer,19529.85
TX1003127,CUST2349,ACC183039,2024-03-24,Bank Transfer,16133.67
TX1003128,CUST2278,ACC130636,2024-01-20,withdrawal,10746.77
TX1003129,CUST2475,ACC102440,2024-05-15,WITHDRAWAL,6497.02
TX1003130,CUST2847,ACC135279,2024-09-04,Deposit,8000.72
TX1003131,CUST2239,ACC172623,2024-02-03,Bank Transfer,15182.75
TX1003132,CUST1691,ACC176830,2024-04-22,Deposit,4564.31
TX1003133,CUST2725,ACC188486,2024-08-27,Withdrawal,18455.55
TX1003134,CUST2892,ACC113305,2024-03-25,Bank Transfer,12867.89
TX1003135,CUST2154,ACC132285,2024-12-10,BankTransfer,5459.0
TX1003136,CUST1084,ACC172706,2024-09-09,POS,16039.29
TX1003137,CUST2690,ACC185400,2024-02-28,Deposit,1218.26
TX1003138,CUST2769,ACC116458,2024-02-10,bank-transfer,14339.91
TX1003139,CUST1058,ACC139926,2024-12-08,POS,322.67
TX1003140,CUST1166,ACC174481,2024-08-23,POS,2926.68
TX1003141,CUST1093,ACC153313,2024-06-24,Withdrawal,9740.82
TX1003142,CUST2942,ACC158455,2024-11-11,Pos Purchase,14975.98
TX1003143,CUST2313,ACC110998,2024-07-09,pos,9484.13
TX1003144,CUST2579,ACC183335,2024-08-28,Pos Purchase,12448.45
TX1003145,CUST2181,ACC165592,2024-05-12,Bank Transfer,6982.67
TX1003146,CUST1542,ACC126667,2024-10-22,Deposit,16831.46
TX1003147,CUST2333,ACC118660,2024-10-12,Withdrawal,3013.57
TX1003148,CUST1431,ACC148929,2024-10-07,Bank Transfer,18417.24
TX1003149,CUST2570,ACC170836,2024-06-18,POS,37.92
TX1003150,CUST2171,ACC122044,2024-11-19,Bank Transfer,17017.51
TX1003151,CUST1853,ACC132133,2024-12-06,Deposit,15995.93
TX1003152,CUST2265,ACC170455,2024-06-16,pos,10103.55
TX1003153,CUST2308,ACC155542,2024-09-26,POS,17547.05
TX1003154,CUST1062,ACC172764,2024-03-20,Deposit,12302.9
TX1003155,CUST2019,ACC159210,2024-12-07,POS,12229.8
TX1003156,CUST2820,ACC105477,2024-12-15,Withdrawal,18761.92
TX1003157,CUST2284,ACC100131,2024-10-28,Bank Transfer,12833.61
TX1003158,CUST2117,ACC160902,2024-09-23,POS,-4290.42
TX1003159,CUST1593,ACC181360,2024-12-15,pos,3120.91
TX1003160,CUST2314,ACC137912,2024-05-22,BankTransfer,16951.98
TX1003161,CUST2959,ACC185597,2024-10-31,Deposit,12556.84
TX1003162,CUST1618,ACC121939,2024-05-05,pos,4915.94
TX1003163,CUST1989,ACC100071,2024-04-25,POS,8971.48
TX1003164,CUST1501,ACC107887,2024-01-12,Withdrawal,19065.34
TX1003165,CUST2648,ACC163201,2024-08-10,Bank Transfer,4210.64
TX1003166,CUST2653,ACC135822,2024-09-04,Deposit,6140.66
TX1003167,CUST2402,ACC178363,2024-05-19,Bank Transfer,10060.92
TX1003168,CUST1831,ACC132884,2024-06-17,WITHDRAWAL,12686.88
TX1003169,CUST1609,ACC189128,2024-09-17,Withdrawal,2023.9
TX1003170,CUST1928,ACC149827,2024-06-02,POS,6505.77
TX1003171,CUST1149,ACC146061,2024-09-12,Deposit,9994.7
TX1003172,CUST2410,ACC182864,2024-07-26,bank-transfer,17103.27
TX1003173,CUST1122,ACC127886,2024-01-27,deposit,5998.37
TX1003174,CUST1323,ACC176697,2024-10-29,Bank Transfer,7394.93
TX1003175,CUST1900,ACC166889,2024-06-02,Withdrawal,1073.68
TX1003176,CUST1851,ACC136872,2024-05-11,Deposit,1859.25
TX1003177,CUST1991,ACC105961,2024-02-24,deposit,19553.82
TX1003178,CUST1951,ACC121157,2024-03-16,Deposit,-8246.6
TX1003179,CUST1417,ACC196886,2024-10-11,Bank Transfer,16832.84
TX1003180,CUST1696,ACC170004,2024-04-24,Withdrawal,17577.0
TX1003181,CUST2242,ACC173804,2024-04-22,Bank Transfer,3235.82
TX1003182,CUST1294,ACC109166,2024-05-07,Bank Transfer,3755.65
TX1003183,CUST1640,ACC139405,2024-08-25,pos,16645.07
TX1003184,CUST2764,ACC111759,2024-03-19,POS,6693.12
TX1003185,CUST2471,ACC151813,2024-02-20,Withdrawal,6473.45
TX1003186,CUST1653,ACC191544,2024-12-23,Bank Transfer,8330.35
TX1003187,CUST2503,ACC116118,2024-10-04,Withdrawal,3261.7
TX1003188,CUST2762,ACC118304,2024-09-15,Deposit,18241.53
TX1003189,CUST1707,ACC195036,2024-07-04,Pos Purchase,19230.65
TX1003190,CUST2997,ACC172938,2024-07-30,Deposit,16612.27
TX1003191,CUST1816,ACC136629,2024-07-23,POS,6840.24
TX1003192,CUST1267,ACC156618,2024-08-02,Deposit,5020.7
TX1003193,CUST2557,ACC127636,2024-10-17,POS,7793.83
TX1003194,CUST1758,ACC180012,2024-06-18,Bank Transfer,14186.81
TX1003195,CUST2054,ACC166167,2024-06-02,POS,3400.65
TX1003196,CUST2150,ACC141720,2024-02-11,POS,-13275.59
TX1003197,CUST1217,ACC189404,2024-05-04,Bank Transfer,11396.62
TX1003198,CUST1653,ACC144909,2024-03-24,Withdrawal,89.28
TX1003199,CUST1495,ACC183252,2024-11-15,Deposit,16732.3
TX1003200,CUST1955,ACC134257,2024-09-03,Bank Transfer,1676.37
TX1003201,CUST1250,ACC198657,2024-12-05,Deposit,8902.02
TX1003202,CUST1547,ACC192766,2024-02-03,POS,13331.5
TX1003203,CUST1920,ACC159338,2024-06-09,Bank Transfer,4589.19
TX1003204,CUST1507,ACC135784,2024-01-30,withdrawal,7704.57
TX1003205,CUST1288,ACC132234,2024-08-11,Withdrawal,18262.26
TX1003206,CUST1198,ACC186805,2024-07-26,Pos Purchase,18367.35
TX1003207,CUST1103,ACC142157,2024-08-09,,16030.75
TX1003208,CUST1594,ACC144778,2024-03-19,Pos Purchase,18519.1
TX1003209,CUST2936,ACC127606,2024-07-31,pos,16665.67
TX1003210,CUST1786,ACC160266,2024-08-30,Bank Transfer,5191.17
TX1003211,CUST2769,ACC178579,2024-01-16,Deposit,13706.76
TX1003212,CUST2260,ACC143051,2024-06-19,POS,14417.64
TX1003213,CUST1856,ACC102080,2024-07-08,Withdrawal,1022.22
TX1003214,CUST1508,ACC190681,2024-03-01,Withdrawal,5119.85
TX1003215,CUST2971,ACC117527,2024-06-06,Withdrawal,
TX1003216,CUST2772,ACC184730,2024-04-30,Withdrawal,18527.49
TX1003217,CUST2847,ACC100268,2024-09-06,Withdrawal,10514.53
TX1003218,CUST1327,ACC179794,2024-09-08,withdrawal,19705.8
TX1003219,CUST2666,ACC162459,2024-07-21,Bank Transfer,1038.91
TX1003220,CUST1670,ACC100560,2024-10-28,POS,11566.02
TX1003221,CUST2912,ACC101255,2024-04-19,Bank Transfer,15478.07
TX1003222,CUST2183,ACC188172,2024-07-26,Withdrawal,2176.03
TX1003223,CUST2476,ACC122745,2024-08-08,POS,3805.82
TX1003224,CUST1640,ACC154154,2024-04-30,POS,
TX1003225,CUST1388,ACC172848,2024-05-26,POS,5202.57
TX1003226,CUST2562,ACC191290,2024-05-04,Bank Transfer,15253.27
TX1003227,CUST1326,ACC192182,2024-11-08,Deposit,1717.3
TX1003228,CUST2020,ACC164091,2024-03-25,Deposit,3554.65
TX1003229,CUST2054,ACC199937,2024-06-21,POS,18253.48
TX1003230,CUST1956,ACC151483,2024-03-22,Withdrawal,3317.5
TX1003231,CUST2021,ACC170533,2024-11-02,Deposit,12665.83
TX1003232,CUST2800,ACC110636,2024-06-16,POS,9757.21
TX1003233,CUST1631,ACC185078,2024-10-30,POS,7993.21
TX1003234,CUST2018,ACC185362,2024-07-11,Withdrawal,7665.57
TX1003235,CUST1047,ACC110161,2024-02-12,Withdrawal,841.69
TX1003236,CUST1184,ACC170601,2024-02-21,Deposit,12151.38
TX1003237,CUST2935,ACC104056,2024-02-12,Bank Transfer,8728.09
TX1003238,CUST1805,ACC188029,2024-02-12,Withdrawal,13292.51
TX1003239,CUST2035,ACC158350,2024-01-05,bank-transfer,1727.02
TX1003240,CUST1936,ACC188112,2024-03-17,DEPOSIT,14641.32
TX1003241,CUST2979,ACC116176,2024-10-03,pos,18147.9
TX1003242,CUST1493,ACC146267,2024-08-07,POS,5403.55
TX1003243,CUST1440,ACC149332,2024-09-09,BankTransfer,3842.98
TX1003244,CUST2194,ACC178815,2024-02-17,POS,13485.49
TX1003245,CUST1722,ACC146919,2024-12-23,Bank Transfer,8700.66
TX1003246,CUST1099,ACC150692,2024-11-27,Bank Transfer,7199.53
TX1003247,CUST1103,ACC123224,2024-03-18,Bank Transfer,16074.34
TX1003248,CUST1576,ACC191361,2024-01-27,POS,2818.16
TX1003249,CUST2013,ACC101105,2024-01-02,Deposit,6817.48
TX1003250,CUST2223,ACC116353,2024-08-29,POS,18808.07
TX1003251,CUST2807,ACC160646,2024-03-31,deposit,16004.48
TX1003252,CUST2726,ACC148559,2024-01-17,BankTransfer,1356.07
TX1003253,CUST2339,ACC125295,2024-03-09,Withdrawal,18096.77
TX1003254,CUST2377,ACC158271,2024-05-29,POS,13935.88
TX1003255,CUST1963,ACC101227,2024-07-06,Withdrawal,17586.58
TX1003256,CUST1585,ACC129035,2024-12-13,POS,11042.99
TX1003257,CUST2099,ACC197405,2024-12-17,deposit,8790.5
TX1003258,CUST1016,ACC102592,2024-12-24,Withdrawal,12256.36
TX1003259,CUST2735,ACC199407,2024-07-01,POS,13342.98
TX1003260,CUST1220,ACC136848,2024-12-07,Deposit,14543.27
TX1003261,CUST1882,ACC189201,2024-10-19,deposit,54903.0
TX1003262,CUST1274,ACC192955,2024-02-14,pos,11320.73
TX1003263,CUST2807,ACC146900,2024-01-21,Withdrawal,14080.76
TX1003264,CUST1541,ACC125101,2024-03-25,POS,3561.81
TX1003265,CUST2489,ACC111792,2024-06-07,,80309.25
TX1003266,CUST1749,ACC180405,2024-06-18,Deposit,11857.05
TX1003267,CUST2564,ACC181951,2024-02-21,POS,3411.98
TX1003268,CUST1825,ACC139738,2024-01-20,Pos Purchase,16290.65
TX1003269,CUST1749,ACC194084,2024-10-25,bank-transfer,17257.11
TX1003270,CUST1092,ACC128986,2024-02-12,POS,12866.07
TX1003271,CUST1820,ACC130704,2024-01-21,Deposit,2061.85
TX1003272,CUST1104,ACC164724,2024-11-10,Bank Transfer,5669.97
TX1003273,CUST2167,ACC147579,2024-01-01,bank-transfer,11412.87
TX1003274,CUST2150,ACC104822,2024-04-08,bank-transfer,18210.66
TX1003275,CUST1398,ACC136799,2024-03-28,Bank Transfer,5413.99
TX1003276,CUST1742,ACC164597,2024-07-19,Bank Transfer,2266.93
TX1003277,CUST2133,ACC192280,2024-09-08,Deposit,2212.07
TX1003278,CUST1591,ACC192663,2024-02-25,Deposit,146.73
TX1003279,CUST1150,ACC179433,2024-05-16,POS,
TX1003280,CUST1791,ACC127405,2024-10-30,Withdrawal,16313.19
TX1003281,CUST2032,ACC100935,2024-05-29,Bank Transfer,19229.94
TX1003282,CUST1922,ACC125701,2024-11-11,Bank Transfer,13870.41
TX1003283,CUST2565,ACC183681,2024-09-26,Withdrawal,7941.46
TX1003284,CUST2126,ACC151915,2024-02-06,Pos Purchase,11549.16
TX1003285,CUST1572,ACC114541,2024-11-09,Deposit,3799.32
TX1003286,CUST2690,ACC136352,2024-05-25,DEPOSIT,2428.73
TX1003287,CUST2276,ACC174593,2024-03-11,Withdrawal,17095.87
TX1003288,CUST2393,ACC165578,2024-02-03,POS,8249.64
TX1003289,CUST2251,ACC164751,2024-08-24,Deposit,3085.19
TX1003290,CUST1243,ACC122344,2024-11-06,Bank Transfer,18116.24
TX1003291,CUST1263,ACC172323,2024-05-13,WITHDRAWAL,16578.68
TX1003292,CUST2996,ACC125397,2024-03-21,POS,16417.61
TX1003293,CUST1198,ACC186486,2024-11-25,POS,620.27
TX1003294,CUST1806,ACC196837,2024-12-24,Deposit,9009.99
TX1003295,CUST1764,ACC174148,2024-09-20,Bank Transfer,17801.69
TX1003296,CUST2627,ACC188103,2024-02-19,Bank Transfer,3051.41
TX1003297,CUST1694,ACC189441,2024-09-11,POS,12389.4
TX1003298,CUST2142,ACC179032,2024-11-06,Withdrawal,10126.71
TX1003299,CUST2922,ACC174074,2024-04-24,deposit,6061.49
TX1003300,CUST1748,ACC123006,2024-12-18,Withdrawal,6151.4
TX1003301,CUST2546,ACC108566,2024-05-25,Bank Transfer,12369.23
TX1003302,CUST1295,ACC177091,2024-01-17,bank-transfer,10068.9
TX1003303,CUST1407,ACC116809,2024-07-20,POS,19207.52
TX1003304,CUST2233,ACC197776,2024-06-22,,7826.16
TX1003305,CUST2042,ACC108526,2024-12-06,Deposit,7286.1
TX1003306,CUST1822,ACC116702,2024-03-24,Withdrawal,5952.93
TX1003307,CUST2024,ACC134029,2024-12-21,Deposit,1491.32
TX1003308,CUST1082,ACC174698,2024-08-30,POS,10853.83
TX1003309,CUST1092,ACC129879,2024-08-19,POS,9272.39
TX1003310,CUST1079,ACC168561,2024-07-02,DEPOSIT,18790.52
TX1003311,CUST1280,ACC195538,2024-09-17,Withdrawal,12001.16
TX1003312,CUST2461,ACC135956,2024-06-05,pos,4953.39
TX1003313,CUST1682,ACC125146,2024-05-30,POS,7717.85
TX1003314,CUST2646,ACC188864,2024-11-30,bank-transfer,17739.44
TX1003315,CUST1970,ACC103030,2024-12-27,Withdrawal,6545.71
TX1003316,CUST2063,ACC190831,2024-07-24,Withdrawal,12137.35
TX1003317,CUST1935,ACC188832,2024-08-02,Deposit,2044.61
TX1003318,CUST1305,ACC169853,2024-04-30,Bank Transfer,8332.68
TX1003319,CUST2241,ACC180538,2024-06-07,Deposit,19132.27
TX1003320,CUST2829,ACC133150,2024-12-07,Deposit,13880.04
TX1003321,CUST2055,ACC189218,2024-06-16,Withdrawal,11538.52
TX1003322,CUST1286,ACC173415,2024-04-17,POS,19922.92
TX1003323,CUST1671,ACC159497,2024-05-03,Withdrawal,19333.6
TX1003324,CUST2907,ACC100256,2024-08-24,withdrawal,3835.86
TX1003325,CUST2255,ACC155982,2024-03-17,deposit,2999.17
TX1003326,CUST1652,ACC184012,2024-12-26,POS,2282.44
TX1003327,CUST1332,ACC188224,2024-03-20,Deposit,13096.08
TX1003328,CUST1804,ACC185200,2024-01-19,POS,17849.68
TX1003329,CUST2262,ACC106797,2024-02-10,DEPOSIT,1976.5
TX1003330,CUST2514,ACC142336,2024-01-31,Deposit,1242.11
TX1003331,CUST2725,ACC156694,2024-10-27,Deposit,6299.76
TX1003332,CUST1612,ACC153330,2024-03-01,Deposit,2756.51
TX1003333,CUST2215,ACC135918,2024-03-16,POS,2055.8
TX1003334,CUST1688,ACC115953,2024-02-25,Withdrawal,8058.82
TX1003335,CUST2038,ACC189151,2024-08-17,Withdrawal,17557.67
TX1003336,CUST2696,ACC167933,2024-03-05,POS,15352.38
TX1003337,CUST2043,ACC161156,2024-03-17,Withdrawal,17745.36
TX1003338,CUST2090,ACC164955,2024-02-07,Withdrawal,4724.09
TX1003339,CUST2003,ACC147378,2024-05-24,pos,3668.78
TX1003340,CUST2451,ACC167797,2024-06-19,withdrawal,
TX1003341,CUST2152,ACC199486,2024-12-18,Withdrawal,14308.16
TX1003342,CUST1613,ACC105697,2024-06-12,deposit,257.27
TX1003343,CUST1972,ACC194531,2024-10-23,POS,2516.43
TX1003344,CUST2670,ACC129431,2024-05-02,Bank Transfer,17629.34
TX1003345,CUST1034,ACC106155,2024-09-03,POS,17536.02
TX1003346,CUST1754,ACC136429,2024-08-10,withdrawal,-18423.51
TX1003347,CUST1678,ACC155058,2024-07-28,Withdrawal,7896.78
TX1003348,CUST2379,ACC169784,2024-03-03,deposit,18853.96
TX1003349,CUST1224,ACC158833,2024-11-25,Deposit,9537.51
TX1003350,CUST1853,ACC141450,2024-12-08,POS,1642.65
TX1003351,CUST2195,ACC100676,,POS,4861.5
TX1003352,CUST1630,ACC151361,2024-10-09,Bank Transfer,15609.36
TX1003353,CUST2631,ACC125507,2024-10-27,POS,210.45
TX1003354,CUST2840,ACC143870,2024-06-03,POS,2797.36
TX1003355,CUST2485,ACC110722,2024-12-29,Withdrawal,4945.47
TX1003356,CUST2786,ACC174949,2024-04-17,Withdrawal,16702.31
TX1003357,CUST2409,ACC103325,2024-08-30,DEPOSIT,-15153.88
TX1003358,CUST2288,ACC196658,2024-12-01,Bank Transfer,5070.23
TX1003359,CUST1054,ACC129573,2024-01-18,POS,4842.41
TX1003360,CUST2222,ACC190380,2024-07-05,Deposit,8484.0
TX1003361,CUST1971,ACC155550,2024-03-21,POS,15998.83
TX1003362,CUST1543,ACC109757,2024-07-19,POS,16272.72
TX1003363,CUST2980,ACC132765,2024-04-08,Withdrawal,9487.0
TX1003364,CUST2342,ACC125805,2024-06-25,BankTransfer,602.46
TX1003365,CUST2603,ACC121558,2024-02-03,Withdrawal,15457.43
TX1003366,CUST2990,ACC143152,2024-01-26,Withdrawal,12385.4
TX1003367,CUST2589,ACC140737,2024-01-17,Deposit,14637.5
TX1003368,CUST2184,ACC108237,2024-05-09,POS,13039.74
TX1003369,CUST2182,ACC182050,2024-07-18,Bank Transfer,12693.27
TX1003370,CUST1466,ACC181958,2024-04-05,BankTransfer,-13225.69
TX1003371,CUST2477,ACC112678,2024-09-11,Deposit,11804.95
TX1003372,CUST1105,ACC103653,2024-08-25,Bank Transfer,10709.91
TX1003373,CUST2195,ACC162910,2024-12-03,POS,12799.44
TX1003374,CUST1983,ACC156616,2024-07-22,Deposit,18199.48
TX1003375,CUST1349,ACC103148,2024-12-29,Bank Transfer,8537.86
TX1003376,CUST2073,ACC177664,2024-06-14,Withdrawal,7908.83
TX1003377,CUST2288,ACC182090,2024-08-18,Deposit,9400.62
TX1003378,CUST2476,ACC143817,2024-03-09,POS,1045.66
TX1003379,CUST2269,ACC132821,2024-06-16,Withdrawal,10786.22
TX1003380,CUST2586,ACC132394,2024-12-28,Bank Transfer,17531.49
TX1003381,CUST2722,ACC114134,2024-08-04,Bank Transfer,17304.57
TX1003382,CUST1778,ACC162072,2024-12-03,Bank Transfer,9741.03
TX1003383,CUST1302,ACC131242,2024-06-10,Bank Transfer,2690.53
TX1003384,CUST2682,ACC144669,2024-10-17,Bank Transfer,803.95
TX1003385,CUST2394,ACC107134,2024-12-24,withdrawal,13009.27
TX1003386,CUST1496,ACC143724,2024-04-04,WITHDRAWAL,3577.78
TX1003387,CUST1064,ACC168114,2024-01-04,Deposit,5849.33
TX1003388,CUST2172,ACC131030,2024-03-25,Deposit,13766.1
TX1003389,CUST2941,ACC109556,2024-05-08,Withdrawal,419.08
TX1003390,CUST2434,ACC178638,2024-07-31,Deposit,16652.88
TX1003391,CUST1225,ACC181207,2024-02-17,Bank Transfer,13982.17
TX1003392,CUST1390,ACC157478,2024-09-06,POS,17650.57
TX1003393,CUST1038,ACC112539,2024-06-20,BankTransfer,7413.71
TX1003394,CUST1903,ACC181965,2024-03-16,Deposit,1470.12
TX1003395,CUST1642,ACC158517,2024-01-22,Withdrawal,13761.57
TX1003396,CUST1857,ACC175882,2024-03-12,Withdrawal,16289.37
TX1003397,CUST1310,ACC116361,2024-05-02,Bank Transfer,15089.01
TX1003398,CUST1845,ACC111211,2024-09-19,Deposit,14296.55
TX1003399,CUST2414,ACC107954,2024-11-05,Withdrawal,9866.0
TX1003400,CUST1417,ACC104370,2024-09-10,POS,18345.34
TX1003401,CUST1840,ACC149465,2024-05-22,POS,5680.31
TX1003402,CUST2027,ACC141062,2024-04-13,deposit,9244.42
TX1003403,CUST2587,ACC190880,2024-04-02,Bank Transfer,19492.77
TX1003404,CUST2252,ACC108523,2024-08-01,withdrawal,6899.86
TX1003405,CUST2885,ACC116716,2024-01-20,Deposit,3665.11
TX1003406,CUST1965,ACC108126,2024-01-05,Deposit,6933.64
TX1003407,CUST2787,ACC157923,2024-11-19,POS,17708.4
TX1003408,CUST2737,ACC107181,2024-07-03,POS,8742.99
TX1003409,CUST2506,ACC139514,2024-12-30,POS,16218.35
TX1003410,CUST2489,ACC180050,2024-06-24,Deposit,19775.86
TX1003411,CUST1127,ACC182075,2024-11-10,Withdrawal,11856.29
TX1003412,CUST2445,ACC156602,2024-07-09,Withdrawal,4155.28
TX1003413,CUST1282,ACC108623,2024-06-21,Bank Transfer,3565.86
TX1003414,CUST2062,ACC113346,2024-01-02,BankTransfer,19961.8
TX1003415,CUST1424,ACC188809,2024-02-23,Bank Transfer,8693.69
TX1003416,CUST2148,ACC107312,2024-09-04,withdrawal,14481.12
TX1003417,CUST1665,ACC173303,2024-09-13,Bank Transfer,15071.26
TX1003418,CUST2356,ACC106842,2024-04-13,Bank Transfer,14269.06
TX1003419,CUST1979,ACC138655,2024-04-18,POS,11622.79
TX1003420,CUST2076,ACC149998,2024-03-16,POS,6388.06
TX1003421,CUST1771,ACC152649,2024-06-19,bank-transfer,3713.75
TX1003422,CUST1642,ACC112560,2024-12-14,Deposit,11115.47
TX1003423,CUST2959,ACC180911,2024-12-03,WITHDRAWAL,2076.93
TX1003424,CUST1354,ACC198561,2024-09-15,POS,11031.13
TX1003425,CUST1941,ACC153884,2024-05-20,Pos Purchase,15902.76
TX1003426,CUST2868,ACC130554,2024-09-28,Bank Transfer,10230.67
TX1003427,CUST2091,ACC178587,2024-07-19,Deposit,3822.58
TX1003428,CUST1701,ACC186471,2024-09-27,Deposit,7632.72
TX1003429,CUST2118,ACC181789,2024-10-29,POS,3842.16
TX1003430,CUST1725,ACC101390,2024-11-09,DEPOSIT,13415.65
TX1003431,CUST2384,ACC159429,2024-11-09,Withdrawal,3336.58
TX1003432,CUST2581,ACC150321,2024-04-10,,16685.64
TX1003433,CUST2776,ACC160844,2024-08-10,POS,10990.12
TX1003434,CUST2476,ACC156112,2024-01-21,Deposit,8535.32
TX1003435,CUST2394,ACC181292,2024-08-20,POS,436.62
TX1003436,CUST2317,ACC181163,2024-10-29,Withdrawal,17693.94
TX1003437,CUST2645,ACC113274,2024-10-07,Deposit,14754.5
TX1003438,CUST2419,ACC144514,2024-05-28,Bank Transfer,804.23
TX1003439,CUST1541,ACC185317,2024-10-02,BankTransfer,3621.11
TX1003440,CUST2249,ACC188575,2024-08-21,Deposit,17529.31
TX1003441,CUST1991,ACC103404,2024-01-23,POS,7052.11
TX1003442,CUST1393,ACC159516,2024-05-25,Withdrawal,18282.58
TX1003443,CUST2960,ACC167792,2024-06-19,WITHDRAWAL,15467.73
TX1003444,CUST1504,ACC143017,2024-01-10,POS,4627.39
TX1003445,CUST1571,ACC177045,2024-07-27,Withdrawal,10426.08
TX1003446,CUST2142,ACC125228,2024-10-28,BankTransfer,12045.68
TX1003447,CUST1611,ACC114156,2024-11-17,Withdrawal,11580.48
TX1003448,CUST1460,ACC113459,2024-02-02,WITHDRAWAL,1424.82
TX1003449,CUST2928,ACC101610,2024-08-30,Deposit,1622.06
TX1003450,CUST2992,ACC178010,2024-08-01,Pos Purchase,8533.37
TX1003451,CUST1609,ACC193493,2024-08-25,Deposit,11576.17
TX1003452,CUST2579,ACC108853,2024-11-07,Bank Transfer,3749.86
TX1003453,CUST1591,ACC177710,2024-10-19,Bank Transfer,1626.69
TX1003454,CUST2443,ACC125377,2024-04-28,Bank Transfer,3831.47
TX1003455,CUST1424,ACC175132,2024-06-10,bank-transfer,4996.43
TX1003456,CUST2413,ACC116512,2024-10-29,Pos Purchase,14145.11
TX1003457,CUST2443,ACC183540,2024-04-24,Withdrawal,14401.1
TX1003458,CUST2001,ACC166702,2024-08-18,Withdrawal,6930.16
TX1003459,CUST1649,ACC133591,2024-05-15,Bank Transfer,16303.76
TX1003460,CUST1982,ACC146581,2024-06-02,Deposit,19668.28
TX1003461,CUST1714,ACC155182,2024-11-29,POS,19933.24
TX1003462,CUST2147,ACC163097,2024-01-20,Bank Transfer,75.9
TX1003463,CUST2912,ACC194977,2024-04-27,Deposit,9594.93
TX1003464,CUST2913,ACC181376,2024-12-08,Bank Transfer,132.54
TX1003465,CUST2628,ACC158277,2024-10-23,Bank Transfer,11176.21
TX1003466,CUST2477,ACC124369,2024-05-10,Withdrawal,18377.35
TX1003467,CUST1560,ACC131870,2024-07-21,POS,18048.71
TX1003468,CUST1589,ACC118045,2024-05-15,POS,11331.18
TX1003469,CUST1249,ACC105776,2024-01-03,Deposit,13175.86
TX1003470,CUST2174,ACC107928,2024-09-28,POS,12192.34
TX1003471,CUST2385,ACC116735,2024-04-27,Withdrawal,15849.45
TX1003472,CUST2112,ACC140850,2024-01-21,deposit,7995.98
TX1003473,CUST1777,ACC176614,2024-04-23,Bank Transfer,15646.94
TX1003474,CUST2834,ACC157127,2024-08-18,POS,9126.81
TX1003475,CUST1808,ACC167256,2024-05-02,bank-transfer,10096.33
TX1003476,CUST2676,ACC185420,2024-07-22,Bank Transfer,14089.94
TX1003477,CUST1706,ACC198877,2024-01-02,POS,8297.92
TX1003478,CUST2955,ACC146890,2024-08-08,Deposit,15376.25
TX1003479,CUST2583,ACC140788,2024-01-25,BankTransfer,4761.23
TX1003480,CUST2647,ACC176502,2024-02-08,Bank Transfer,18687.93
TX1003481,CUST1299,ACC170928,2024-05-20,Bank Transfer,16239.21
TX1003482,CUST1594,ACC119087,2024-10-01,Bank Transfer,18239.94
TX1003483,CUST1086,ACC119321,2024-10-06,WITHDRAWAL,7174.48
TX1003484,CUST1589,ACC161541,2024-08-01,POS,12221.64
TX1003485,CUST2956,ACC140458,2024-01-09,pos,16465.89
TX1003486,CUST2462,ACC179079,2024-09-13,Deposit,11053.37
TX1003487,CUST1161,ACC144944,2024-11-23,POS,14799.56
TX1003488,CUST1709,ACC138150,2024-06-05,Deposit,5565.3
TX1003489,CUST2892,ACC148343,2024-11-03,POS,3434.58
TX1003490,CUST1905,ACC101059,2024-12-05,Deposit,18005.49
TX1003491,CUST2343,ACC167853,2024-01-27,Bank Transfer,11658.15
TX1003492,CUST1525,ACC176865,2024-09-11,Deposit,6739.57
TX1003493,CUST2530,ACC186203,2024-10-24,Withdrawal,3930.93
TX1003494,CUST1981,ACC188906,2024-04-19,Withdrawal,16923.69
TX1003495,CUST1438,ACC118953,2024-09-30,WITHDRAWAL,3786.68
TX1003496,CUST1413,ACC107512,2024-12-04,Deposit,701.03
TX1003497,CUST2695,ACC131114,2024-10-09,POS,6554.85
TX1003498,CUST2103,ACC166467,2024-05-27,BankTransfer,1355.74
TX1003499,CUST1555,ACC173328,2024-02-29,POS,5889.96
TX1003500,CUST2910,ACC107157,2024-04-30,DEPOSIT,11640.88
TX1003501,CUST2151,ACC155320,2024-07-18,Withdrawal,4171.3
TX1003502,CUST2425,ACC145064,2024-10-14,Bank Transfer,13778.4
TX1003503,CUST1556,ACC125612,2024-06-17,Bank Transfer,2203.58
TX1003504,CUST1281,ACC126263,2024-03-31,POS,14955.7
TX1003505,CUST1223,ACC183958,2024-10-06,POS,18477.56
TX1003506,CUST2260,ACC126379,2024-12-01,Pos Purchase,1999.05
TX1003507,CUST2517,ACC108965,2024-04-12,pos,11937.04
TX1003508,CUST2201,ACC144767,2024-01-08,Withdrawal,9962.71
TX1003509,CUST1490,ACC124819,2024-12-16,POS,6859.07
TX1003510,CUST1496,ACC187537,2024-08-07,POS,13453.76
TX1003511,CUST1103,ACC162354,2024-02-10,Bank Transfer,19546.77
TX1003512,CUST2371,ACC191066,2024-06-17,withdrawal,16135.67
TX1003513,CUST2853,ACC190680,2024-11-27,Withdrawal,8583.47
TX1003514,CUST2087,ACC161263,2024-05-05,Withdrawal,8044.04
TX1003515,CUST1462,ACC178612,2024-09-02,POS,7116.08
TX1003516,CUST2306,ACC190756,2024-01-11,Deposit,12112.07
TX1003517,CUST1476,ACC143403,2024-02-20,Withdrawal,18856.2
TX1003518,CUST1107,ACC175813,2024-03-07,Withdrawal,6710.14
TX1003519,CUST1205,ACC174199,2024-05-12,Deposit,618.47
TX1003520,CUST1846,ACC143995,2024-03-27,Withdrawal,1307.06
TX1003521,CUST1676,ACC180753,2024-12-02,POS,4754.65
TX1003522,CUST2469,ACC139273,2024-05-29,withdrawal,17659.23
TX1003523,CUST1967,ACC154879,2024-12-09,Deposit,18113.14
TX1003524,CUST1205,ACC143072,2024-05-11,DEPOSIT,2821.93
TX1003525,CUST2395,ACC121270,2024-07-31,Withdrawal,5223.69
TX1003526,CUST2578,ACC113742,2024-03-23,Deposit,8401.99
TX1003527,CUST1281,ACC159546,2024-08-06,Withdrawal,14044.23
TX1003528,CUST1010,ACC105530,2024-04-14,POS,16867.13
TX1003529,CUST2975,ACC165002,2024-03-24,POS,15739.05
TX1003530,CUST2127,ACC128757,2024-07-04,POS,9327.78
TX1003531,CUST2902,ACC100484,2024-02-19,POS,19211.2
TX1003532,CUST1323,ACC183724,2024-05-27,Deposit,800.37
TX1003533,CUST1833,ACC129232,2024-06-07,POS,14190.31
TX1003534,CUST2337,ACC190861,2024-10-04,POS,17671.56
TX1003535,CUST2914,ACC130182,2024-12-20,withdrawal,16522.92
TX1003536,CUST2803,ACC161149,2024-10-07,POS,3458.06
TX1003537,CUST2798,ACC181778,2024-11-23,withdrawal,12669.69
TX1003538,CUST1974,ACC127936,2024-02-05,Deposit,10904.4
TX1003539,CUST1977,ACC131328,2024-02-09,Withdrawal,2807.15
TX1003540,CUST2332,ACC163012,2024-03-20,bank-transfer,1612.76
TX1003541,CUST1408,ACC196283,2024-03-03,POS,1271.93
TX1003542,CUST2548,ACC143452,2024-01-02,Withdrawal,15851.11
TX1003543,CUST2974,ACC197003,2024-05-02,BankTransfer,10531.3
TX1003544,CUST1588,ACC149271,2024-02-03,Withdrawal,12445.53
TX1003545,CUST1657,ACC126911,2024-05-18,Deposit,14512.34
TX1003546,CUST1584,ACC152469,2024-04-01,Withdrawal,75024.15
TX1003547,CUST2322,ACC124149,2024-02-28,Withdrawal,7072.56
TX1003548,CUST1121,ACC100881,2024-08-19,Withdrawal,17215.78
TX1003549,CUST2859,ACC147555,2024-06-21,Withdrawal,13498.16
TX1003550,CUST2574,ACC101296,2024-03-03,Bank Transfer,14837.05
TX1003551,CUST1183,ACC109664,2024-09-13,Deposit,17033.67
TX1003552,CUST2335,ACC146908,2024-09-30,Deposit,6409.94
TX1003553,CUST2175,ACC103934,2024-08-26,Withdrawal,2789.17
TX1003554,CUST1475,ACC172704,2024-09-18,,16423.85
TX1003555,CUST2095,ACC115098,2024-03-03,POS,1421.42
TX1003556,CUST2512,ACC118664,2024-09-03,Withdrawal,3233.02
TX1003557,CUST2480,ACC138086,2024-12-08,POS,14986.6
TX1003558,CUST2741,ACC157725,2024-11-10,BankTransfer,18960.34
TX1003559,CUST2918,ACC125480,2024-05-22,Bank Transfer,8468.0
TX1003560,CUST1076,ACC182750,2024-02-12,WITHDRAWAL,15150.83
TX1003561,CUST2870,ACC176767,2024-07-01,Deposit,9965.9
TX1003562,CUST2887,ACC147174,2024-02-17,POS,16336.69
TX1003563,CUST1358,ACC105754,2024-06-29,POS,1415.9
TX1003564,CUST1855,ACC103890,2024-03-31,Deposit,6123.21
TX1003565,CUST2806,ACC126099,2024-07-17,Bank Transfer,16826.84
TX1003566,CUST2715,ACC125929,2024-04-06,Withdrawal,20624.15
TX1003567,CUST1360,ACC137237,2024-10-06,Bank Transfer,19810.74
TX1003568,CUST2912,ACC122825,2024-05-08,bank-transfer,2112.05
TX1003569,CUST2883,ACC128697,2024-01-10,POS,332.82
TX1003570,CUST1074,ACC134340,2024-11-13,Deposit,10705.43
TX1003571,CUST2712,ACC194219,2024-02-14,Bank Transfer,8060.97
TX1003572,CUST1813,ACC122843,2024-02-02,Bank Transfer,19480.04
TX1003573,CUST2613,ACC144540,2024-03-24,Deposit,1086.23
TX1003574,CUST2014,ACC172680,2024-03-15,Withdrawal,8645.38
TX1003575,CUST1381,ACC132239,2024-06-24,Withdrawal,15339.3
TX1003576,CUST2918,ACC123401,2024-03-23,Withdrawal,15631.58
TX1003577,CUST2533,ACC125688,2024-09-24,Bank Transfer,11633.49
TX1003578,CUST2970,ACC102817,2024-12-19,BankTransfer,5195.72
TX1003579,CUST2786,ACC123078,2024-09-30,WITHDRAWAL,16612.18
TX1003580,CUST2896,ACC134313,2024-04-09,Bank Transfer,544.75
TX1003581,CUST1592,ACC113263,2024-09-02,WITHDRAWAL,16282.64
TX1003582,CUST2795,ACC102751,2024-11-19,DEPOSIT,10655.62
TX1003583,CUST1076,ACC188795,2024-06-28,POS,10193.53
TX1003584,CUST1018,ACC117988,2024-01-16,Bank Transfer,384.06
TX1003585,CUST1611,ACC149666,2024-06-23,Withdrawal,14102.63
TX1003586,CUST2163,ACC185835,2024-07-18,POS,5963.83
TX1003587,CUST2234,ACC114544,2024-08-09,Deposit,19037.18
TX1003588,CUST1219,ACC144352,2024-02-23,,14308.11
TX1003589,CUST2901,ACC127556,2024-09-19,Withdrawal,13553.43
TX1003590,CUST1686,ACC139986,2024-07-25,Withdrawal,18354.73
TX1003591,CUST1582,ACC159795,2024-04-18,POS,2588.49
TX1003592,CUST1930,ACC131476,2024-03-26,Withdrawal,10020.99
TX1003593,CUST2313,ACC148449,2024-04-07,POS,6097.99
TX1003594,CUST2112,ACC148804,2024-11-13,Withdrawal,14131.37
TX1003595,CUST2073,ACC186626,2024-11-22,Deposit,484.48
TX1003596,CUST2011,ACC122460,2024-09-04,Bank Transfer,1754.01
TX1003597,CUST2821,ACC169065,2024-10-27,POS,920.37
TX1003598,CUST2922,ACC181684,2024-12-23,Bank Transfer,10360.74
TX1003599,CUST1274,ACC156848,2024-02-04,Bank Transfer,19450.58
TX1003600,CUST2742,ACC193184,2024-04-26,Withdrawal,1263.0
TX1003601,CUST2032,ACC108569,2024-12-02,Withdrawal,12691.8
TX1003602,CUST1958,ACC115531,2024-09-10,POS,9416.94
TX1003603,CUST1558,ACC118931,2024-10-12,bank-transfer,8917.85
TX1003604,CUST1394,ACC117143,2024-08-22,POS,15852.89
TX1003605,CUST2656,ACC124856,2024-07-17,Bank Transfer,3839.29
TX1003606,CUST1230,ACC125124,2024-06-13,Deposit,15192.17
TX1003607,CUST1677,ACC169803,2024-11-24,Bank Transfer,5638.16
TX1003608,CUST1332,ACC149570,2024-07-07,Deposit,12135.58
TX1003609,CUST2497,ACC191010,2024-04-11,Deposit,9570.16
TX1003610,CUST1939,ACC149054,2024-01-22,Withdrawal,18296.07
TX1003611,CUST2327,ACC141674,2024-01-19,Bank Transfer,224.79
TX1003612,CUST1526,ACC178584,2024-08-19,,13298.15
TX1003613,CUST2471,ACC156300,2024-04-06,Withdrawal,19253.28
TX1003614,CUST1381,ACC183380,2024-01-02,Bank Transfer,5609.28
TX1003615,CUST1028,ACC132053,2024-10-19,Bank Transfer,12888.1
TX1003616,CUST2508,ACC106054,2024-06-30,Deposit,13289.19
TX1003617,CUST1690,ACC180744,2024-01-09,BankTransfer,5123.7
TX1003618,CUST2619,ACC176981,2024-12-06,Bank Transfer,14487.49
TX1003619,CUST1604,ACC124785,2024-07-09,Bank Transfer,6142.67
TX1003620,CUST2162,ACC170184,2024-11-28,Bank Transfer,2602.89
TX1003621,CUST2381,ACC138559,2024-06-22,WITHDRAWAL,877.32
TX1003622,CUST2550,ACC119472,2024-07-31,pos,7230.85
TX1003623,CUST1395,ACC142949,2024-01-04,Withdrawal,17417.06
TX1003624,CUST1359,ACC132397,2024-06-10,Withdrawal,16097.74
TX1003625,CUST2251,ACC106980,2024-08-25,Withdrawal,5891.63
TX1003626,CUST2753,ACC182504,2024-02-13,Deposit,7908.01
TX1003627,CUST2308,ACC136709,2024-03-09,Bank Transfer,1322.06
TX1003628,CUST2837,ACC116575,2024-02-19,DEPOSIT,12583.83
TX1003629,CUST1830,ACC166619,2024-10-31,bank-transfer,2219.4
TX1003630,CUST2693,ACC176556,2024-09-23,Withdrawal,2447.95
TX1003631,CUST1875,ACC164092,2024-10-14,Deposit,-6731.2
TX1003632,CUST2055,ACC127425,2024-02-29,Bank Transfer,6685.82
TX1003633,CUST1671,ACC195328,2024-10-30,Bank Transfer,14906.52
TX1003634,CUST1177,ACC110670,2024-03-10,Bank Transfer,
TX1003635,CUST1820,ACC161691,2024-08-30,POS,2671.83
TX1003636,CUST2370,ACC186966,2024-09-10,Deposit,14417.83
TX1003637,CUST1195,ACC180594,2024-10-10,Bank Transfer,15199.19
TX1003638,CUST1378,ACC108503,2024-10-09,POS,19970.14
TX1003639,CUST1287,ACC121945,2024-06-23,Bank Transfer,13695.8
TX1003640,CUST1977,ACC166665,2024-03-02,WITHDRAWAL,2566.79
TX1003641,CUST1662,ACC150871,2024-11-15,Withdrawal,4648.11
TX1003642,CUST2916,ACC198475,2024-01-17,Bank Transfer,19202.33
TX1003643,CUST1508,ACC184550,2024-11-22,Deposit,8471.03
TX1003644,CUST1013,ACC198452,2024-06-11,Deposit,17213.9
TX1003645,CUST1534,ACC166736,2024-05-05,Bank Transfer,13852.05
TX1003646,CUST1785,ACC149055,2024-06-08,POS,2618.23
TX1003647,CUST1482,ACC165350,2024-10-01,POS,1710.88
TX1003648,CUST1914,ACC168012,2024-08-05,Bank Transfer,7561.68
TX1003649,CUST2543,ACC160852,2024-05-30,deposit,15624.26
TX1003650,CUST1546,ACC123461,2024-01-20,BankTransfer,14218.35
TX1003651,CUST2953,ACC142182,2024-02-24,Withdrawal,16016.74
TX1003652,CUST1675,ACC193387,2024-01-29,Deposit,12002.2
TX1003653,CUST1618,ACC149005,2024-06-02,Bank Transfer,15172.51
TX1003654,CUST2192,ACC168875,2024-12-06,Deposit,18819.46
TX1003655,CUST2480,ACC191030,2024-03-11,Bank Transfer,11090.77
TX1003656,CUST2173,ACC163346,2024-12-22,Bank Transfer,14309.13
TX1003657,CUST1023,ACC193801,2024-05-12,Withdrawal,18125.4
TX1003658,CUST1535,ACC164853,2024-07-13,POS,16465.2
TX1003659,CUST2338,ACC162096,2024-03-19,POS,9827.22
TX1003660,CUST1736,ACC135171,2024-05-23,POS,9527.66
TX1003661,CUST2418,ACC176177,2024-06-23,POS,8764.71
TX1003662,CUST1483,ACC152552,2024-07-29,Deposit,7427.6
TX1003663,CUST1127,ACC183637,2024-02-08,withdrawal,1280.72
TX1003664,CUST2367,ACC176543,2024-09-28,Deposit,10007.02
TX1003665,CUST1242,ACC185162,2024-07-05,Bank Transfer,9299.74
TX1003666,CUST1953,ACC104797,2024-02-08,Deposit,-1538.37
TX1003667,CUST1628,ACC127158,2024-09-12,Deposit,15798.78
TX1003668,CUST1327,ACC128773,2024-06-06,Deposit,12133.36
TX1003669,CUST1830,ACC126607,2024-06-02,POS,1689.65
TX1003670,CUST2405,ACC159255,2024-07-27,Withdrawal,19419.52
TX1003671,CUST2029,ACC130721,2024-01-12,Deposit,4471.9
TX1003672,CUST2890,ACC151891,2024-01-14,Bank Transfer,9134.87
TX1003673,CUST2833,ACC128651,2024-05-25,Withdrawal,12720.86
TX1003674,CUST2818,ACC140107,2024-06-16,Deposit,3223.13
TX1003675,CUST2440,ACC155708,2024-04-04,Bank Transfer,5561.92
TX1003676,CUST2576,ACC149425,2024-12-30,Deposit,9536.26
TX1003677,CUST1636,ACC174890,2024-02-17,DEPOSIT,786.31
TX1003678,CUST2413,ACC120605,2024-03-11,BankTransfer,7231.31
TX1003679,CUST1240,ACC149034,2024-09-25,Withdrawal,11742.7
TX1003680,CUST2308,ACC133361,2024-11-04,POS,6388.51
TX1003681,CUST2876,ACC172161,2024-11-02,WITHDRAWAL,14787.88
TX1003682,CUST2926,ACC111109,2024-02-21,POS,8203.69
TX1003683,CUST1604,ACC117606,2024-07-04,Withdrawal,10201.02
TX1003684,CUST1752,ACC198516,2024-02-28,deposit,16582.42
TX1003685,CUST2258,ACC111013,2024-02-18,Deposit,-12907.56
TX1003686,CUST1452,ACC138672,2024-05-15,bank-transfer,15809.41
TX1003687,CUST1448,ACC158262,2024-06-19,Deposit,16567.7
TX1003688,CUST2960,ACC168002,2024-06-11,Withdrawal,4474.7
TX1003689,CUST1273,ACC146081,2024-03-04,Deposit,2278.25
TX1003690,CUST1979,ACC130169,2024-04-03,Deposit,11114.86
TX1003691,CUST1313,ACC176541,2024-10-22,deposit,13714.96
TX1003692,CUST1931,ACC105392,2024-04-18,withdrawal,9977.64
TX1003693,CUST2531,ACC160981,2024-10-25,POS,19489.87
TX1003694,CUST2240,ACC167143,2024-02-10,Bank Transfer,13149.84
TX1003695,CUST1765,ACC181412,2024-04-28,Withdrawal,15579.4
TX1003696,CUST1851,ACC144089,2024-01-26,Bank Transfer,14561.01
TX1003697,CUST2437,ACC155850,2024-05-21,POS,810.6
TX1003698,CUST2124,ACC159133,2024-06-08,Deposit,12531.31
TX1003699,CUST2869,ACC161282,2024-10-08,POS,15909.23
TX1003700,CUST1964,ACC156689,2024-10-04,Deposit,6963.24
TX1003701,CUST2551,ACC153602,2024-02-10,Withdrawal,9694.36
TX1003702,CUST2100,ACC148170,2024-12-30,POS,6386.78
TX1003703,CUST2642,ACC165213,2024-10-08,Withdrawal,6635.72
TX1003704,CUST2360,ACC141552,2024-10-22,Withdrawal,3862.19
TX1003705,CUST2690,ACC135785,2024-12-19,Deposit,11378.87
TX1003706,CUST1447,ACC150118,2024-10-06,pos,15346.96
TX1003707,CUST2560,ACC103239,2024-06-01,Bank Transfer,
TX1003708,CUST1506,ACC123536,2024-10-09,Withdrawal,6512.53
TX1003709,CUST2393,ACC157892,2024-12-02,Deposit,
TX1003710,CUST2545,ACC130643,2024-06-01,Deposit,14408.65
TX1003711,CUST2220,ACC134815,2024-02-21,POS,669.03
TX1003712,CUST2788,ACC184587,2024-07-25,Deposit,18011.55
TX1003713,CUST2612,ACC109946,2024-01-21,POS,16546.5
TX1003714,CUST1167,ACC147067,2024-06-08,Withdrawal,12023.0
TX1003715,CUST2076,ACC110802,2024-08-03,Withdrawal,15346.48
TX1003716,CUST1914,ACC138603,2024-02-17,Deposit,11674.75
TX1003717,CUST2081,ACC165767,2024-12-02,Deposit,8966.69
TX1003718,CUST2441,ACC167212,2024-06-19,POS,13488.7
TX1003719,CUST1740,ACC171650,2024-05-17,Bank Transfer,6330.84
TX1003720,CUST1159,ACC184365,2024-01-27,Withdrawal,631.62
TX1003721,CUST2878,ACC110244,2024-03-11,Deposit,8217.46
TX1003722,CUST2155,ACC136231,2024-02-05,Bank Transfer,10336.08
TX1003723,CUST1229,ACC129850,2024-02-18,withdrawal,16950.33
TX1003724,CUST1126,ACC112898,2024-10-28,Withdrawal,17929.14
TX1003725,CUST2697,ACC115543,2024-01-03,Bank Transfer,178.58
TX1003726,CUST2121,ACC109351,2024-02-24,Deposit,19542.65
TX1003727,CUST2849,ACC147216,2024-09-01,,14780.24
TX1003728,CUST2035,ACC105017,2024-01-22,Bank Transfer,19271.04
TX1003729,CUST1414,ACC171568,2024-08-28,Withdrawal,1503.32
TX1003730,CUST2172,ACC126254,2024-07-03,Deposit,7108.76
TX1003731,CUST2099,ACC143746,2024-07-26,POS,9178.14
TX1003732,CUST1306,ACC125774,2024-10-04,POS,13138.04
TX1003733,CUST1336,ACC188487,2024-02-24,Bank Transfer,3726.37
TX1003734,CUST1671,ACC143154,2024-05-15,pos,13738.79
TX1003735,CUST2749,ACC132771,2024-03-22,Bank Transfer,6933.84
TX1003736,CUST2065,ACC139677,2024-10-29,pos,13652.01
TX1003737,CUST1904,ACC197676,2024-10-14,Deposit,6971.37
TX1003738,CUST1238,ACC189592,2024-05-06,Bank Transfer,6738.15
TX1003739,CUST2393,ACC135974,2024-02-11,Bank Transfer,4388.72
TX1003740,CUST1420,ACC124987,,Withdrawal,6399.01
TX1003741,CUST2468,ACC192489,2024-03-27,Deposit,5655.49
TX1003742,CUST2194,ACC179171,2024-04-04,Deposit,15188.83
TX1003743,CUST2001,ACC118070,2024-11-28,Bank Transfer,729.86
TX1003744,CUST1186,ACC198616,2024-10-18,POS,15179.31
TX1003745,CUST2840,ACC193871,2024-12-24,pos,18368.7
TX1003746,CUST2045,ACC196969,2024-02-23,WITHDRAWAL,14167.05
TX1003747,CUST1912,ACC171188,2024-11-18,Withdrawal,13553.84
TX1003748,CUST2656,ACC134227,2024-01-09,Withdrawal,9126.09
TX1003749,CUST1113,ACC101118,2024-08-28,Withdrawal,13973.89
TX1003750,CUST1928,ACC139252,2024-04-21,Withdrawal,10071.68
TX1003751,CUST1270,ACC136942,2024-12-28,Bank Transfer,10517.41
TX1003752,CUST2051,ACC145433,2024-03-05,Deposit,19441.24
TX1003753,CUST1850,ACC152928,2024-03-27,Deposit,11760.47
TX1003754,CUST1935,ACC153183,2024-12-15,Bank Transfer,17535.77
TX1003755,CUST2154,ACC176015,2024-09-17,Withdrawal,12890.45
TX1003756,CUST1118,ACC199327,2024-05-02,Withdrawal,17950.78
TX1003757,CUST2144,ACC185892,2024-07-27,WITHDRAWAL,2717.13
TX1003758,CUST1946,ACC101558,2024-01-03,Withdrawal,19468.93
TX1003759,CUST2377,ACC161866,2024-12-14,Deposit,2126.0
TX1003760,CUST2652,ACC185733,2024-09-24,Bank Transfer,18500.54
TX1003761,CUST1631,ACC167193,2024-05-19,POS,14807.94
TX1003762,CUST2481,ACC199766,2024-10-22,Withdrawal,9116.08
TX1003763,CUST1044,ACC119566,2024-04-06,Deposit,2805.37
TX1003764,CUST1810,ACC152101,2024-09-09,Deposit,13325.02
TX1003765,CUST1521,ACC129829,2024-10-07,Deposit,18512.08
TX1003766,CUST2672,ACC129743,2024-05-01,Deposit,443.07
TX1003767,CUST1006,ACC194809,2024-01-31,Deposit,15124.37
TX1003768,CUST2527,ACC198190,2024-08-08,Withdrawal,6214.01
TX1003769,CUST1446,ACC127508,2024-04-18,Bank Transfer,15198.69
TX1003770,CUST2184,ACC162185,2024-11-09,Bank Transfer,1370.34
TX1003771,CUST1149,ACC130634,2024-12-07,Withdrawal,2504.66
TX1003772,CUST1092,ACC167610,2024-07-17,WITHDRAWAL,3484.02
TX1003773,CUST1867,ACC176939,2024-04-08,Bank Transfer,8056.62
TX1003774,CUST1705,ACC172432,2024-09-27,Withdrawal,13764.77
TX1003775,CUST2434,ACC199302,2024-05-29,Withdrawal,7347.55
TX1003776,CUST1130,ACC161438,2024-06-25,Withdrawal,9840.71
TX1003777,CUST2108,ACC194700,2024-03-10,POS,13860.08
TX1003778,CUST1123,ACC160476,2024-07-26,Withdrawal,17851.17
TX1003779,CUST2914,ACC144650,2024-10-29,POS,5596.98
TX1003780,CUST2831,ACC111255,2024-07-29,POS,18852.79
TX1003781,CUST1141,ACC141035,2024-10-23,Withdrawal,469.48
TX1003782,CUST2912,ACC124621,2024-05-27,withdrawal,13884.18
TX1003783,CUST1966,ACC156202,2024-05-17,Withdrawal,6219.4
TX1003784,CUST1064,ACC191480,2024-05-07,Bank Transfer,8556.19
TX1003785,CUST1587,ACC154747,2024-11-11,Bank Transfer,9674.67
TX1003786,CUST1837,ACC127470,2024-03-04,POS,10441.12
TX1003787,CUST1368,ACC157498,2024-12-27,DEPOSIT,5149.67
TX1003788,CUST2574,ACC158978,2024-08-03,deposit,5475.69
TX1003789,CUST1277,ACC173196,2024-05-10,POS,19198.98
TX1003790,CUST2568,ACC103945,2024-11-27,Withdrawal,2530.4
TX1003791,CUST2313,ACC149112,2024-11-05,Bank Transfer,5853.97
TX1003792,CUST2493,ACC118212,2024-09-11,Withdrawal,16476.28
TX1003793,CUST2322,ACC175695,2024-01-01,POS,19224.17
TX1003794,CUST2973,ACC116822,2024-02-28,Bank Transfer,1195.29
TX1003795,CUST1860,ACC140051,2024-07-26,Bank Transfer,5182.64
TX1003796,CUST1766,ACC196705,2024-10-29,POS,10976.79
TX1003797,CUST2825,ACC101268,2024-04-07,POS,9405.68
TX1003798,CUST1783,ACC165509,2024-05-09,Deposit,2308.46
TX1003799,CUST1918,ACC186356,2024-12-19,Pos Purchase,323.28
TX1003800,CUST2780,ACC146486,2024-03-06,Withdrawal,2358.23
TX1003801,CUST2878,ACC144541,2024-10-22,POS,9269.09
TX1003802,CUST2857,ACC129555,2024-04-04,Bank Transfer,15573.98
TX1003803,CUST1773,ACC154938,2024-11-24,Withdrawal,4626.3
TX1003804,CUST1769,ACC155799,2024-10-24,pos,3149.03
TX1003805,CUST1164,ACC189884,2024-03-02,Deposit,9270.25
TX1003806,CUST2398,ACC198648,2024-12-09,Deposit,949.65
TX1003807,CUST2974,ACC152870,2024-05-07,Bank Transfer,5712.46
TX1003808,CUST2355,ACC199987,2024-03-08,Withdrawal,5882.22
TX1003809,CUST2791,ACC190507,2024-12-30,withdrawal,15718.75
TX1003810,CUST2104,ACC170464,2024-01-21,withdrawal,592.67
TX1003811,CUST1272,ACC139274,2024-04-28,POS,4893.04
TX1003812,CUST2338,ACC142739,2024-05-07,Withdrawal,6166.08
TX1003813,CUST2761,ACC176933,2024-01-24,Bank Transfer,7530.4
TX1003814,CUST1712,ACC103046,,Bank Transfer,8468.66
TX1003815,CUST1242,ACC174393,2024-12-16,WITHDRAWAL,10606.93
TX1003816,CUST1365,ACC104221,2024-07-21,Bank Transfer,19837.63
TX1003817,CUST2100,ACC118236,2024-03-09,Withdrawal,17498.5
TX1003818,CUST1804,ACC120144,2024-04-21,Bank Transfer,13148.8
TX1003819,CUST2083,ACC143286,2024-05-21,Withdrawal,5134.78
TX1003820,CUST1260,ACC174473,2024-02-27,Deposit,16227.6
TX1003821,CUST2490,ACC182554,2024-10-21,Bank Transfer,13589.54
TX1003822,CUST1456,ACC179036,2024-01-02,Withdrawal,15097.71
TX1003823,CUST2709,ACC179670,2024-11-29,WITHDRAWAL,12785.35
TX1003824,CUST1007,ACC175219,2024-04-17,DEPOSIT,1150.37
TX1003825,CUST2548,ACC151234,2024-02-26,Bank Transfer,15963.92
TX1003826,CUST1046,ACC149980,2024-12-22,deposit,4559.32
TX1003827,CUST1611,ACC126765,2024-01-08,Deposit,19652.42
TX1003828,CUST1948,ACC151201,2024-07-30,Bank Transfer,16057.95
TX1003829,CUST2379,ACC108350,2024-02-24,POS,8851.79
TX1003830,CUST2472,ACC170056,2024-06-23,POS,-11900.07
TX1003831,CUST2115,ACC150650,2024-04-15,Withdrawal,14816.32
TX1003832,CUST1868,ACC124685,2024-08-16,,18670.64
TX1003833,CUST2089,ACC162230,2024-03-14,Withdrawal,11472.58
TX1003834,CUST1776,ACC114239,2024-03-16,Deposit,5229.82
TX1003835,CUST2686,ACC143101,2024-11-27,POS,16831.2
TX1003836,CUST1470,ACC174647,2024-03-04,POS,3225.27
TX1003837,CUST1506,ACC159183,2024-07-07,Bank Transfer,9347.65
TX1003838,CUST1943,ACC183755,2024-06-15,Deposit,5657.37
TX1003839,CUST1708,ACC139930,2024-07-29,Bank Transfer,10552.65
TX1003840,CUST1317,ACC112221,2024-07-12,POS,2114.59
TX1003841,CUST1564,ACC122468,2024-12-03,,18698.56
TX1003842,CUST1386,ACC113672,2024-09-22,Bank Transfer,3841.07
TX1003843,CUST2919,ACC188458,2024-12-14,Withdrawal,1873.96
TX1003844,CUST2792,ACC172470,2024-05-20,pos,8525.84
TX1003845,CUST2484,ACC123283,2024-08-15,Pos Purchase,19552.16
TX1003846,CUST2567,ACC104202,2024-12-05,Withdrawal,4908.77
TX1003847,CUST1231,ACC190311,2024-04-13,Bank Transfer,4956.74
TX1003848,CUST1065,ACC179084,2024-11-21,deposit,16283.29
TX1003849,CUST2657,ACC164043,2024-03-15,Bank Transfer,18447.31
TX1003850,CUST2352,ACC103517,2024-04-15,,13789.9
TX1003851,CUST1858,ACC124470,2024-07-18,POS,16313.66
TX1003852,CUST2259,ACC126083,2024-06-29,Bank Transfer,1946.98
TX1003853,CUST2568,ACC109108,2024-04-06,Withdrawal,15744.96
TX1003854,CUST2917,ACC150579,2024-12-06,DEPOSIT,3329.36
TX1003855,CUST2809,ACC137200,2024-12-05,Withdrawal,7350.4
TX1003856,CUST2820,ACC126986,2024-05-04,BankTransfer,1622.67
TX1003857,CUST1032,ACC130544,2024-09-07,WITHDRAWAL,16339.42
TX1003858,CUST1492,ACC138155,2024-09-07,WITHDRAWAL,1146.82
TX1003859,CUST1422,ACC186451,2024-05-20,Withdrawal,4922.15
TX1003860,CUST1137,ACC168733,2024-08-11,Bank Transfer,4848.24
TX1003861,CUST1206,ACC109172,2024-01-26,Bank Transfer,15180.99
TX1003862,CUST2216,ACC159593,2024-05-09,BankTransfer,5423.53
TX1003863,CUST1068,ACC107530,2024-01-02,POS,14579.46
TX1003864,CUST1914,ACC148319,2024-08-09,POS,3099.59
TX1003865,CUST2224,ACC167964,2024-08-25,Pos Purchase,17767.11
TX1003866,CUST2376,ACC101447,2024-03-22,withdrawal,16123.25
TX1003867,CUST2440,ACC122521,2024-02-01,Deposit,9385.23
TX1003868,CUST2786,ACC142830,2024-01-31,Bank Transfer,576.41
TX1003869,CUST1099,ACC153852,2024-08-22,POS,-16252.23
TX1003870,CUST1501,ACC151262,2024-09-25,Deposit,19350.37
TX1003871,CUST2516,ACC120582,2024-05-28,deposit,13779.63
TX1003872,CUST1090,ACC114515,2024-04-14,withdrawal,4207.6
TX1003873,CUST1823,ACC116926,2024-07-30,POS,2770.07
TX1003874,CUST1898,ACC170313,2024-02-26,Withdrawal,1837.28
TX1003875,CUST1479,ACC154842,2024-05-27,Withdrawal,12991.58
TX1003876,CUST2105,ACC162685,2024-03-13,Bank Transfer,3105.17
TX1003877,CUST1444,ACC197405,2024-05-25,Bank Transfer,2478.21
TX1003878,CUST2544,ACC109012,2024-05-23,Withdrawal,16434.16
TX1003879,CUST2768,ACC150986,2024-03-31,Bank Transfer,5164.11
TX1003880,CUST2589,ACC127063,2024-08-06,POS,12743.38
TX1003881,CUST1115,ACC117030,2024-01-08,Pos Purchase,2279.72
TX1003882,CUST1286,ACC126958,2024-08-30,POS,16720.99
TX1003883,CUST2031,ACC140600,2024-09-28,Withdrawal,18020.58
TX1003884,CUST1592,ACC156649,2024-02-03,Deposit,12805.15
TX1003885,CUST1479,ACC193018,2024-10-27,POS,565.08
TX1003886,CUST2670,ACC187135,2024-08-20,,241.49
TX1003887,CUST2876,ACC162230,2024-06-27,POS,2058.19
TX1003888,CUST2498,ACC120811,2024-06-04,Withdrawal,14742.74
TX1003889,CUST2179,ACC179129,2024-11-25,Bank Transfer,12995.81
TX1003890,CUST1653,ACC175378,2024-04-24,POS,4086.02
TX1003891,CUST2182,ACC140673,2024-08-18,Withdrawal,15683.35
TX1003892,CUST2224,ACC177003,2024-04-12,Deposit,7216.01
TX1003893,CUST2582,ACC126604,2024-12-18,POS,2580.61
TX1003894,CUST2377,ACC165860,2024-05-21,Deposit,1516.99
TX1003895,CUST2676,ACC193948,2024-09-01,Bank Transfer,13501.19
TX1003896,CUST1656,ACC189762,2024-07-18,Withdrawal,5302.92
TX1003897,CUST1485,ACC160156,2024-05-18,POS,12938.11
TX1003898,CUST1618,ACC136102,2024-03-23,Deposit,8482.39
TX1003899,CUST2794,ACC126437,2024-09-02,POS,18549.82
TX1003900,CUST1293,ACC100975,2024-04-22,Withdrawal,13083.18
TX1003901,CUST2352,ACC118702,2024-08-12,POS,18925.17
TX1003902,CUST2067,ACC158422,2024-03-09,Deposit,14967.77
TX1003903,CUST1452,ACC108384,2024-01-09,Deposit,7317.09
TX1003904,CUST1846,ACC152328,2024-04-30,Withdrawal,4011.33
TX1003905,CUST1615,ACC179278,2024-11-26,Deposit,5317.63
TX1003906,CUST1563,ACC132353,2024-09-05,POS,2730.42
TX1003907,CUST1124,ACC168925,2024-07-15,Withdrawal,15501.35
TX1003908,CUST2140,ACC143108,2024-04-22,POS,2407.18
TX1003909,CUST2942,ACC174609,2024-10-09,Withdrawal,16652.06
TX1003910,CUST2211,ACC164350,2024-09-17,POS,2182.27
TX1003911,CUST2801,ACC160319,2024-11-24,bank-transfer,13711.53
TX1003912,CUST2505,ACC160646,2024-03-15,POS,13364.83
TX1003913,CUST2866,ACC175514,2024-02-26,pos,12427.27
TX1003914,CUST1358,ACC105122,2024-05-17,Deposit,14311.3
TX1003915,CUST2282,ACC196638,2024-07-08,Deposit,6228.55
TX1003916,CUST2390,ACC111941,2024-09-24,Deposit,14693.82
TX1003917,CUST1874,ACC137737,2024-05-10,POS,8267.61
TX1003918,CUST2138,ACC184711,2024-12-19,POS,14038.51
TX1003919,CUST2015,ACC159809,2024-02-20,pos,10683.43
TX1003920,CUST1096,ACC145453,2024-05-19,Withdrawal,17021.86
TX1003921,CUST2991,ACC191791,2024-12-03,POS,6595.71
TX1003922,CUST1705,ACC193277,2024-09-21,deposit,4200.99
TX1003923,CUST2928,ACC138987,2024-06-07,Withdrawal,15266.14
TX1003924,CUST2317,ACC151260,2024-07-25,Deposit,19935.23
TX1003925,CUST2374,ACC180350,2024-01-11,Withdrawal,6341.44
TX1003926,CUST1780,ACC122954,2024-02-02,Deposit,19424.81
TX1003927,CUST2609,ACC154401,2024-10-17,Bank Transfer,8035.51
TX1003928,CUST2074,ACC132654,2024-02-24,POS,2553.78
TX1003929,CUST1652,ACC123537,2024-05-03,Withdrawal,12826.7
TX1003930,CUST2426,ACC180967,2024-05-24,Bank Transfer,7381.19
TX1003931,CUST1852,ACC196107,2024-05-09,POS,10681.81
TX1003932,CUST1836,ACC156633,2024-05-05,DEPOSIT,5401.53
TX1003933,CUST1305,ACC160008,2024-12-08,Withdrawal,12244.7
TX1003934,CUST1614,ACC150418,2024-10-11,Bank Transfer,16342.38
TX1003935,CUST1770,ACC186386,2024-11-10,Withdrawal,13141.6
TX1003936,CUST1376,ACC124044,2024-10-21,Withdrawal,19350.07
TX1003937,CUST2545,ACC191556,2024-09-28,Withdrawal,3667.62
TX1003938,CUST2101,ACC174529,2024-04-03,pos,3838.16
TX1003939,CUST1969,ACC112521,2024-11-17,Bank Transfer,3905.12
TX1003940,CUST1493,ACC151583,2024-09-11,Bank Transfer,11107.66
TX1003941,CUST2739,ACC191572,2024-09-27,POS,11867.31
TX1003942,CUST1461,ACC105723,2024-01-02,Withdrawal,16511.29
TX1003943,CUST1615,ACC131417,2024-03-17,Withdrawal,10228.41
TX1003944,CUST2756,ACC120700,2024-01-11,deposit,13876.35
TX1003945,CUST2449,ACC135884,2024-06-16,POS,18980.63
TX1003946,CUST1295,ACC182324,2024-12-19,Withdrawal,14738.82
TX1003947,CUST2650,ACC170482,2024-10-10,Bank Transfer,12575.34
TX1003948,CUST1948,ACC138258,2024-08-02,Deposit,17519.14
TX1003949,CUST2873,ACC187380,2024-10-17,deposit,3436.18
TX1003950,CUST1118,ACC108748,2024-06-23,Pos Purchase,10362.25
TX1003951,CUST2151,ACC191494,2024-01-01,Bank Transfer,6727.9
TX1003952,CUST1845,ACC195228,2024-09-03,POS,18521.89
TX1003953,CUST2982,ACC194687,2024-04-09,,9921.79
TX1003954,CUST1853,ACC128476,2024-04-05,withdrawal,-920.97
TX1003955,CUST2141,ACC164682,2024-02-25,DEPOSIT,9946.52
TX1003956,CUST2085,ACC153907,2024-06-05,POS,13316.4
TX1003957,CUST1274,ACC199858,2024-08-05,Bank Transfer,1769.72
TX1003958,CUST1795,ACC172459,2024-05-08,POS,13725.65
TX1003959,CUST1497,ACC115889,2024-12-22,Deposit,17835.68
TX1003960,CUST1522,ACC148330,2024-05-19,POS,16427.37
TX1003961,CUST1416,ACC110031,2024-10-27,POS,16167.82
TX1003962,CUST1676,ACC199011,2024-04-12,deposit,7220.64
TX1003963,CUST2324,ACC113791,2024-11-17,POS,15769.37
TX1003964,CUST1161,ACC166112,2024-07-24,Pos Purchase,16450.66
TX1003965,CUST2888,ACC142731,2024-12-08,Withdrawal,18242.26
TX1003966,CUST1921,ACC153752,2024-11-04,Bank Transfer,7168.99
TX1003967,CUST2734,ACC159105,2024-10-16,Withdrawal,5617.17
TX1003968,CUST1759,ACC121605,2024-10-15,bank-transfer,14027.63
TX1003969,CUST1189,ACC133130,2024-07-01,Deposit,9851.89
TX1003970,CUST2096,ACC127180,2024-02-19,Deposit,9653.65
TX1003971,CUST2483,ACC166330,2024-07-13,POS,5712.63
TX1003972,CUST2698,ACC105850,2024-08-29,Deposit,18195.84
TX1003973,CUST1390,ACC160577,2024-11-15,Withdrawal,11314.22
TX1003974,CUST1105,ACC103501,2024-04-10,Withdrawal,5298.22
TX1003975,CUST1549,ACC109593,2024-05-05,Deposit,11750.14
TX1003976,CUST1772,ACC183737,2024-06-15,WITHDRAWAL,688.14
TX1003977,CUST2379,ACC191027,2024-01-24,POS,8548.49
TX1003978,CUST2238,ACC188555,2024-06-21,deposit,16136.58
TX1003979,CUST2234,ACC198269,2024-07-01,DEPOSIT,985.69
TX1003980,CUST1080,ACC160542,2024-08-29,Deposit,184.1
TX1003981,CUST2789,ACC149958,2024-05-03,DEPOSIT,11370.32
TX1003982,CUST1149,ACC145043,2024-09-29,Pos Purchase,17477.06
TX1003983,CUST1385,ACC197774,2024-06-19,Withdrawal,18479.33
TX1003984,CUST2647,ACC152342,2024-09-09,Withdrawal,7809.59
TX1003985,CUST2559,ACC125480,2024-04-26,withdrawal,10931.27
TX1003986,CUST2203,ACC151992,2024-08-08,Deposit,2526.86
TX1003987,CUST2483,ACC104951,2024-10-14,Withdrawal,14836.89
TX1003988,CUST2375,ACC101407,2024-01-09,POS,9154.91
TX1003989,CUST2144,ACC132847,2024-12-19,POS,16126.49
TX1003990,CUST1444,ACC115031,2024-02-09,withdrawal,16048.51
TX1003991,CUST1981,ACC192943,2024-02-22,Withdrawal,9941.81
TX1003992,CUST1427,ACC117888,2024-10-16,Bank Transfer,11877.92
TX1003993,CUST2780,ACC142875,2024-03-11,Deposit,15705.3
TX1003994,CUST2857,ACC187856,2024-04-28,WITHDRAWAL,16313.34
TX1003995,CUST1681,ACC198130,2024-07-29,Deposit,11253.82
TX1003996,CUST1620,ACC160849,2024-01-23,Bank Transfer,18065.21
TX1003997,CUST2959,ACC163538,2024-04-14,withdrawal,17308.22
TX1003998,CUST2861,ACC160470,2024-08-27,Deposit,13067.96
TX1003999,CUST1031,ACC108943,2024-07-30,POS,7602.98
TX1004000,CUST1433,ACC110819,2024-09-30,POS,11660.36
TX1004001,CUST2919,ACC171883,2024-02-07,POS,2802.87
TX1004002,CUST1389,ACC186117,2024-02-22,Withdrawal,452.56
TX1004003,CUST2970,ACC131757,2024-12-14,withdrawal,16930.41
TX1004004,CUST2518,ACC193530,2024-10-07,DEPOSIT,496.9
TX1004005,CUST1240,ACC157373,2024-08-13,Bank Transfer,3151.63
TX1004006,CUST2529,ACC118383,2024-03-10,deposit,7215.62
TX1004007,CUST2544,ACC161707,2024-04-23,DEPOSIT,16198.43
TX1004008,CUST1980,ACC136587,,POS,7091.01
TX1004009,CUST2872,ACC121150,2024-04-21,BankTransfer,3970.33
TX1004010,CUST1496,ACC122359,2024-07-08,Bank Transfer,8706.93
TX1004011,CUST2424,ACC102367,2024-02-19,Deposit,1860.67
TX1004012,CUST2237,ACC179559,2024-01-19,Deposit,8688.46
TX1004013,CUST2441,ACC113174,2024-05-11,Deposit,11474.36
TX1004014,CUST1418,ACC123230,2024-01-06,Bank Transfer,19832.93
TX1004015,CUST1812,ACC138554,2024-10-27,Withdrawal,17090.14
TX1004016,CUST2874,ACC116272,2024-07-28,Deposit,-16287.04
TX1004017,CUST1490,ACC170078,2024-03-02,DEPOSIT,2835.3
TX1004018,CUST2130,ACC197182,2024-05-23,POS,12648.34
TX1004019,CUST1658,ACC151229,2024-11-25,POS,5064.92
TX1004020,CUST2588,ACC122079,2024-10-28,Deposit,631.33
TX1004021,CUST1579,ACC110169,2024-08-18,POS,11277.69
TX1004022,CUST1779,ACC188000,2024-04-17,withdrawal,7948.81
TX1004023,CUST1954,ACC101469,,Pos Purchase,2730.16
TX1004024,CUST2092,ACC188785,2024-06-23,Deposit,13371.89
TX1004025,CUST2328,ACC135815,2024-05-01,deposit,17856.19
TX1004026,CUST1735,ACC120119,2024-11-09,Bank Transfer,2092.02
TX1004027,CUST1631,ACC157757,2024-03-01,Withdrawal,9543.71
TX1004028,CUST1535,ACC146935,2024-02-17,POS,4033.82
TX1004029,CUST1736,ACC123322,2024-05-08,POS,13715.9
TX1004030,CUST2050,ACC128399,2024-11-02,Bank Transfer,15479.29
TX1004031,CUST2807,ACC193639,2024-10-01,Bank Transfer,4359.96
TX1004032,CUST2018,ACC104514,2024-11-18,Bank Transfer,7440.94
TX1004033,CUST1954,ACC188479,2024-05-03,WITHDRAWAL,12985.21
TX1004034,CUST1201,ACC169769,2024-01-23,Withdrawal,4630.47
TX1004035,CUST2644,ACC128333,2024-08-31,withdrawal,13611.15
TX1004036,CUST2479,ACC157941,2024-12-18,bank-transfer,13853.96
TX1004037,CUST1961,ACC191323,2024-05-21,Pos Purchase,11693.92
TX1004038,CUST2559,ACC106259,2024-10-04,Withdrawal,4938.04
TX1004039,CUST2719,ACC183203,2024-03-26,Deposit,12696.08
TX1004040,CUST1655,ACC168534,2024-12-02,POS,10175.23
TX1004041,CUST2872,ACC184018,2024-12-22,POS,10627.96
TX1004042,CUST1416,ACC186840,2024-01-04,POS,18955.23
TX1004043,CUST1759,ACC193901,2024-09-07,Deposit,18757.24
TX1004044,CUST1640,ACC186512,2024-04-20,POS,9203.98
TX1004045,CUST1847,ACC113473,2024-07-29,Deposit,11468.41
TX1004046,CUST1093,ACC151199,2024-06-18,BankTransfer,3114.33
TX1004047,CUST2152,ACC190485,2024-02-21,POS,18493.7
TX1004048,CUST2769,ACC140412,2024-02-15,Deposit,8553.32
TX1004049,CUST1453,ACC158194,2024-09-14,,15729.3
TX1004050,CUST2518,ACC106870,2024-10-25,Bank Transfer,9992.52
TX1004051,CUST1298,ACC178407,2024-04-27,POS,18207.44
TX1004052,CUST1033,ACC100611,2024-10-21,Deposit,11402.48
TX1004053,CUST1534,ACC106378,2024-05-22,Deposit,14520.92
TX1004054,CUST2133,ACC149465,2024-01-01,POS,6729.1
TX1004055,CUST2914,ACC126442,2024-08-06,Deposit,15970.78
TX1004056,CUST2196,ACC132728,2024-12-22,pos,12093.89
TX1004057,CUST2186,ACC149105,2024-06-27,Withdrawal,14971.65
TX1004058,CUST2474,ACC131265,2024-07-01,Deposit,7093.34
TX1004059,CUST1855,ACC126212,2024-08-19,Bank Transfer,12467.35
TX1004060,CUST1604,ACC111978,2024-10-11,Deposit,16856.04
TX1004061,CUST1312,ACC102102,2024-12-22,,14663.59
TX1004062,CUST1401,ACC155270,2024-03-25,Bank Transfer,17518.17
TX1004063,CUST1675,ACC103662,2024-01-14,POS,3474.28
TX1004064,CUST1471,ACC101908,2024-02-19,deposit,14505.48
TX1004065,CUST1777,ACC144186,2024-11-17,Withdrawal,14515.7
TX1004066,CUST2166,ACC125185,2024-10-19,Pos Purchase,9865.3
TX1004067,CUST2706,ACC189123,2024-01-11,Bank Transfer,17482.9
TX1004068,CUST1503,ACC187680,2024-12-07,pos,13624.27
TX1004069,CUST2022,ACC108280,2024-05-20,Deposit,17264.71
TX1004070,CUST2127,ACC128910,2024-04-08,Withdrawal,16022.39
TX1004071,CUST2340,ACC112661,2024-03-29,POS,8794.58
TX1004072,CUST2932,ACC187046,2024-03-21,Bank Transfer,
TX1004073,CUST2402,ACC122004,2024-04-29,Bank Transfer,4579.35
TX1004074,CUST1691,ACC194897,2024-01-24,Deposit,17001.63
TX1004075,CUST1527,ACC121895,2024-04-01,POS,18636.19
TX1004076,CUST2563,ACC105768,2024-04-10,Deposit,5604.39
TX1004077,CUST2682,ACC154484,2024-04-17,Withdrawal,483.13
TX1004078,CUST2000,ACC167174,2024-04-11,POS,4273.41
TX1004079,CUST2979,ACC114114,2024-03-08,POS,19300.17
TX1004080,CUST2481,ACC142879,2024-05-31,Bank Transfer,7888.82
TX1004081,CUST2314,ACC142294,2024-08-23,POS,13316.55
TX1004082,CUST2514,ACC173669,2024-02-01,Withdrawal,2595.54
TX1004083,CUST2004,ACC182154,2024-12-04,Bank Transfer,7755.38
TX1004084,CUST1943,ACC124844,2024-08-18,POS,9238.78
TX1004085,CUST1344,ACC181877,2024-04-25,Withdrawal,18363.26
TX1004086,CUST2500,ACC127147,2024-11-12,bank-transfer,5419.77
TX1004087,CUST2628,ACC171002,2024-03-09,Withdrawal,617.68
TX1004088,CUST1721,ACC151781,2024-01-17,BankTransfer,13329.62
TX1004089,CUST1346,ACC156083,2024-03-01,Deposit,19570.1
TX1004090,CUST1286,ACC115834,2024-04-14,POS,5570.52
TX1004091,CUST2475,ACC130462,2024-07-06,Bank Transfer,18461.08
TX1004092,CUST2119,ACC128020,2024-11-17,Deposit,6733.76
TX1004093,CUST2000,ACC113878,2024-06-02,POS,7338.0
TX1004094,CUST1376,ACC146737,2024-12-17,Deposit,1624.57
TX1004095,CUST2877,ACC142384,2024-08-09,Bank Transfer,11053.1
TX1004096,CUST2821,ACC122756,2024-03-19,Withdrawal,4635.81
TX1004097,CUST2110,ACC101965,2024-12-18,Withdrawal,1598.31
TX1004098,CUST2314,ACC152709,2024-02-02,DEPOSIT,2464.16
TX1004099,CUST2960,ACC185720,2024-03-22,Deposit,-328.01
TX1004100,CUST1120,ACC141450,2024-08-30,Bank Transfer,140.93
TX1004101,CUST2073,ACC101570,2024-07-12,POS,2725.79
TX1004102,CUST1069,ACC151011,2024-01-04,Deposit,17390.28
TX1004103,CUST2718,ACC127887,2024-03-28,Deposit,2633.83
TX1004104,CUST2734,ACC160132,2024-07-10,Withdrawal,14371.99
TX1004105,CUST1152,ACC128848,2024-01-18,Deposit,3247.09
TX1004106,CUST2935,ACC108652,2024-09-29,,9541.79
TX1004107,CUST2675,ACC186240,2024-03-30,Pos Purchase,13000.49
TX1004108,CUST2368,ACC136497,2024-12-16,Bank Transfer,13586.63
TX1004109,CUST1099,ACC185189,2024-08-03,BankTransfer,6776.81
TX1004110,CUST2565,ACC181777,2024-02-25,Deposit,7136.58
TX1004111,CUST1013,ACC148362,2024-02-13,POS,15864.9
TX1004112,CUST1844,ACC105759,2024-03-21,Withdrawal,18641.88
TX1004113,CUST1281,ACC108825,2024-04-18,Withdrawal,19546.28
TX1004114,CUST2725,ACC128647,2024-02-07,pos,18947.98
TX1004115,CUST2291,ACC153883,2024-03-19,POS,8852.64
TX1004116,CUST1473,ACC139522,2024-07-31,Bank Transfer,18625.74
TX1004117,CUST1139,ACC178494,2024-02-25,Deposit,8405.78
TX1004118,CUST2448,ACC165480,2024-08-10,Bank Transfer,9635.57
TX1004119,CUST1309,ACC113344,2024-04-27,Withdrawal,5465.42
TX1004120,CUST1018,ACC193392,2024-12-24,BankTransfer,4133.5
TX1004121,CUST1447,ACC170278,2024-03-26,Withdrawal,4211.81
TX1004122,CUST2035,ACC174606,2024-05-16,POS,13987.25
TX1004123,CUST1933,ACC122473,2024-12-31,Bank Transfer,4348.29
TX1004124,CUST1764,ACC133022,2024-09-23,Deposit,15042.65
TX1004125,CUST1123,ACC112418,2024-12-31,withdrawal,16400.19
TX1004126,CUST2265,ACC178625,2024-10-11,Withdrawal,19895.64
TX1004127,CUST2306,ACC142513,2024-12-12,Bank Transfer,9141.56
TX1004128,CUST2365,ACC182689,2024-09-28,Bank Transfer,14630.86
TX1004129,CUST2912,ACC191267,2024-10-29,POS,2672.54
TX1004130,CUST2262,ACC150930,2024-10-26,Deposit,8814.91
TX1004131,CUST2869,ACC188853,2024-06-17,POS,19268.17
TX1004132,CUST1989,ACC190927,2024-08-19,Bank Transfer,12162.15
TX1004133,CUST2350,ACC117423,2024-03-21,Bank Transfer,15397.03
TX1004134,CUST1999,ACC143522,2024-10-31,POS,11573.57
TX1004135,CUST1032,ACC122980,2024-09-29,POS,1605.44
TX1004136,CUST1013,ACC183277,2024-12-04,Bank Transfer,19170.75
TX1004137,CUST2089,ACC199839,2024-10-17,Withdrawal,2402.68
TX1004138,CUST2129,ACC190128,2024-04-20,Withdrawal,248.27
TX1004139,CUST1842,ACC141676,2024-08-17,Deposit,7593.32
TX1004140,CUST1024,ACC187342,2024-08-05,withdrawal,
TX1004141,CUST1034,ACC163193,2024-03-29,DEPOSIT,15134.24
TX1004142,CUST2084,ACC108849,2024-11-08,BankTransfer,1363.57
TX1004143,CUST2479,ACC143922,2024-08-15,POS,3882.26
TX1004144,CUST1562,ACC102313,2024-05-22,Pos Purchase,12564.36
TX1004145,CUST2097,ACC179761,2024-06-10,Bank Transfer,5035.11
TX1004146,CUST1587,ACC176681,2024-05-13,,19933.47
TX1004147,CUST1035,ACC158839,2024-11-06,Bank Transfer,10443.28
TX1004148,CUST2028,ACC150118,2024-04-19,Bank Transfer,19128.7
TX1004149,CUST2665,ACC166981,2024-01-11,Bank Transfer,11389.32
TX1004150,CUST2429,ACC183963,2024-04-10,Bank Transfer,15748.07
TX1004151,CUST2380,ACC197231,2024-07-26,Withdrawal,19425.3
TX1004152,CUST1881,ACC130464,2024-05-31,withdrawal,18529.63
TX1004153,CUST2651,ACC165984,2024-07-11,POS,6871.89
TX1004154,CUST2924,ACC177000,2024-10-01,pos,17492.98
TX1004155,CUST2863,ACC192357,2024-08-26,POS,1374.98
TX1004156,CUST1367,ACC101742,2024-02-16,WITHDRAWAL,18053.05
TX1004157,CUST1219,ACC130488,2024-10-24,POS,9533.29
TX1004158,CUST2880,ACC102780,2024-02-29,POS,2236.86
TX1004159,CUST1197,ACC180786,2024-12-21,pos,536.65
TX1004160,CUST2073,ACC199475,2024-03-05,Bank Transfer,3638.49
TX1004161,CUST1304,ACC116260,2024-01-28,,11210.7
TX1004162,CUST1493,ACC140481,2024-04-27,Withdrawal,11193.05
TX1004163,CUST1393,ACC130984,2024-12-24,Deposit,1319.21
TX1004164,CUST2269,ACC196719,2024-09-30,Bank Transfer,9068.99
TX1004165,CUST2078,ACC156164,2024-02-27,POS,616.12
TX1004166,CUST1516,ACC199253,2024-10-13,,16199.9
TX1004167,CUST2669,ACC131922,2024-09-02,Pos Purchase,19762.99
TX1004168,CUST1725,ACC181233,2024-07-21,Deposit,1044.27
TX1004169,CUST1547,ACC110405,2024-11-28,Deposit,12457.71
TX1004170,CUST2628,ACC107854,2024-10-24,bank-transfer,16827.52
TX1004171,CUST1812,ACC118029,2024-12-30,Bank Transfer,9346.78
TX1004172,CUST1161,ACC149089,2024-03-10,Bank Transfer,17001.32
TX1004173,CUST1764,ACC165369,2024-01-28,Deposit,18092.13
TX1004174,CUST2964,ACC138877,2024-09-22,Withdrawal,2117.95
TX1004175,CUST1831,ACC126478,2024-04-02,Deposit,2612.27
TX1004176,CUST1940,ACC119879,2024-10-02,POS,9531.92
TX1004177,CUST2157,ACC149250,2024-04-28,POS,3863.47
TX1004178,CUST1498,ACC126789,2024-03-05,WITHDRAWAL,18930.61
TX1004179,CUST2427,ACC184153,2024-05-03,withdrawal,18827.42
TX1004180,CUST1462,ACC104968,2024-01-26,Deposit,14844.12
TX1004181,CUST1614,ACC131203,2024-09-17,POS,10348.71
TX1004182,CUST2400,ACC195067,2024-11-06,Deposit,1042.91
TX1004183,CUST2695,ACC178390,2024-10-05,Deposit,19574.31
TX1004184,CUST2736,ACC158160,2024-02-07,Pos Purchase,3206.58
TX1004185,CUST1165,ACC196895,2024-05-03,POS,13809.67
TX1004186,CUST2338,ACC143082,2024-10-02,POS,-13400.13
TX1004187,CUST2757,ACC117598,2024-10-09,Deposit,19953.69
TX1004188,CUST2330,ACC136454,2024-02-12,Bank Transfer,12134.68
TX1004189,CUST2555,ACC141620,,DEPOSIT,16590.83
TX1004190,CUST1064,ACC184358,2024-09-25,POS,13937.47
TX1004191,CUST1191,ACC199679,2024-10-02,Withdrawal,10514.45
TX1004192,CUST1830,ACC105191,2024-02-17,Withdrawal,8245.38
TX1004193,CUST1776,ACC168271,2024-05-12,Deposit,14326.47
TX1004194,CUST1772,ACC154380,2024-05-13,Bank Transfer,15.17
TX1004195,CUST2131,ACC184940,2024-06-19,POS,1185.26
TX1004196,CUST1974,ACC137808,2024-10-08,Withdrawal,3023.36
TX1004197,CUST1114,ACC198376,2024-03-10,pos,560.11
TX1004198,CUST2304,ACC103105,2024-04-01,Deposit,13107.63
TX1004199,CUST1019,ACC130016,2024-01-23,Deposit,9557.01
TX1004200,CUST2439,ACC196059,2024-08-06,Bank Transfer,17429.51
TX1004201,CUST1350,ACC143420,2024-09-08,Withdrawal,18875.91
TX1004202,CUST1169,ACC144922,2024-04-15,POS,2433.56
TX1004203,CUST2023,ACC131752,2024-03-12,Withdrawal,11691.02
TX1004204,CUST2731,ACC126976,2024-04-22,Pos Purchase,15054.16
TX1004205,CUST1888,ACC170688,2024-12-23,Withdrawal,5592.74
TX1004206,CUST2320,ACC107087,2024-11-21,BankTransfer,3607.95
TX1004207,CUST2606,ACC187163,2024-02-15,Withdrawal,11928.22
TX1004208,CUST1678,ACC132550,2024-09-22,Withdrawal,12867.18
TX1004209,CUST2158,ACC190092,2024-03-16,Bank Transfer,6473.75
TX1004210,CUST2757,ACC191262,2024-11-15,Deposit,8276.4
TX1004211,CUST2994,ACC194306,2024-08-14,Bank Transfer,765.67
TX1004212,CUST1195,ACC129156,2024-02-06,pos,4699.2
TX1004213,CUST2832,ACC179700,2024-08-04,Bank Transfer,1516.97
TX1004214,CUST2081,ACC150002,2024-11-20,BankTransfer,6563.77
TX1004215,CUST2882,ACC168350,2024-10-06,Withdrawal,12417.42
TX1004216,CUST1087,ACC142157,2024-02-11,pos,15597.51
TX1004217,CUST1470,ACC124057,2024-06-13,Bank Transfer,12480.51
TX1004218,CUST1432,ACC157981,2024-08-23,Deposit,14434.41
TX1004219,CUST2845,ACC182546,2024-03-25,Deposit,18922.06
TX1004220,CUST2777,ACC100792,2024-12-14,Bank Transfer,2308.61
TX1004221,CUST2417,ACC108469,2024-05-21,deposit,7221.96
TX1004222,CUST2817,ACC164440,2024-06-21,Deposit,15793.3
TX1004223,CUST2160,ACC109173,2024-01-16,Bank Transfer,600.83
TX1004224,CUST1973,ACC125226,2024-01-17,POS,3355.33
TX1004225,CUST1555,ACC106829,2024-01-06,Withdrawal,285.07
TX1004226,CUST1095,ACC183147,2024-01-14,Withdrawal,18719.57
TX1004227,CUST2892,ACC118550,2024-12-06,Bank Transfer,10520.24
TX1004228,CUST1152,ACC126767,2024-12-19,,1143.18
TX1004229,CUST2401,ACC116457,2024-01-13,Deposit,8684.64
TX1004230,CUST2895,ACC112027,2024-01-16,Withdrawal,70.47
TX1004231,CUST1574,ACC122764,2024-02-12,Bank Transfer,12104.12
TX1004232,CUST2841,ACC177677,2024-06-14,,18779.79
TX1004233,CUST2112,ACC171938,2024-03-25,Bank Transfer,9302.49
TX1004234,CUST2154,ACC126787,2024-11-22,Withdrawal,245.63
TX1004235,CUST2347,ACC130973,2024-10-26,Bank Transfer,19095.32
TX1004236,CUST1067,ACC166509,2024-02-11,POS,
TX1004237,CUST1367,ACC110245,2024-02-12,Withdrawal,2444.06
TX1004238,CUST2902,ACC155868,2024-12-18,Withdrawal,4428.49
TX1004239,CUST2741,ACC195025,2024-04-07,Withdrawal,490.13
TX1004240,CUST1644,ACC161220,2024-09-03,withdrawal,8879.6
TX1004241,CUST1032,ACC140824,2024-02-20,POS,12509.22
TX1004242,CUST2969,ACC121516,2024-08-12,Bank Transfer,8469.71
TX1004243,CUST1424,ACC194591,2024-10-02,Deposit,12996.02
TX1004244,CUST2202,ACC125891,2024-11-27,bank-transfer,10318.33
TX1004245,CUST1295,ACC132102,2024-07-09,POS,15629.59
TX1004246,CUST2540,ACC155576,2024-01-30,Pos Purchase,6497.59
TX1004247,CUST2680,ACC123125,2024-11-18,POS,13658.61
TX1004248,CUST2459,ACC179410,2024-11-05,Withdrawal,6768.31
TX1004249,CUST2681,ACC132632,2024-01-14,Deposit,19817.93
TX1004250,CUST1815,ACC139728,2024-03-17,Withdrawal,11758.14
TX1004251,CUST2902,ACC137401,2024-06-29,Deposit,11505.06
TX1004252,CUST1157,ACC175552,2024-06-09,Deposit,1948.35
TX1004253,CUST1612,ACC158755,2024-07-13,Deposit,6711.81
TX1004254,CUST1332,ACC183309,2024-12-10,Bank Transfer,-5940.55
TX1004255,CUST2154,ACC126398,2024-02-28,Deposit,16578.61
TX1004256,CUST1492,ACC135633,2024-09-15,WITHDRAWAL,8760.38
TX1004257,CUST2160,ACC163068,2024-11-26,DEPOSIT,18026.13
TX1004258,CUST2709,ACC110487,2024-05-28,Withdrawal,7822.62
TX1004259,CUST2739,ACC147131,2024-05-29,Bank Transfer,12444.27
TX1004260,CUST1796,ACC152198,2024-05-13,Withdrawal,13546.32
TX1004261,CUST2386,ACC149508,2024-03-22,Bank Transfer,2567.44
TX1004262,CUST2836,ACC121989,2024-02-13,Withdrawal,3567.85
TX1004263,CUST2107,ACC161697,2024-10-06,Deposit,8590.68
TX1004264,CUST1679,ACC157852,2024-03-16,Pos Purchase,6788.94
TX1004265,CUST1786,ACC155403,2024-11-03,Bank Transfer,10808.13
TX1004266,CUST2547,ACC166229,2024-12-08,Deposit,2505.55
TX1004267,CUST2514,ACC179874,2024-10-22,POS,15345.77
TX1004268,CUST1286,ACC196328,2024-10-03,,2695.33
TX1004269,CUST2618,ACC156810,2024-09-01,Bank Transfer,6176.21
TX1004270,CUST2411,ACC199657,2024-05-27,Withdrawal,19353.25
TX1004271,CUST2483,ACC120431,2024-09-08,Deposit,4527.05
TX1004272,CUST1160,ACC163176,2024-09-24,Withdrawal,11073.31
TX1004273,CUST2025,ACC102596,2024-02-09,Deposit,15311.0
TX1004274,CUST2526,ACC199867,2024-03-18,Pos Purchase,6485.81
TX1004275,CUST2995,ACC149993,2024-03-30,pos,929.24
TX1004276,CUST1708,ACC156019,2024-05-27,POS,19089.06
TX1004277,CUST1109,ACC110909,2024-09-13,Withdrawal,5192.41
TX1004278,CUST1200,ACC199465,2024-11-14,Bank Transfer,8033.31
TX1004279,CUST1895,ACC139351,2024-01-22,POS,2129.85
TX1004280,CUST1475,ACC178011,2024-06-09,Deposit,17536.07
TX1004281,CUST2717,ACC170411,2024-07-13,Withdrawal,5223.2
TX1004282,CUST1155,ACC120027,2024-08-28,POS,3875.64
TX1004283,CUST1697,ACC172463,2024-01-21,Deposit,5924.92
TX1004284,CUST2239,ACC195243,2024-09-16,Withdrawal,17397.69
TX1004285,CUST2574,ACC123029,2024-08-10,Deposit,17167.7
TX1004286,CUST2257,ACC133723,2024-08-27,Withdrawal,18085.99
TX1004287,CUST2955,ACC149866,2024-01-14,pos,2141.32
TX1004288,CUST2219,ACC160771,2024-01-23,pos,15684.39
TX1004289,CUST1812,ACC140088,2024-11-02,Withdrawal,18429.83
TX1004290,CUST2984,ACC159454,2024-01-26,POS,14300.09
TX1004291,CUST2584,ACC137122,2024-01-02,Deposit,17734.18
TX1004292,CUST1668,ACC149171,2024-12-04,Bank Transfer,8988.16
TX1004293,CUST1060,ACC173681,2024-05-13,Bank Transfer,19373.36
TX1004294,CUST2298,ACC179432,2024-05-05,Bank Transfer,8837.98
TX1004295,CUST1559,ACC163025,2024-07-12,Deposit,17889.19
TX1004296,CUST2604,ACC109429,2024-06-25,POS,11199.29
TX1004297,CUST1922,ACC143677,2024-11-21,Bank Transfer,17541.49
TX1004298,CUST2004,ACC117911,2024-06-23,bank-transfer,8395.11
TX1004299,CUST1467,ACC193698,2024-02-15,Deposit,10219.75
TX1004300,CUST1728,ACC161506,2024-07-04,Bank Transfer,16680.71
TX1004301,CUST2132,ACC125652,2024-09-21,Withdrawal,18720.66
TX1004302,CUST2927,ACC120280,2024-05-20,Deposit,17968.44
TX1004303,CUST1768,ACC124854,2024-09-28,POS,18938.8
TX1004304,CUST1884,ACC100547,2024-03-17,POS,10662.64
TX1004305,CUST1380,ACC101682,2024-07-26,Deposit,8935.91
TX1004306,CUST2392,ACC165627,2024-07-12,Bank Transfer,12415.68
TX1004307,CUST2199,ACC195730,2024-10-15,Bank Transfer,19155.14
TX1004308,CUST2353,ACC195072,2024-03-03,Withdrawal,1730.0
TX1004309,CUST1778,ACC149054,2024-04-30,POS,7911.88
TX1004310,CUST1175,ACC164415,2024-07-30,Deposit,16222.82
TX1004311,CUST2581,ACC153025,2024-03-17,POS,8740.72
TX1004312,CUST2266,ACC154502,2024-05-17,Deposit,12825.72
TX1004313,CUST1604,ACC151727,2024-09-18,Deposit,19566.96
TX1004314,CUST2634,ACC197280,2024-04-26,withdrawal,5801.04
TX1004315,CUST1504,ACC148908,2024-06-13,Bank Transfer,1842.04
TX1004316,CUST2460,ACC150336,2024-07-08,POS,8957.51
TX1004317,CUST1150,ACC164166,2024-12-04,POS,4730.64
TX1004318,CUST1168,ACC140345,2024-01-26,Withdrawal,11585.48
TX1004319,CUST1548,ACC184023,2024-07-06,Withdrawal,10764.12
TX1004320,CUST1315,ACC177110,2024-06-07,POS,17856.42
TX1004321,CUST1778,ACC109336,2024-03-28,Pos Purchase,4340.36
TX1004322,CUST2457,ACC153580,2024-10-22,Bank Transfer,9459.46
TX1004323,CUST2605,ACC105089,2024-07-11,deposit,1458.86
TX1004324,CUST2298,ACC116315,2024-01-22,Deposit,3210.55
TX1004325,CUST1315,ACC150439,2024-10-09,Deposit,11504.07
TX1004326,CUST2514,ACC174135,2024-12-31,POS,17577.5
TX1004327,CUST1797,ACC121281,2024-01-21,Bank Transfer,10996.0
TX1004328,CUST1648,ACC125457,2024-11-16,BankTransfer,14813.3
TX1004329,CUST1738,ACC157186,2024-08-28,POS,7133.92
TX1004330,CUST1218,ACC133457,2024-01-28,POS,13403.19
TX1004331,CUST1187,ACC198510,2024-07-27,Deposit,10435.53
TX1004332,CUST1010,ACC194666,2024-04-16,Withdrawal,2952.92
TX1004333,CUST2931,ACC145688,2024-05-03,POS,17878.12
TX1004334,CUST1631,ACC166795,2024-07-29,Deposit,19643.71
TX1004335,CUST1910,ACC192946,2024-11-04,Bank Transfer,19731.46
TX1004336,CUST1737,ACC164044,2024-11-10,Deposit,8776.41
TX1004337,CUST2559,ACC183228,2024-10-12,Withdrawal,301.65
TX1004338,CUST1552,ACC190241,2024-08-23,Bank Transfer,8813.51
TX1004339,CUST1209,ACC148258,2024-11-12,Withdrawal,5861.58
TX1004340,CUST1271,ACC191285,2024-06-30,Deposit,9654.63
TX1004341,CUST1178,ACC107563,2024-01-09,Bank Transfer,11787.72
TX1004342,CUST1383,ACC185315,2024-11-15,Withdrawal,7785.68
TX1004343,CUST1882,ACC150506,2024-11-21,Deposit,1374.76
TX1004344,CUST1919,ACC155579,2024-09-26,POS,10184.13
TX1004345,CUST2140,ACC196424,2024-04-04,Withdrawal,8946.66
TX1004346,CUST2136,ACC132347,2024-03-05,POS,7884.31
TX1004347,CUST2049,ACC131765,2024-02-03,Bank Transfer,11602.3
TX1004348,CUST1835,ACC162616,2024-02-01,Bank Transfer,19715.15
TX1004349,CUST1211,ACC104522,2024-05-17,Bank Transfer,17999.7
TX1004350,CUST1053,ACC147371,2024-01-25,POS,18056.3
TX1004351,CUST1183,ACC182700,2024-03-03,POS,2799.84
TX1004352,CUST1724,ACC192610,2024-07-19,Withdrawal,1012.98
TX1004353,CUST2135,ACC188660,2024-05-09,Bank Transfer,19415.56
TX1004354,CUST1190,ACC103703,2024-09-27,Deposit,15550.91
TX1004355,CUST2222,ACC191418,2024-03-04,Bank Transfer,19198.11
TX1004356,CUST2224,ACC187251,2024-10-11,Withdrawal,13367.92
TX1004357,CUST2606,ACC184585,2024-09-27,Withdrawal,18971.5
TX1004358,CUST1664,ACC119383,2024-01-03,Withdrawal,3189.12
TX1004359,CUST2768,ACC134253,2024-05-13,Bank Transfer,19057.06
TX1004360,CUST1788,ACC179355,2024-11-16,,19278.36
TX1004361,CUST1025,ACC159699,2024-05-12,bank-transfer,15528.53
TX1004362,CUST1597,ACC189268,2024-11-25,Bank Transfer,2365.02
TX1004363,CUST1847,ACC119315,2024-03-31,deposit,7290.48
TX1004364,CUST1794,ACC133330,2024-10-07,bank-transfer,17821.61
TX1004365,CUST2595,ACC132429,2024-08-30,Bank Transfer,19804.6
TX1004366,CUST1173,ACC178924,2024-09-12,Deposit,19780.26
TX1004367,CUST2484,ACC175804,2024-05-07,POS,3094.44
TX1004368,CUST2845,ACC186848,2024-09-21,Withdrawal,4990.87
TX1004369,CUST2145,ACC121158,2024-04-09,WITHDRAWAL,547.01
TX1004370,CUST2853,ACC101617,2024-07-12,Deposit,15610.77
TX1004371,CUST1497,ACC115300,2024-04-06,BankTransfer,9162.12
TX1004372,CUST2171,ACC112098,2024-09-27,Bank Transfer,10123.89
TX1004373,CUST2067,ACC184462,2024-11-27,WITHDRAWAL,11526.38
TX1004374,CUST1347,ACC193272,2024-02-02,POS,15755.56
TX1004375,CUST2403,ACC150377,2024-07-23,Deposit,2311.63
TX1004376,CUST1779,ACC152122,2024-05-17,Bank Transfer,4690.23
TX1004377,CUST1347,ACC192545,2024-05-04,Bank Transfer,14115.73
TX1004378,CUST1284,ACC176829,2024-03-20,Bank Transfer,3640.76
TX1004379,CUST1550,ACC110531,2024-12-10,Withdrawal,15514.11
TX1004380,CUST1616,ACC167965,2024-02-03,Bank Transfer,7619.34
TX1004381,CUST1549,ACC124749,2024-03-13,Deposit,148.08
TX1004382,CUST2009,ACC155436,2024-12-22,POS,10797.65
TX1004383,CUST1298,ACC121734,2024-07-23,Deposit,14482.3
TX1004384,CUST1129,ACC155950,2024-11-12,bank-transfer,26.79
TX1004385,CUST1342,ACC133144,2024-12-13,POS,17447.68
TX1004386,CUST1890,ACC190680,2024-05-31,Deposit,18338.3
TX1004387,CUST1565,ACC139612,2024-03-28,Withdrawal,16225.84
TX1004388,CUST1862,ACC165620,2024-09-24,Bank Transfer,4265.02
TX1004389,CUST1613,ACC169887,2024-10-19,pos,13070.74
TX1004390,CUST1991,ACC186309,2024-11-26,Bank Transfer,933.09
TX1004391,CUST2602,ACC150172,2024-12-08,DEPOSIT,19075.08
TX1004392,CUST1157,ACC176818,2024-12-07,Deposit,626.21
TX1004393,CUST1739,ACC140367,2024-06-06,Withdrawal,18038.46
TX1004394,CUST1515,ACC196198,2024-07-27,Withdrawal,5380.67
TX1004395,CUST2933,ACC153950,2024-06-01,Withdrawal,16424.86
TX1004396,CUST1505,ACC198626,2024-03-22,Withdrawal,19510.99
TX1004397,CUST2476,ACC195374,2024-01-11,POS,16438.07
TX1004398,CUST2280,ACC111648,2024-05-04,BankTransfer,8119.19
TX1004399,CUST2015,ACC114322,2024-08-02,Bank Transfer,13088.18
TX1004400,CUST2216,ACC183385,2024-03-07,Withdrawal,2508.95
TX1004401,CUST2262,ACC175053,2024-07-07,withdrawal,10316.5
TX1004402,CUST1400,ACC145140,2024-09-27,Deposit,8679.32
TX1004403,CUST1937,ACC118705,2024-08-08,Bank Transfer,18724.86
TX1004404,CUST1219,ACC135261,2024-04-19,Withdrawal,5346.68
TX1004405,CUST1277,ACC198137,2024-02-23,POS,17801.6
TX1004406,CUST1623,ACC127462,2024-06-07,Withdrawal,12045.25
TX1004407,CUST1013,ACC198079,2024-05-08,Deposit,17183.72
TX1004408,CUST2943,ACC152162,2024-02-12,Bank Transfer,17316.2
TX1004409,CUST1810,ACC191620,2024-08-24,DEPOSIT,16056.0
TX1004410,CUST1680,ACC140383,2024-01-21,WITHDRAWAL,81645.9
TX1004411,CUST2723,ACC100841,2024-07-18,POS,561.99
TX1004412,CUST2270,ACC122072,2024-05-29,POS,9971.72
TX1004413,CUST1778,ACC164451,2024-11-19,Withdrawal,879.75
TX1004414,CUST2646,ACC100206,2024-07-18,Deposit,889.09
TX1004415,CUST2765,ACC112697,2024-03-21,POS,9979.41
TX1004416,CUST1674,ACC109154,2024-06-30,deposit,18773.44
TX1004417,CUST1901,ACC191267,2024-07-10,Deposit,1995.27
TX1004418,CUST1685,ACC154767,2024-05-28,POS,5567.15
TX1004419,CUST1881,ACC168807,2024-01-22,Bank Transfer,4799.87
TX1004420,CUST2670,ACC154636,2024-04-05,Withdrawal,17438.87
TX1004421,CUST2686,ACC185789,2024-07-25,Withdrawal,637.42
TX1004422,CUST2760,ACC137793,2024-04-27,Withdrawal,1027.13
TX1004423,CUST2333,ACC196081,2024-12-11,Deposit,5562.79
TX1004424,CUST2995,ACC156485,2024-07-07,Bank Transfer,11829.15
TX1004425,CUST2217,ACC122365,2024-06-23,Deposit,14594.14
TX1004426,CUST1278,ACC123121,2024-10-05,POS,13212.92
TX1004427,CUST1615,ACC149106,2024-12-15,bank-transfer,19836.74
TX1004428,CUST1656,ACC124431,2024-04-05,Withdrawal,17835.83
TX1004429,CUST2235,ACC192280,2024-05-30,Deposit,-5681.4
TX1004430,CUST2940,ACC117607,2024-04-08,Bank Transfer,7756.51
TX1004431,CUST2423,ACC125954,2024-01-12,Withdrawal,8759.28
TX1004432,CUST1411,ACC163762,2024-12-08,Withdrawal,nan
TX1004433,CUST1981,ACC123853,2024-02-13,POS,12742.23
TX1004434,CUST1643,ACC165878,2024-08-28,POS,16953.52
TX1004435,CUST1363,ACC114449,2024-07-12,Bank Transfer,7637.72
TX1004436,CUST2975,ACC159069,2024-06-06,POS,10079.64
TX1004437,CUST1815,ACC174329,2024-07-29,,14053.66
TX1004438,CUST2983,ACC127862,2024-05-23,Withdrawal,8738.89
TX1004439,CUST1653,ACC124331,2024-05-28,Withdrawal,17500.98
TX1004440,CUST1596,ACC126337,2024-09-19,Withdrawal,18131.84
TX1004441,CUST2505,ACC107730,2024-10-21,Bank Transfer,17841.78
TX1004442,CUST2423,ACC198292,2024-09-28,Deposit,14160.38
TX1004443,CUST2296,ACC123950,2024-09-15,Withdrawal,16001.81
TX1004444,CUST2005,ACC199505,2024-01-12,Deposit,16650.66
TX1004445,CUST2981,ACC125150,2024-04-25,Deposit,14783.68
TX1004446,CUST2179,ACC133993,2024-02-25,Withdrawal,5106.78
TX1004447,CUST2601,ACC153581,2024-07-07,Deposit,7499.38
TX1004448,CUST1496,ACC157767,2024-05-03,POS,10036.85
TX1004449,CUST1667,ACC182160,2024-10-11,withdrawal,8587.36
TX1004450,CUST1770,ACC181844,2024-12-23,Deposit,10475.23
TX1004451,CUST1574,ACC114312,2024-09-13,Withdrawal,5816.49
TX1004452,CUST2672,ACC183418,2024-09-22,Withdrawal,10788.89
TX1004453,CUST2609,ACC121774,2024-04-01,deposit,9994.45
TX1004454,CUST1804,ACC110460,2024-05-21,POS,6753.5
TX1004455,CUST1747,ACC138420,2024-06-18,Deposit,3415.1
TX1004456,CUST1233,ACC111233,2024-03-09,Deposit,10123.03
TX1004457,CUST2908,ACC149509,2024-08-26,bank-transfer,17648.75
TX1004458,CUST2154,ACC116342,2024-11-08,Withdrawal,12559.07
TX1004459,CUST1409,ACC136275,2024-12-22,Withdrawal,5021.34
TX1004460,CUST2212,ACC108423,2024-02-01,Bank Transfer,14518.6
TX1004461,CUST2117,ACC144846,2024-12-10,withdrawal,12091.2
TX1004462,CUST1368,ACC103888,2024-12-18,Withdrawal,10016.39
TX1004463,CUST2396,ACC176761,2024-06-23,POS,3470.69
TX1004464,CUST2572,ACC130773,2024-01-20,POS,4152.73
TX1004465,CUST2126,ACC162638,2024-05-28,Deposit,5172.2
TX1004466,CUST1055,ACC163595,2024-12-17,Deposit,11443.35
TX1004467,CUST2951,ACC188185,2024-11-23,Deposit,1652.33
TX1004468,CUST2489,ACC199684,2024-01-30,Deposit,3229.05
TX1004469,CUST1945,ACC113213,2024-05-29,Deposit,4107.04
TX1004470,CUST2931,ACC101246,2024-05-02,Withdrawal,4383.87
TX1004471,CUST2450,ACC108002,2024-04-14,Bank Transfer,17391.68
TX1004472,CUST1429,ACC134875,2024-04-20,withdrawal,16691.61
TX1004473,CUST1897,ACC198539,2024-04-16,Deposit,10487.82
TX1004474,CUST2633,ACC100947,2024-06-30,bank-transfer,84087.8
TX1004475,CUST1596,ACC187205,2024-04-09,Withdrawal,18366.94
TX1004476,CUST2702,ACC176342,2024-09-26,Withdrawal,2462.23
TX1004477,CUST2418,ACC105486,2024-05-11,Bank Transfer,11268.11
TX1004478,CUST1141,ACC112693,2024-10-27,POS,485.97
TX1004479,CUST2677,ACC127665,2024-06-10,pos,9225.91
TX1004480,CUST2736,ACC168463,2024-12-28,POS,16445.79
TX1004481,CUST2629,ACC100951,2024-03-03,Deposit,4240.32
TX1004482,CUST2628,ACC149239,2024-07-21,Bank Transfer,19397.09
TX1004483,CUST1837,ACC179034,2024-04-23,Bank Transfer,13239.72
TX1004484,CUST2378,ACC168167,2024-03-13,Bank Transfer,721.75
TX1004485,CUST2022,ACC199793,2024-02-22,Deposit,14370.31
TX1004486,CUST1285,ACC134843,2024-02-16,POS,18962.02
TX1004487,CUST2297,ACC163691,2024-02-18,,5178.76
TX1004488,CUST1620,ACC162027,2024-12-30,withdrawal,15613.52
TX1004489,CUST1495,ACC199209,2024-11-03,pos,8403.99
TX1004490,CUST1517,ACC144175,2024-08-20,Bank Transfer,18473.99
TX1004491,CUST2348,ACC179216,2024-09-26,Bank Transfer,9664.72
TX1004492,CUST1315,ACC156289,2024-08-26,Withdrawal,7273.94
TX1004493,CUST2464,ACC144112,2024-03-04,Withdrawal,16554.29
TX1004494,CUST1866,ACC148599,2024-10-05,Withdrawal,5325.71
TX1004495,CUST2616,ACC189372,2024-01-25,Pos Purchase,14684.42
TX1004496,CUST1772,ACC144967,2024-11-06,BankTransfer,9298.54
TX1004497,CUST1151,ACC141317,2024-04-11,Deposit,13917.64
TX1004498,CUST1919,ACC131404,2024-05-03,POS,7817.85
TX1004499,CUST2224,ACC147344,2024-10-30,Deposit,5941.05
TX1004500,CUST1981,ACC187173,2024-02-16,Withdrawal,8359.62
TX1004501,CUST2192,ACC152228,2024-11-19,Bank Transfer,11786.04
TX1004502,CUST1820,ACC149602,2024-12-13,POS,4621.16
TX1004503,CUST2094,ACC180059,2024-04-11,Bank Transfer,1699.53
TX1004504,CUST2037,ACC107502,2024-09-09,POS,1983.62
TX1004505,CUST2891,ACC146665,2024-04-20,Bank Transfer,13715.59
TX1004506,CUST2884,ACC143287,2024-03-09,WITHDRAWAL,14774.37
TX1004507,CUST2781,ACC113130,2024-07-26,POS,7417.96
TX1004508,CUST2416,ACC100404,2024-11-25,DEPOSIT,13061.63
TX1004509,CUST1856,ACC159889,2024-06-14,Deposit,9836.09
TX1004510,CUST2113,ACC191528,2024-04-25,Bank Transfer,15740.34
TX1004511,CUST1075,ACC152665,2024-01-21,Withdrawal,13350.57
TX1004512,CUST2619,ACC195056,2024-07-27,pos,9007.89
TX1004513,CUST2983,ACC118201,2024-01-18,WITHDRAWAL,16293.63
TX1004514,CUST1736,ACC103365,2024-02-09,WITHDRAWAL,18644.95
TX1004515,CUST2436,ACC178893,2024-02-12,WITHDRAWAL,16330.27
TX1004516,CUST2833,ACC116108,2024-11-09,withdrawal,14394.34
TX1004517,CUST2663,ACC169550,2024-09-15,POS,7703.49
TX1004518,CUST2099,ACC136630,2024-09-11,POS,17227.94
TX1004519,CUST2216,ACC191654,2024-06-16,deposit,9618.35
TX1004520,CUST2306,ACC198492,2024-07-18,pos,7887.04
TX1004521,CUST2872,ACC132576,2024-02-18,Deposit,11247.15
TX1004522,CUST1174,ACC148290,2024-08-24,Bank Transfer,2523.19
TX1004523,CUST1223,ACC159233,2024-09-13,bank-transfer,10007.68
TX1004524,CUST2574,ACC181048,2024-07-27,POS,14750.46
TX1004525,CUST1508,ACC189939,2024-10-09,POS,6847.04
TX1004526,CUST2346,ACC186360,2024-09-25,Deposit,12818.81
TX1004527,CUST2361,ACC162285,2024-01-05,Withdrawal,11726.45
TX1004528,CUST1727,ACC167490,2024-01-06,Deposit,6223.91
TX1004529,CUST1340,ACC154149,2024-04-04,Withdrawal,17610.47
TX1004530,CUST2325,ACC186537,2024-04-16,Deposit,18532.21
TX1004531,CUST2254,ACC124633,2024-01-14,Bank Transfer,1421.49
TX1004532,CUST1090,ACC100410,2024-01-16,POS,7281.5
TX1004533,CUST2153,ACC183633,2024-10-27,pos,5757.49
TX1004534,CUST2321,ACC142229,2024-02-24,BankTransfer,12467.87
TX1004535,CUST2387,ACC102179,2024-06-20,Deposit,10392.96
TX1004536,CUST2324,ACC183070,2024-07-31,Deposit,10589.1
TX1004537,CUST1818,ACC147212,2024-02-27,Withdrawal,11869.76
TX1004538,CUST2980,ACC105997,2024-10-08,Withdrawal,10030.57
TX1004539,CUST2541,ACC196444,2024-03-06,Deposit,19921.4
TX1004540,CUST1679,ACC142667,2024-11-01,Deposit,9365.71
TX1004541,CUST2977,ACC188857,2024-09-25,Deposit,5988.73
TX1004542,CUST2630,ACC158236,2024-01-07,Pos Purchase,5524.72
TX1004543,CUST1881,ACC130612,2024-05-05,,3340.56
TX1004544,CUST1216,ACC179529,2024-12-18,POS,8628.18
TX1004545,CUST1021,ACC163509,2024-07-12,Pos Purchase,13741.91
TX1004546,CUST1201,ACC152450,2024-06-19,POS,11084.67
TX1004547,CUST1529,ACC196889,2024-08-29,POS,13849.91
TX1004548,CUST1454,ACC180293,2024-11-22,POS,8288.94
TX1004549,CUST2045,ACC110665,2024-12-25,Withdrawal,12150.41
TX1004550,CUST2529,ACC145656,2024-09-11,Bank Transfer,11902.29
TX1004551,CUST2062,ACC156087,2024-05-15,WITHDRAWAL,10728.83
TX1004552,CUST2142,ACC162406,2024-05-25,Withdrawal,15674.89
TX1004553,CUST2188,ACC186289,2024-11-01,Withdrawal,4650.87
TX1004554,CUST2408,ACC191684,2024-03-02,Withdrawal,10528.47
TX1004555,CUST2178,ACC113166,2024-07-31,POS,15704.59
TX1004556,CUST1452,ACC196243,2024-01-02,Deposit,5519.83
TX1004557,CUST1912,ACC150444,2024-11-13,Pos Purchase,1243.45
TX1004558,CUST1766,ACC138517,2024-12-14,Withdrawal,16010.12
TX1004559,CUST1801,ACC179583,2024-04-19,Deposit,2802.46
TX1004560,CUST1948,ACC125569,2024-07-19,Withdrawal,8303.56
TX1004561,CUST2581,ACC193315,2024-07-07,DEPOSIT,19202.25
TX1004562,CUST2391,ACC118764,2024-11-08,Bank Transfer,4051.36
TX1004563,CUST2205,ACC168164,2024-06-26,Pos Purchase,758.09
TX1004564,CUST2414,ACC174959,2024-03-09,POS,3252.92
TX1004565,CUST2024,ACC193934,2024-01-30,deposit,17335.75
TX1004566,CUST1308,ACC166143,2024-02-09,POS,5146.29
TX1004567,CUST1706,ACC104160,2024-06-08,bank-transfer,1121.64
TX1004568,CUST1050,ACC116759,2024-11-05,WITHDRAWAL,1788.35
TX1004569,CUST1988,ACC165264,2024-02-06,Bank Transfer,13928.99
TX1004570,CUST1214,ACC111415,2024-03-04,WITHDRAWAL,19996.49
TX1004571,CUST1605,ACC139498,2024-09-26,Bank Transfer,16417.02
TX1004572,CUST1851,ACC188219,2024-11-23,Withdrawal,4788.92
TX1004573,CUST2885,ACC171925,2024-10-21,Deposit,16417.74
TX1004574,CUST2969,ACC161184,2024-05-26,deposit,17937.79
TX1004575,CUST1175,ACC122027,2024-02-25,Deposit,2178.8
TX1004576,CUST1237,ACC158495,2024-10-03,Bank Transfer,2249.65
TX1004577,CUST2702,ACC115162,2024-05-29,Withdrawal,17378.42
TX1004578,CUST2926,ACC163198,2024-04-25,Bank Transfer,5264.27
TX1004579,CUST2495,ACC186853,2024-04-28,Bank Transfer,438.83
TX1004580,CUST1290,ACC170866,2024-07-22,Withdrawal,7079.3
TX1004581,CUST1713,ACC131575,2024-09-28,Withdrawal,10040.33
TX1004582,CUST1638,ACC131897,2024-09-01,Deposit,6474.43
TX1004583,CUST1702,ACC127740,2024-06-24,Withdrawal,10466.17
TX1004584,CUST1932,ACC122338,2024-01-14,Withdrawal,6402.45
TX1004585,CUST2606,ACC198730,2024-10-27,Bank Transfer,2677.26
TX1004586,CUST1423,ACC186474,2024-03-12,pos,5798.1
TX1004587,CUST2067,ACC191738,2024-07-27,Withdrawal,3078.06
TX1004588,CUST1989,ACC111722,2024-04-09,POS,
TX1004589,CUST1713,ACC113824,2024-03-28,POS,6878.62
TX1004590,CUST1975,ACC157002,2024-03-21,Deposit,5536.84
TX1004591,CUST1199,ACC193816,2024-04-20,Withdrawal,8247.24
TX1004592,CUST1897,ACC103830,2024-11-06,POS,9154.61
TX1004593,CUST2478,ACC121002,2024-11-04,Bank Transfer,5066.5
TX1004594,CUST2426,ACC142795,2024-09-15,Deposit,9101.91
TX1004595,CUST1926,ACC150264,2024-03-16,POS,19074.44
TX1004596,CUST1653,ACC136747,2024-02-07,Withdrawal,4230.31
TX1004597,CUST1137,ACC128885,2024-05-02,POS,1466.43
TX1004598,CUST1614,ACC194263,2024-08-19,POS,9066.8
TX1004599,CUST1091,ACC133767,2024-05-20,Bank Transfer,11441.68
TX1004600,CUST2659,ACC187285,2024-06-20,Deposit,10928.68
TX1004601,CUST2455,ACC162429,2024-06-21,Bank Transfer,13006.84
TX1004602,CUST1235,ACC187897,2024-08-02,deposit,9130.97
TX1004603,CUST1046,ACC116134,2024-02-09,deposit,18509.31
TX1004604,CUST2739,ACC187225,2024-02-17,WITHDRAWAL,13138.05
TX1004605,CUST1702,ACC117793,2024-05-10,Deposit,6570.29
TX1004606,CUST2327,ACC170063,2024-01-19,Deposit,19377.9
TX1004607,CUST1223,ACC183040,2024-12-22,Bank Transfer,19105.26
TX1004608,CUST2386,ACC195081,2024-05-30,Deposit,18278.21
TX1004609,CUST2638,ACC164482,2024-03-07,WITHDRAWAL,8646.2
TX1004610,CUST1336,ACC111854,2024-09-23,Bank Transfer,17536.59
TX1004611,CUST2904,ACC190673,2024-10-01,WITHDRAWAL,13144.43
TX1004612,CUST2516,ACC143620,2024-07-27,deposit,4074.64
TX1004613,CUST1499,ACC129334,2024-01-22,POS,16821.02
TX1004614,CUST2056,ACC175493,2024-07-06,Bank Transfer,14243.84
TX1004615,CUST1357,ACC178732,2024-11-18,Withdrawal,11507.6
TX1004616,CUST2130,ACC108476,2024-01-11,POS,14214.71
TX1004617,CUST1327,ACC184408,2024-06-21,deposit,14893.55
TX1004618,CUST1677,ACC144987,2024-05-01,Withdrawal,8752.89
TX1004619,CUST2146,ACC149415,2024-09-09,BankTransfer,5014.22
TX1004620,CUST1873,ACC194036,2024-07-21,Deposit,9284.87
TX1004621,CUST2962,ACC197382,2024-08-07,Withdrawal,10682.35
TX1004622,CUST1946,ACC196469,2024-08-10,pos,2825.92
TX1004623,CUST1474,ACC195030,2024-01-24,Withdrawal,18891.57
TX1004624,CUST2633,ACC150023,2024-09-22,Bank Transfer,7747.62
TX1004625,CUST1829,ACC185710,2024-12-21,Bank Transfer,927.75
TX1004626,CUST2289,ACC184161,2024-02-19,Bank Transfer,2462.11
TX1004627,CUST1377,ACC173649,2024-02-29,bank-transfer,12298.41
TX1004628,CUST1381,ACC157273,2024-03-06,POS,
TX1004629,CUST2311,ACC130587,2024-08-06,POS,2225.7
TX1004630,CUST2346,ACC129301,2024-01-10,Bank Transfer,16446.37
TX1004631,CUST1885,ACC133959,2024-01-22,POS,14702.02
TX1004632,CUST1810,ACC115163,2024-04-08,DEPOSIT,2586.89
TX1004633,CUST1059,ACC138138,2024-01-29,Withdrawal,17215.62
TX1004634,CUST2510,ACC111492,2024-09-23,Pos Purchase,18686.09
TX1004635,CUST2257,ACC114599,2024-04-14,POS,6137.31
TX1004636,CUST2808,ACC111683,2024-07-03,BankTransfer,9415.83
TX1004637,CUST1404,ACC144595,2024-07-18,deposit,14076.59
TX1004638,CUST1920,ACC197069,2024-07-22,Bank Transfer,3370.73
TX1004639,CUST2212,ACC177620,2024-11-07,POS,3926.56
TX1004640,CUST1879,ACC124662,2024-02-15,Withdrawal,16036.14
TX1004641,CUST1796,ACC197598,2024-01-14,Withdrawal,13683.24
TX1004642,CUST1009,ACC115218,2024-07-16,Bank Transfer,10738.24
TX1004643,CUST2443,ACC175083,2024-03-19,bank-transfer,2756.39
TX1004644,CUST1439,ACC148200,2024-12-16,Bank Transfer,10508.96
TX1004645,CUST1421,ACC116700,2024-08-21,Deposit,7244.13
TX1004646,CUST1570,ACC141074,,WITHDRAWAL,-2347.28
TX1004647,CUST2540,ACC149832,2024-06-13,Bank Transfer,19322.37
TX1004648,CUST2441,ACC175617,2024-04-18,POS,9156.91
TX1004649,CUST2656,ACC196589,2024-02-21,Withdrawal,8687.8
TX1004650,CUST2630,ACC100220,2024-03-30,BankTransfer,11296.14
TX1004651,CUST1128,ACC140737,2024-04-21,Deposit,16770.76
TX1004652,CUST2182,ACC108111,2024-05-10,Bank Transfer,17730.04
TX1004653,CUST1208,ACC177340,2024-06-23,Withdrawal,-981.75
TX1004654,CUST2637,ACC170202,2024-07-01,POS,16254.93
TX1004655,CUST2785,ACC124885,2024-01-27,Bank Transfer,88.45
TX1004656,CUST2099,ACC150875,2024-08-08,POS,13103.03
TX1004657,CUST1382,ACC155535,2024-09-17,deposit,18611.65
TX1004658,CUST1749,ACC141896,2024-10-08,Deposit,16985.44
TX1004659,CUST1667,ACC147844,2024-04-03,deposit,16265.67
TX1004660,CUST1403,ACC189037,2024-08-11,pos,12138.28
TX1004661,CUST1937,ACC116555,2024-10-19,POS,1171.98
TX1004662,CUST1233,ACC168124,2024-02-25,pos,78673.3
TX1004663,CUST1537,ACC186998,2024-09-05,POS,12406.81
TX1004664,CUST2373,ACC178855,2024-11-16,POS,17122.67
TX1004665,CUST2766,ACC177434,2024-09-05,POS,14826.71
TX1004666,CUST2002,ACC129116,2024-08-05,Withdrawal,17278.85
TX1004667,CUST2080,ACC113970,2024-10-14,Withdrawal,16735.32
TX1004668,CUST2978,ACC151814,2024-11-25,withdrawal,3765.58
TX1004669,CUST2308,ACC101204,2024-03-14,Deposit,19102.6
TX1004670,CUST1641,ACC170555,2024-11-14,Bank Transfer,9089.39
TX1004671,CUST2222,ACC160372,2024-04-17,Withdrawal,2026.18
TX1004672,CUST1795,ACC141409,2024-09-25,Bank Transfer,2580.84
TX1004673,CUST2251,ACC118966,2024-05-15,Bank Transfer,15519.15
TX1004674,CUST1803,ACC138905,2024-05-28,Withdrawal,16035.01
TX1004675,CUST2202,ACC128692,2024-01-21,Deposit,12742.47
TX1004676,CUST1233,ACC165514,2024-02-29,Withdrawal,11446.9
TX1004677,CUST1712,ACC189126,2024-05-03,Deposit,12681.89
TX1004678,CUST1720,ACC159740,2024-06-04,Bank Transfer,17981.75
TX1004679,CUST2731,ACC119323,2024-10-10,POS,14622.88
TX1004680,CUST1937,ACC178835,2024-01-03,Pos Purchase,7659.99
TX1004681,CUST2264,ACC137144,2024-09-27,Deposit,16526.93
TX1004682,CUST1353,ACC119119,2024-08-17,Withdrawal,16312.03
TX1004683,CUST2666,ACC197918,2024-04-09,Withdrawal,14465.29
TX1004684,CUST2379,ACC187208,,Pos Purchase,8347.28
TX1004685,CUST2445,ACC192139,2024-06-01,Withdrawal,3665.62
TX1004686,CUST2639,ACC104501,2024-05-01,POS,722.67
TX1004687,CUST1609,ACC178496,2024-09-01,,7819.81
TX1004688,CUST2881,ACC141961,2024-12-07,BankTransfer,8506.21
TX1004689,CUST2258,ACC140487,2024-10-08,Bank Transfer,4349.15
TX1004690,CUST2208,ACC165847,2024-09-27,Bank Transfer,15841.89
TX1004691,CUST1173,ACC190256,2024-03-10,Bank Transfer,12036.5
TX1004692,CUST2376,ACC116182,2024-07-27,POS,19708.37
TX1004693,CUST1274,ACC135841,2024-01-24,Withdrawal,7062.61
TX1004694,CUST1641,ACC192605,2024-04-18,DEPOSIT,10443.26
TX1004695,CUST1241,ACC175231,2024-04-29,BankTransfer,5766.1
TX1004696,CUST1488,ACC162689,2024-11-26,POS,14638.55
TX1004697,CUST1625,ACC182716,2024-07-10,Deposit,7671.38
TX1004698,CUST1239,ACC128272,2024-11-10,Pos Purchase,6467.42
TX1004699,CUST1374,ACC164883,2024-03-04,,13475.2
TX1004700,CUST1764,ACC138206,2024-01-28,Bank Transfer,1835.96
TX1004701,CUST2420,ACC192293,2024-02-22,Withdrawal,5537.54
TX1004702,CUST1289,ACC149375,2024-12-07,Withdrawal,4708.0
TX1004703,CUST2046,ACC107708,2024-07-08,Deposit,12867.67
TX1004704,CUST1795,ACC143665,2024-08-19,Bank Transfer,6284.44
TX1004705,CUST1856,ACC120014,2024-12-19,POS,18888.55
TX1004706,CUST2221,ACC193947,2024-12-21,Withdrawal,11910.05
TX1004707,CUST1282,ACC127605,2024-01-10,pos,10545.79
TX1004708,CUST2177,ACC196030,2024-11-06,Withdrawal,5683.52
TX1004709,CUST1785,ACC129500,2024-01-25,POS,13454.53
TX1004710,CUST1866,ACC191803,2024-09-16,POS,17880.43
TX1004711,CUST1380,ACC196433,2024-07-07,Deposit,1235.15
TX1004712,CUST1996,ACC106889,2024-10-16,Bank Transfer,17684.07
TX1004713,CUST2301,ACC123464,2024-10-24,Bank Transfer,10589.1
TX1004714,CUST2100,ACC163898,2024-12-28,Bank Transfer,3800.63
TX1004715,CUST2420,ACC195341,2024-02-03,POS,18961.84
TX1004716,CUST2882,ACC151355,2024-05-28,Bank Transfer,994.91
TX1004717,CUST2321,ACC139203,2024-05-26,,5607.6
TX1004718,CUST2906,ACC186409,2024-10-20,POS,299.51
TX1004719,CUST1354,ACC120865,2024-04-03,Deposit,19095.71
TX1004720,CUST2136,ACC102826,2024-01-09,POS,12008.98
TX1004721,CUST1341,ACC171819,2024-12-31,pos,14752.65
TX1004722,CUST2002,ACC151417,2024-08-19,POS,4942.57
TX1004723,CUST1591,ACC144225,2024-05-10,Withdrawal,3690.09
TX1004724,CUST1287,ACC155369,2024-10-25,Withdrawal,1091.62
TX1004725,CUST1383,ACC188853,2024-03-25,POS,11689.31
TX1004726,CUST1644,ACC162052,2024-07-25,Withdrawal,18805.8
TX1004727,CUST2724,ACC145653,2024-11-02,Deposit,11304.46
TX1004728,CUST1923,ACC199315,2024-12-27,Deposit,15826.43
TX1004729,CUST2268,ACC151296,2024-10-20,withdrawal,498.63
TX1004730,CUST1109,ACC151257,2024-11-15,Withdrawal,5307.31
TX1004731,CUST2772,ACC109414,2024-11-16,Withdrawal,88.15
TX1004732,CUST1735,ACC169185,2024-08-03,Deposit,18558.18
TX1004733,CUST2949,ACC195257,2024-11-15,Deposit,4052.21
TX1004734,CUST1019,ACC137098,2024-10-20,deposit,490.73
TX1004735,CUST1992,ACC137010,2024-07-11,Bank Transfer,12398.52
TX1004736,CUST1279,ACC191275,2024-12-02,Withdrawal,9366.47
TX1004737,CUST1399,ACC125571,2024-05-31,POS,1932.89
TX1004738,CUST2669,ACC191895,2024-10-09,Bank Transfer,11149.67
TX1004739,CUST1786,ACC171828,2024-11-24,Withdrawal,4719.84
TX1004740,CUST2973,ACC151612,2024-11-05,Deposit,6577.62
TX1004741,CUST2150,ACC112755,2024-11-03,,13792.3
TX1004742,CUST2035,ACC117157,2024-12-12,POS,18774.67
TX1004743,CUST2337,ACC142391,2024-12-13,POS,2593.08
TX1004744,CUST2013,ACC198601,2024-08-21,BankTransfer,17398.24
TX1004745,CUST1837,ACC176072,2024-02-15,Deposit,9499.56
TX1004746,CUST2402,ACC107094,2024-09-24,DEPOSIT,12864.96
TX1004747,CUST2007,ACC193007,2024-05-31,POS,9795.48
TX1004748,CUST1851,ACC139855,2024-03-15,POS,7098.43
TX1004749,CUST2454,ACC159969,2024-10-01,Deposit,5152.53
TX1004750,CUST2720,ACC185804,2024-07-06,bank-transfer,7962.76
TX1004751,CUST1909,ACC121455,2024-10-23,POS,8757.05
TX1004752,CUST2000,ACC175649,2024-07-15,Deposit,8881.82
TX1004753,CUST1342,ACC118030,2024-11-22,Bank Transfer,9521.55
TX1004754,CUST1169,ACC157918,2024-10-18,Bank Transfer,4512.59
TX1004755,CUST2157,ACC191220,2024-05-07,Pos Purchase,6416.61
TX1004756,CUST1063,ACC163234,2024-03-16,POS,11152.75
TX1004757,CUST2629,ACC138152,2024-06-18,Bank Transfer,2143.72
TX1004758,CUST2558,ACC118982,2024-10-16,Withdrawal,9368.37
TX1004759,CUST1451,ACC127494,2024-02-22,Bank Transfer,1955.51
TX1004760,CUST1598,ACC128591,2024-05-30,POS,18183.66
TX1004761,CUST1066,ACC198091,2024-01-11,Bank Transfer,8131.67
TX1004762,CUST1562,ACC125644,2024-09-13,Deposit,2124.0
TX1004763,CUST1460,ACC196379,2024-06-07,Deposit,17827.39
TX1004764,CUST2101,ACC185359,2024-10-18,Withdrawal,4948.79
TX1004765,CUST1591,ACC101197,2024-11-12,Withdrawal,4350.94
TX1004766,CUST1344,ACC147477,2024-04-09,pos,15440.28
TX1004767,CUST2598,ACC195152,2024-03-30,withdrawal,14902.06
TX1004768,CUST1936,ACC175455,2024-04-07,deposit,2559.46
TX1004769,CUST2158,ACC113362,2024-02-25,Withdrawal,5332.46
TX1004770,CUST2520,ACC188908,2024-04-04,deposit,9258.8
TX1004771,CUST2582,ACC119346,2024-04-24,Deposit,1029.58
TX1004772,CUST2568,ACC149355,2024-05-30,Deposit,2785.33
TX1004773,CUST2014,ACC155982,2024-03-13,Deposit,1388.79
TX1004774,CUST2125,ACC189056,2024-08-08,Deposit,1186.79
TX1004775,CUST2046,ACC122049,2024-07-25,Bank Transfer,12836.95
TX1004776,CUST1231,ACC107383,2024-10-15,Bank Transfer,4161.8
TX1004777,CUST2172,ACC112589,2024-10-13,POS,5101.12
TX1004778,CUST1233,ACC146607,2024-01-29,Deposit,17081.62
TX1004779,CUST1548,ACC162111,2024-07-27,POS,12735.39
TX1004780,CUST2587,ACC123544,2024-11-14,Bank Transfer,11392.19
TX1004781,CUST2112,ACC106877,2024-12-24,Deposit,8738.91
TX1004782,CUST2686,ACC115380,2024-01-12,Pos Purchase,9456.27
TX1004783,CUST1751,ACC167559,2024-10-12,Withdrawal,17095.01
TX1004784,CUST2110,ACC185209,2024-08-30,Bank Transfer,10796.49
TX1004785,CUST2684,ACC144366,2024-03-20,Bank Transfer,12264.55
TX1004786,CUST2549,ACC177777,2024-07-22,WITHDRAWAL,-17707.45
TX1004787,CUST1085,ACC156861,2024-11-23,Deposit,10089.89
TX1004788,CUST2556,ACC119473,2024-03-01,Deposit,17833.86
TX1004789,CUST2472,ACC182178,2024-08-22,Bank Transfer,16249.0
TX1004790,CUST1903,ACC194706,2024-08-01,Deposit,9468.35
TX1004791,CUST2118,ACC152952,2024-01-16,Bank Transfer,4312.22
TX1004792,CUST1447,ACC132112,2024-11-24,Withdrawal,17692.46
TX1004793,CUST1870,ACC104455,2024-08-14,Deposit,11303.79
TX1004794,CUST1209,ACC115571,2024-03-30,Bank Transfer,16628.62
TX1004795,CUST2507,ACC131569,2024-04-20,POS,12064.39
TX1004796,CUST2699,ACC151989,2024-06-07,POS,12077.42
TX1004797,CUST2338,ACC164045,2024-10-14,Bank Transfer,877.59
TX1004798,CUST2538,ACC139674,2024-04-26,Deposit,9003.95
TX1004799,CUST1506,ACC190175,2024-09-23,pos,2247.32
TX1004800,CUST1609,ACC178139,2024-11-06,Bank Transfer,12014.28
TX1004801,CUST2791,ACC122608,2024-04-22,Deposit,
TX1004802,CUST1066,ACC185563,2024-06-15,Deposit,8837.67
TX1004803,CUST1921,ACC197674,2024-12-09,Bank Transfer,11993.09
TX1004804,CUST1538,ACC149200,2024-12-05,pos,11351.51
TX1004805,CUST1713,ACC190674,2024-11-04,POS,15752.37
TX1004806,CUST2765,ACC187914,2024-07-04,deposit,6308.01
TX1004807,CUST2672,ACC186313,2024-11-28,POS,13362.47
TX1004808,CUST1178,ACC111745,2024-05-04,Pos Purchase,1759.81
TX1004809,CUST1899,ACC160774,2024-09-23,Bank Transfer,5763.59
TX1004810,CUST2772,ACC185237,2024-03-11,Deposit,3623.39
TX1004811,CUST1240,ACC150082,2024-12-02,Withdrawal,15797.52
TX1004812,CUST2588,ACC136073,2024-10-14,Deposit,1800.55
TX1004813,CUST2662,ACC182881,2024-01-09,Bank Transfer,18808.85
TX1004814,CUST1485,ACC185615,2024-05-25,Deposit,3747.59
TX1004815,CUST1429,ACC158342,2024-01-02,POS,3553.73
TX1004816,CUST2660,ACC148145,2024-06-25,Bank Transfer,16666.33
TX1004817,CUST2510,ACC101520,2024-07-27,POS,14126.9
TX1004818,CUST2204,ACC115728,2024-12-05,Bank Transfer,17128.93
TX1004819,CUST2411,ACC115286,2024-03-01,bank-transfer,14435.67
TX1004820,CUST1718,ACC110831,2024-03-13,Deposit,6510.8
TX1004821,CUST2763,ACC115997,2024-12-21,POS,1785.96
TX1004822,CUST2455,ACC164122,2024-10-16,pos,87.07
TX1004823,CUST2249,ACC184070,2024-11-08,bank-transfer,5529.36
TX1004824,CUST2295,ACC187659,2024-08-10,Pos Purchase,5036.06
TX1004825,CUST1876,ACC166813,2024-06-23,Deposit,7883.54
TX1004826,CUST1339,ACC129482,2024-01-16,Deposit,17532.28
TX1004827,CUST2261,ACC103018,2024-10-08,Withdrawal,7852.0
TX1004828,CUST1285,ACC176919,2024-03-16,Pos Purchase,5809.13
TX1004829,CUST2607,ACC175101,2024-07-26,Deposit,4213.2
TX1004830,CUST1423,ACC175055,2024-10-29,POS,3215.76
TX1004831,CUST2666,ACC162848,2024-07-02,Withdrawal,15564.96
TX1004832,CUST1423,ACC135877,2024-10-05,POS,16169.19
TX1004833,CUST2649,ACC190928,2024-12-12,Deposit,8373.88
TX1004834,CUST1121,ACC197695,2024-03-16,Deposit,1867.17
TX1004835,CUST2167,ACC112393,2024-08-10,Deposit,
TX1004836,CUST1718,ACC177709,2024-12-04,Deposit,13803.46
TX1004837,CUST2090,ACC123736,2024-05-16,Bank Transfer,19611.78
TX1004838,CUST1575,ACC150326,2024-02-17,WITHDRAWAL,14153.8
TX1004839,CUST2222,ACC163463,2024-10-08,POS,12634.5
TX1004840,CUST2103,ACC184488,2024-07-14,Deposit,9273.14
TX1004841,CUST1344,ACC192109,2024-10-20,POS,3013.42
TX1004842,CUST1662,ACC156840,2024-07-12,BankTransfer,18397.77
TX1004843,CUST2441,ACC139107,2024-06-25,POS,19153.23
TX1004844,CUST1599,ACC174897,2024-07-27,POS,7965.49
TX1004845,CUST1592,ACC116414,2024-11-18,POS,10009.52
TX1004846,CUST2172,ACC113033,2024-02-07,WITHDRAWAL,6389.61
TX1004847,CUST1547,ACC142628,2024-04-20,Withdrawal,9241.69
TX1004848,CUST2950,ACC108322,2024-01-08,withdrawal,948.68
TX1004849,CUST2757,ACC193555,2024-10-14,Withdrawal,12547.73
TX1004850,CUST2053,ACC170452,2024-09-03,POS,18050.16
TX1004851,CUST2843,ACC124233,2024-08-06,Deposit,18402.49
TX1004852,CUST2391,ACC153127,2024-02-20,POS,18435.6
TX1004853,CUST2669,ACC191847,2024-12-10,deposit,6398.96
TX1004854,CUST1195,ACC102588,2024-12-17,bank-transfer,
TX1004855,CUST1277,ACC151615,2024-03-15,Deposit,1137.0
TX1004856,CUST2971,ACC172883,2024-04-07,Bank Transfer,18320.88
TX1004857,CUST2536,ACC170309,2024-09-27,WITHDRAWAL,3775.22
TX1004858,CUST2609,ACC169479,2024-06-09,Bank Transfer,15014.69
TX1004859,CUST1842,ACC164036,2024-10-19,Withdrawal,4368.77
TX1004860,CUST2881,ACC108379,2024-06-21,Bank Transfer,295.15
TX1004861,CUST1121,ACC168013,2024-03-02,withdrawal,11764.15
TX1004862,CUST1567,ACC176640,2024-05-08,bank-transfer,17991.25
TX1004863,CUST2775,ACC170645,2024-04-08,Bank Transfer,13315.37
TX1004864,CUST2343,ACC193552,2024-05-16,deposit,4242.01
TX1004865,CUST1259,ACC185419,2024-07-23,Bank Transfer,19509.64
TX1004866,CUST2436,ACC116264,2024-10-04,POS,6848.71
TX1004867,CUST2773,ACC198763,2024-03-17,Withdrawal,14620.38
TX1004868,CUST1271,ACC198695,2024-05-03,Bank Transfer,8488.33
TX1004869,CUST1511,ACC127192,2024-10-27,Bank Transfer,19147.23
TX1004870,CUST1299,ACC186321,2024-06-08,Bank Transfer,18637.23
TX1004871,CUST2456,ACC115378,2024-09-17,Withdrawal,-17695.33
TX1004872,CUST1659,ACC123680,2024-05-19,bank-transfer,-5680.89
TX1004873,CUST2696,ACC178525,2024-11-16,Withdrawal,7399.83
TX1004874,CUST1506,ACC191123,2024-01-21,Withdrawal,8269.63
TX1004875,CUST2559,ACC123584,2024-01-16,Withdrawal,9593.89
TX1004876,CUST2727,ACC100697,2024-03-25,POS,11059.27
TX1004877,CUST2384,ACC172708,2024-09-01,pos,6188.23
TX1004878,CUST1804,ACC158619,2024-04-24,withdrawal,9255.8
TX1004879,CUST2002,ACC141195,2024-01-01,Deposit,565.92
TX1004880,CUST1291,ACC116127,2024-01-04,POS,5793.01
TX1004881,CUST2182,ACC105130,2024-12-07,POS,16070.47
TX1004882,CUST2295,ACC116884,2024-09-20,Bank Transfer,-12758.07
TX1004883,CUST1550,ACC175377,2024-08-10,Deposit,4412.18
TX1004884,CUST2285,ACC127030,2024-11-03,deposit,14237.64
TX1004885,CUST1848,ACC185542,2024-07-19,Bank Transfer,16402.71
TX1004886,CUST1768,ACC121130,2024-07-18,Bank Transfer,7080.6
TX1004887,CUST1925,ACC111510,2024-02-02,POS,15781.16
TX1004888,CUST1154,ACC173727,2024-01-29,POS,15216.72
TX1004889,CUST2297,ACC133654,2024-02-29,WITHDRAWAL,8268.05
TX1004890,CUST2627,ACC198706,2024-07-17,Withdrawal,17278.63
TX1004891,CUST2802,ACC104588,2024-09-14,Deposit,5708.06
TX1004892,CUST2574,ACC111090,2024-04-13,Withdrawal,16448.04
TX1004893,CUST1190,ACC116346,2024-02-08,Deposit,1310.51
TX1004894,CUST1825,ACC166341,2024-02-11,Withdrawal,5940.76
TX1004895,CUST2055,ACC139135,2024-12-08,DEPOSIT,
TX1004896,CUST2535,ACC147652,2024-04-08,POS,4021.91
TX1004897,CUST1569,ACC171359,2024-11-09,Withdrawal,2430.54
TX1004898,CUST2422,ACC122492,2024-06-20,Bank Transfer,6259.05
TX1004899,CUST2917,ACC155450,2024-01-14,BankTransfer,4088.22
TX1004900,CUST2796,ACC186266,2024-01-25,POS,19457.62
TX1004901,CUST1755,ACC100011,2024-02-03,POS,15128.39
TX1004902,CUST1931,ACC132550,2024-07-11,POS,16354.34
TX1004903,CUST2946,ACC139400,2024-09-27,Withdrawal,10298.32
TX1004904,CUST1999,ACC106051,2024-01-29,Bank Transfer,2173.42
TX1004905,CUST1670,ACC168084,2024-11-09,Bank Transfer,14584.48
TX1004906,CUST2191,ACC138456,2024-11-27,Deposit,19847.96
TX1004907,CUST1005,ACC186397,2024-05-22,Bank Transfer,7923.71
TX1004908,CUST2779,ACC170005,2024-02-11,DEPOSIT,13495.64
TX1004909,CUST2585,ACC158316,2024-05-30,Withdrawal,7185.92
TX1004910,CUST2734,ACC118331,2024-11-18,POS,16342.09
TX1004911,CUST2500,ACC175637,2024-11-06,DEPOSIT,7225.0
TX1004912,CUST1190,ACC164283,2024-02-07,Pos Purchase,11602.52
TX1004913,CUST2496,ACC191108,2024-06-13,deposit,6550.91
TX1004914,CUST2990,ACC141017,2024-01-28,POS,8242.7
TX1004915,CUST1938,ACC168506,2024-08-20,pos,845.08
TX1004916,CUST2300,ACC146152,2024-07-27,Withdrawal,18572.91
TX1004917,CUST2360,ACC179452,2024-03-31,DEPOSIT,18431.74
TX1004918,CUST2428,ACC170544,2024-11-18,bank-transfer,18368.36
TX1004919,CUST1733,ACC166924,2024-09-24,Withdrawal,4581.04
TX1004920,CUST2741,ACC127504,2024-04-10,DEPOSIT,4386.37
TX1004921,CUST1129,ACC190168,2024-10-25,DEPOSIT,-14881.67
TX1004922,CUST2629,ACC112977,2024-08-14,Withdrawal,3077.39
TX1004923,CUST2094,ACC186850,2024-11-24,Deposit,11391.68
TX1004924,CUST1814,ACC105863,2024-07-29,POS,7909.28
TX1004925,CUST1446,ACC131077,2024-11-17,Withdrawal,5448.23
TX1004926,CUST2982,ACC104814,2024-03-14,Withdrawal,5133.18
TX1004927,CUST1879,ACC124651,2024-01-26,POS,2802.04
TX1004928,CUST2689,ACC118568,2024-07-07,POS,184.01
TX1004929,CUST1433,ACC139283,2024-04-22,POS,3203.52
TX1004930,CUST2013,ACC128208,2024-11-22,POS,19415.53
TX1004931,CUST1549,ACC117590,2024-05-23,Withdrawal,2566.36
TX1004932,CUST1661,ACC178924,2024-05-18,Pos Purchase,1860.7
TX1004933,CUST2696,ACC172361,2024-01-09,Bank Transfer,5318.65
TX1004934,CUST1580,ACC128316,2024-09-10,Withdrawal,7069.0
TX1004935,CUST1691,ACC177566,2024-08-13,Pos Purchase,18357.0
TX1004936,CUST2120,ACC147063,2024-08-14,withdrawal,12681.61
TX1004937,CUST2183,ACC136358,2024-11-02,POS,16785.19
TX1004938,CUST1267,ACC116841,2024-05-24,Withdrawal,3967.22
TX1004939,CUST2159,ACC195565,2024-07-19,Withdrawal,12827.07
TX1004940,CUST2745,ACC181567,2024-03-24,bank-transfer,4604.75
TX1004941,CUST1993,ACC155314,2024-01-30,Deposit,7936.01
TX1004942,CUST2614,ACC109746,2024-12-31,,911.03
TX1004943,CUST1703,ACC172069,2024-08-17,POS,1411.03
TX1004944,CUST2831,ACC133419,2024-03-12,Deposit,2887.0
TX1004945,CUST2397,ACC134167,2024-07-25,Withdrawal,8598.58
TX1004946,CUST2561,ACC150040,2024-07-29,Deposit,4287.94
TX1004947,CUST1099,ACC185166,2024-12-09,Deposit,3705.86
TX1004948,CUST1094,ACC121406,2024-03-07,Withdrawal,16926.62
TX1004949,CUST1203,ACC152436,2024-11-01,bank-transfer,934.31
TX1004950,CUST2282,ACC159777,2024-03-11,Deposit,1558.79
TX1004951,CUST2605,ACC110912,2024-06-25,Withdrawal,15803.6
TX1004952,CUST2713,ACC133315,2024-01-10,Bank Transfer,3113.56
TX1004953,CUST1941,ACC188673,2024-10-11,Bank Transfer,11810.85
TX1004954,CUST1033,ACC155750,2024-02-17,POS,2863.44
TX1004955,CUST1254,ACC191031,2024-09-08,Withdrawal,332.66
TX1004956,CUST2903,ACC118775,2024-11-16,WITHDRAWAL,15585.47
TX1004957,CUST2756,ACC170242,2024-08-30,Bank Transfer,7240.46
TX1004958,CUST1323,ACC126707,2024-07-15,Withdrawal,15146.61
TX1004959,CUST1903,ACC109248,2024-01-25,POS,6234.83
TX1004960,CUST1934,ACC182518,2024-03-23,POS,19579.01
TX1004961,CUST1001,ACC196033,2024-10-16,Deposit,3811.95
TX1004962,CUST2962,ACC135310,2024-12-24,,3065.05
TX1004963,CUST1876,ACC182984,2024-11-04,deposit,12151.04
TX1004964,CUST1414,ACC191331,2024-02-04,POS,7391.92
TX1004965,CUST2410,ACC184616,2024-05-14,bank-transfer,1748.11
TX1004966,CUST2862,ACC125248,2024-01-12,POS,19785.07
TX1004967,CUST1270,ACC193643,2024-07-22,Bank Transfer,13344.29
TX1004968,CUST2806,ACC148777,2024-09-25,deposit,18706.38
TX1004969,CUST2331,ACC173877,2024-12-11,Bank Transfer,11359.64
TX1004970,CUST1618,ACC186155,2024-09-30,deposit,17956.42
TX1004971,CUST1325,ACC184904,2024-05-14,POS,11144.27
TX1004972,CUST2790,ACC167033,2024-02-04,POS,521.29
TX1004973,CUST2910,ACC179291,2024-04-09,POS,16107.16
TX1004974,CUST2795,ACC121501,2024-04-11,Bank Transfer,13540.65
TX1004975,CUST1561,ACC155009,2024-04-13,Deposit,13355.62
TX1004976,CUST1191,ACC120118,2024-08-20,deposit,16201.68
TX1004977,CUST2340,ACC141465,2024-04-28,Withdrawal,3970.75
TX1004978,CUST1738,ACC156836,2024-02-15,Withdrawal,1098.16
TX1004979,CUST1512,ACC149668,2024-03-08,Bank Transfer,10919.94
TX1004980,CUST1168,ACC103396,2024-06-09,Bank Transfer,10774.56
TX1004981,CUST1761,ACC179116,2024-07-02,WITHDRAWAL,4256.23
TX1004982,CUST2360,ACC132440,2024-03-28,Deposit,19974.44
TX1004983,CUST2850,ACC110161,2024-04-13,Bank Transfer,5888.22
TX1004984,CUST2328,ACC135405,2024-06-25,Withdrawal,9981.56
TX1004985,CUST1338,ACC116334,2024-07-24,Withdrawal,9163.57
TX1004986,CUST1106,ACC169660,2024-02-25,Bank Transfer,12477.81
TX1004987,CUST1811,ACC114416,2024-08-27,Pos Purchase,1015.45
TX1004988,CUST2281,ACC189650,2024-10-05,POS,19540.03
TX1004989,CUST1625,ACC171875,2024-02-10,,10120.54
TX1004990,CUST2486,ACC153317,2024-08-25,Withdrawal,6220.97
TX1004991,CUST2432,ACC108645,2024-01-06,POS,7990.78
TX1004992,CUST2546,ACC143169,2024-04-14,Withdrawal,19611.04
TX1004993,CUST1479,ACC183909,2024-03-25,deposit,7551.94
TX1004994,CUST1879,ACC111662,2024-12-13,Withdrawal,6179.07
TX1004995,CUST2342,ACC147555,2024-02-22,Deposit,11244.54
TX1004996,CUST1186,ACC143714,2024-02-10,Deposit,8634.28
TX1004997,CUST2441,ACC135815,2024-11-04,Bank Transfer,13688.83
TX1004998,CUST1194,ACC119179,2024-03-24,Withdrawal,107.43
TX1004999,CUST1002,ACC129591,2024-01-01,Deposit,19355.42
TX1005000,CUST1437,ACC135867,2024-07-13,POS,12679.31
TX1005001,CUST1976,ACC101292,2024-02-27,Deposit,4215.13
TX1005002,CUST1159,ACC112838,2024-04-22,Bank Transfer,8175.41
TX1005003,CUST1271,ACC149434,2024-08-04,Bank Transfer,3183.79
TX1005004,CUST2215,ACC129127,2024-05-01,POS,13648.71
TX1005005,CUST1463,ACC149628,2024-09-19,Withdrawal,7126.06
TX1005006,CUST2063,ACC113762,2024-12-08,POS,14578.24
TX1005007,CUST2392,ACC116187,2024-06-11,Deposit,10592.26
TX1005008,CUST1911,ACC123033,2024-03-08,Deposit,6714.45
TX1005009,CUST1019,ACC169006,2024-08-27,Bank Transfer,3623.54
TX1005010,CUST1016,ACC195463,2024-09-10,Withdrawal,15744.72
TX1005011,CUST2424,ACC140180,2024-10-06,Deposit,8549.2
TX1005012,CUST1703,ACC177178,2024-10-20,Deposit,11421.57
TX1005013,CUST2673,ACC164175,2024-06-25,BankTransfer,15857.21
TX1005014,CUST1246,ACC112522,2024-07-11,Deposit,7546.3
TX1005015,CUST2761,ACC169331,2024-03-03,Deposit,11315.65
TX1005016,CUST1864,ACC145731,2024-04-07,Deposit,17007.04
TX1005017,CUST2421,ACC191810,2024-04-21,deposit,4222.2
TX1005018,CUST1270,ACC174993,2024-08-17,POS,18262.94
TX1005019,CUST1978,ACC136961,2024-02-08,Withdrawal,2863.64
TX1005020,CUST1145,ACC172291,2024-12-07,withdrawal,8964.04
TX1005021,CUST1468,ACC135527,2024-10-06,Deposit,16294.21
TX1005022,CUST1784,ACC179621,2024-05-31,Deposit,9761.95
TX1005023,CUST1182,ACC112984,2024-06-06,Pos Purchase,12643.83
TX1005024,CUST2496,ACC106286,2024-05-15,bank-transfer,6090.36
TX1005025,CUST2650,ACC122380,2024-10-30,POS,16559.9
TX1005026,CUST1209,ACC141680,2024-01-26,Bank Transfer,8263.26
TX1005027,CUST1211,ACC198549,2024-03-27,Withdrawal,10810.54
TX1005028,CUST1641,ACC151060,2024-10-23,DEPOSIT,14355.1
TX1005029,CUST1752,ACC123681,2024-06-14,BankTransfer,14234.97
TX1005030,CUST2804,ACC145242,2024-01-25,Bank Transfer,9476.8
TX1005031,CUST1612,ACC197163,2024-03-13,pos,1106.5
TX1005032,CUST1280,ACC188842,2024-07-21,Withdrawal,13643.66
TX1005033,CUST1783,ACC169688,2024-05-30,Withdrawal,9355.82
TX1005034,CUST2584,ACC172308,2024-09-18,Bank Transfer,3856.82
TX1005035,CUST2665,ACC177937,2024-01-23,Deposit,13442.76
TX1005036,CUST2542,ACC152776,2024-02-18,Withdrawal,4826.86
TX1005037,CUST2790,ACC162503,2024-08-08,Bank Transfer,12764.29
TX1005038,CUST1272,ACC177635,2024-05-21,POS,17506.02
TX1005039,CUST2313,ACC116721,2024-05-25,Deposit,19563.04
TX1005040,CUST2386,ACC133955,2024-01-28,pos,8329.59
TX1005041,CUST1292,ACC101244,2024-05-01,Deposit,2116.05
TX1005042,CUST1140,ACC190001,2024-08-19,Bank Transfer,7075.23
TX1005043,CUST2086,ACC167314,2024-04-14,POS,18747.45
TX1005044,CUST2153,ACC193483,2024-12-15,POS,5972.26
TX1005045,CUST1017,ACC120380,2024-05-08,Deposit,14580.06
TX1005046,CUST2249,ACC186188,2024-02-22,Bank Transfer,7732.84
TX1005047,CUST2331,ACC116563,2024-07-22,POS,10941.46
TX1005048,CUST1336,ACC118700,2024-08-28,,19606.61
TX1005049,CUST1901,ACC149650,2024-09-30,POS,17403.08
TX1005050,CUST1719,ACC174391,2024-02-25,POS,7923.15
TX1005051,CUST2479,ACC196393,2024-03-13,Bank Transfer,10048.05
TX1005052,CUST1436,ACC135044,2024-08-25,Withdrawal,10982.46
TX1005053,CUST2286,ACC106929,2024-09-12,POS,15157.45
TX1005054,CUST2532,ACC195082,2024-12-07,Deposit,14926.73
TX1005055,CUST1310,ACC183780,2024-09-19,Withdrawal,13910.98
TX1005056,CUST2883,ACC148516,2024-03-28,Deposit,19115.02
TX1005057,CUST1843,ACC192733,2024-04-05,POS,18853.51
TX1005058,CUST2261,ACC132651,2024-02-08,Withdrawal,12325.32
TX1005059,CUST2406,ACC188895,2024-01-08,POS,3396.52
TX1005060,CUST1906,ACC179783,2024-03-23,POS,19437.55
TX1005061,CUST2761,ACC154820,2024-11-23,Bank Transfer,12085.38
TX1005062,CUST1444,ACC192639,2024-02-17,Withdrawal,19699.75
TX1005063,CUST1177,ACC160003,2024-09-08,,17790.98
TX1005064,CUST2836,ACC123999,2024-10-28,Bank Transfer,15080.69
TX1005065,CUST1205,ACC157535,2024-10-01,POS,13606.82
TX1005066,CUST1286,ACC146399,2024-04-03,Bank Transfer,15928.32
TX1005067,CUST2541,ACC161428,2024-02-22,deposit,13003.71
TX1005068,CUST1252,ACC165828,2024-11-17,Bank Transfer,18182.46
TX1005069,CUST2207,ACC137594,2024-04-09,POS,7210.93
TX1005070,CUST2495,ACC136152,2024-05-13,pos,10407.63
TX1005071,CUST1786,ACC156068,2024-09-22,Deposit,8550.61
TX1005072,CUST1719,ACC168235,2024-08-02,Deposit,14148.45
TX1005073,CUST2972,ACC194170,2024-03-28,Deposit,8347.59
TX1005074,CUST1879,ACC129984,2024-10-20,Deposit,1742.69
TX1005075,CUST1644,ACC140001,2024-10-06,pos,13347.75
TX1005076,CUST2620,ACC183313,2024-06-23,Deposit,5468.72
TX1005077,CUST1286,ACC111395,2024-09-08,POS,17003.39
TX1005078,CUST1507,ACC140063,2024-12-17,Deposit,19500.59
TX1005079,CUST1567,ACC153282,2024-11-06,Deposit,4564.88
TX1005080,CUST2320,ACC140991,2024-08-12,Bank Transfer,13118.92
TX1005081,CUST1172,ACC111814,2024-04-29,WITHDRAWAL,17377.85
TX1005082,CUST1508,ACC183188,2024-08-06,WITHDRAWAL,10893.82
TX1005083,CUST2133,ACC110416,2024-04-28,Bank Transfer,10893.67
TX1005084,CUST2230,ACC110052,2024-10-03,bank-transfer,2434.89
TX1005085,CUST2228,ACC195676,2024-05-04,Deposit,11590.25
TX1005086,CUST2476,ACC131462,2024-02-28,Bank Transfer,3820.37
TX1005087,CUST2244,ACC112272,2024-09-20,Bank Transfer,9383.63
TX1005088,CUST1583,ACC121641,2024-03-31,Withdrawal,11716.48
TX1005089,CUST2595,ACC175407,2024-10-05,withdrawal,16091.97
TX1005090,CUST2927,ACC107525,2024-12-14,POS,12911.57
TX1005091,CUST2414,ACC111086,2024-06-12,bank-transfer,15801.81
TX1005092,CUST1054,ACC197440,2024-07-28,POS,4077.79
TX1005093,CUST2736,ACC137467,2024-01-15,Withdrawal,19311.47
TX1005094,CUST2734,ACC172634,,Deposit,12053.33
TX1005095,CUST2348,ACC164598,2024-04-27,Withdrawal,15703.13
TX1005096,CUST2793,ACC101401,2024-10-20,Withdrawal,12636.44
TX1005097,CUST1617,ACC155572,2024-08-18,Bank Transfer,
TX1005098,CUST1420,ACC188740,2024-01-12,Deposit,16142.99
TX1005099,CUST2060,ACC166674,2024-09-09,Withdrawal,9151.35
TX1005100,CUST2242,ACC195787,2024-12-25,POS,13472.24
TX1005101,CUST2043,ACC117881,2024-10-28,Withdrawal,3163.47
TX1005102,CUST1386,ACC162869,2024-10-05,Deposit,18608.29
TX1005103,CUST2531,ACC165248,2024-11-21,Deposit,565.78
TX1005104,CUST1802,ACC167503,2024-08-07,Deposit,7717.26
TX1005105,CUST1605,ACC189800,2024-07-25,Pos Purchase,1925.05
TX1005106,CUST2323,ACC188706,2024-12-14,Deposit,15290.0
TX1005107,CUST1111,ACC169783,2024-03-01,pos,3615.81
TX1005108,CUST2605,ACC191472,2024-08-20,Withdrawal,128.02
TX1005109,CUST2838,ACC116343,2024-09-01,Deposit,3074.26
TX1005110,CUST2625,ACC153145,2024-12-24,deposit,58015.0
TX1005111,CUST2955,ACC101821,2024-02-01,Deposit,7282.61
TX1005112,CUST1490,ACC180777,2024-07-25,deposit,4332.82
TX1005113,CUST2013,ACC124927,2024-09-11,POS,18564.33
TX1005114,CUST1790,ACC197768,2024-04-30,withdrawal,4854.89
TX1005115,CUST1230,ACC100955,2024-07-26,DEPOSIT,16521.14
TX1005116,CUST1493,ACC193606,2024-09-22,Withdrawal,12746.82
TX1005117,CUST2023,ACC155702,2024-03-16,Bank Transfer,13717.81
TX1005118,CUST2306,ACC192090,2024-01-08,deposit,13581.0
TX1005119,CUST2216,ACC170035,2024-07-05,bank-transfer,5828.86
TX1005120,CUST1145,ACC198260,2024-01-02,pos,107.37
TX1005121,CUST2081,ACC145227,2024-07-11,Withdrawal,11070.73
TX1005122,CUST2820,ACC132011,2024-10-03,Deposit,1600.19
TX1005123,CUST1024,ACC196859,2024-03-14,deposit,9705.83
TX1005124,CUST1739,ACC186661,2024-02-13,Deposit,3679.98
TX1005125,CUST2912,ACC169220,2024-12-03,Bank Transfer,2452.64
TX1005126,CUST1648,ACC189663,2024-03-28,Withdrawal,11900.14
TX1005127,CUST1270,ACC179848,2024-04-02,POS,8534.68
TX1005128,CUST1792,ACC105551,2024-04-24,POS,3754.08
TX1005129,CUST2762,ACC179609,2024-11-18,withdrawal,16676.54
TX1005130,CUST2718,ACC158805,2024-06-27,Deposit,3666.82
TX1005131,CUST2164,ACC122089,2024-06-16,,6960.2
TX1005132,CUST1861,ACC188410,2024-12-11,POS,373.18
TX1005133,CUST1748,ACC168618,2024-03-22,deposit,16964.91
TX1005134,CUST2118,ACC129500,2024-02-14,Withdrawal,4905.25
TX1005135,CUST2398,ACC122913,2024-07-20,bank-transfer,13265.1
TX1005136,CUST1353,ACC109846,2024-12-13,Pos Purchase,9135.42
TX1005137,CUST2562,ACC148110,2024-12-03,BankTransfer,12715.72
TX1005138,CUST1964,ACC117474,2024-07-06,Withdrawal,7983.07
TX1005139,CUST2954,ACC167329,2024-01-08,POS,11510.15
TX1005140,CUST2577,ACC146306,2024-06-20,Deposit,13788.27
TX1005141,CUST1149,ACC106672,2024-10-03,Withdrawal,165.97
TX1005142,CUST1034,ACC155407,2024-08-17,Bank Transfer,124.01
TX1005143,CUST2202,ACC164947,2024-02-23,POS,2112.93
TX1005144,CUST1138,ACC149688,2024-12-17,bank-transfer,11640.86
TX1005145,CUST1028,ACC122345,2024-05-15,POS,19953.72
TX1005146,CUST1536,ACC148927,2024-07-26,Withdrawal,14976.12
TX1005147,CUST1441,ACC114841,2024-10-18,Bank Transfer,19024.84
TX1005148,CUST1081,ACC144296,2024-03-17,Withdrawal,7530.6
TX1005149,CUST2889,ACC189006,2024-02-07,Deposit,6861.65
TX1005150,CUST1123,ACC132737,2024-09-24,Deposit,19190.1
TX1005151,CUST2942,ACC170663,2024-11-29,Deposit,4259.18
TX1005152,CUST2616,ACC115448,2024-03-30,BankTransfer,15157.63
TX1005153,CUST1815,ACC138019,2024-02-07,Withdrawal,-18780.83
TX1005154,CUST2037,ACC139213,2024-10-19,Withdrawal,17000.22
TX1005155,CUST1586,ACC163324,2024-03-12,Deposit,10596.69
TX1005156,CUST2287,ACC138475,2024-06-16,POS,5151.0
TX1005157,CUST2459,ACC134701,2024-10-17,POS,4382.18
TX1005158,CUST2026,ACC127926,2024-07-22,Withdrawal,17278.73
TX1005159,CUST2571,ACC100292,2024-08-21,withdrawal,18194.32
TX1005160,CUST1850,ACC196734,2024-10-31,Bank Transfer,9624.38
TX1005161,CUST1867,ACC182729,2024-01-21,Withdrawal,7460.63
TX1005162,CUST2437,ACC174559,2024-10-12,Deposit,1463.88
TX1005163,CUST1823,ACC151592,2024-10-29,Deposit,5700.72
TX1005164,CUST1168,ACC128503,2024-09-30,Bank Transfer,9861.33
TX1005165,CUST2311,ACC139953,2024-12-15,Bank Transfer,
TX1005166,CUST2098,ACC184275,2024-05-17,POS,2314.23
TX1005167,CUST2101,ACC167571,2024-04-30,BankTransfer,9309.27
TX1005168,CUST2261,ACC104643,2024-08-08,POS,12530.86
TX1005169,CUST1312,ACC160693,2024-11-15,withdrawal,17959.21
TX1005170,CUST1568,ACC180969,2024-11-07,bank-transfer,13802.11
TX1005171,CUST1171,ACC163998,2024-10-04,WITHDRAWAL,9049.4
TX1005172,CUST1634,ACC107536,2024-05-27,Deposit,2676.15
TX1005173,CUST1161,ACC146628,2024-10-06,DEPOSIT,2821.23
TX1005174,CUST2047,ACC100772,2024-01-09,POS,19347.57
TX1005175,CUST2886,ACC180678,2024-03-22,POS,18123.21
TX1005176,CUST1416,ACC160339,2024-03-05,POS,16876.88
TX1005177,CUST2995,ACC143063,2024-01-20,Deposit,1074.04
TX1005178,CUST2654,ACC139105,2024-06-18,pos,12468.66
TX1005179,CUST1318,ACC146385,2024-01-18,POS,13139.21
TX1005180,CUST2098,ACC114046,2024-11-05,POS,14658.19
TX1005181,CUST1669,ACC100675,2024-12-20,Withdrawal,10398.29
TX1005182,CUST1800,ACC145838,2024-04-27,Withdrawal,17222.34
TX1005183,CUST2201,ACC194690,2024-12-05,POS,10910.87
TX1005184,CUST2299,ACC124400,2024-10-04,Deposit,14544.53
TX1005185,CUST2563,ACC152699,2024-08-09,BankTransfer,5667.81
TX1005186,CUST2709,ACC146469,2024-11-02,Bank Transfer,14270.79
TX1005187,CUST2330,ACC101161,2024-12-20,Deposit,12833.84
TX1005188,CUST2394,ACC113282,2024-05-08,bank-transfer,3582.64
TX1005189,CUST2317,ACC156466,2024-09-16,deposit,4105.86
TX1005190,CUST1135,ACC164493,2024-05-29,Deposit,2273.99
TX1005191,CUST1635,ACC125892,2024-11-27,POS,13324.65
TX1005192,CUST2430,ACC111107,2024-03-07,POS,262.25
TX1005193,CUST1895,ACC169349,2024-06-01,Withdrawal,7499.41
TX1005194,CUST2494,ACC167412,2024-11-06,,12010.07
TX1005195,CUST2952,ACC120147,2024-06-21,Withdrawal,14206.67
TX1005196,CUST2733,ACC153833,2024-11-08,,3567.19
TX1005197,CUST1488,ACC116232,2024-09-19,POS,13960.9
TX1005198,CUST1118,ACC163886,2024-10-10,POS,10932.23
TX1005199,CUST1500,ACC100905,2024-11-18,bank-transfer,2785.26
TX1005200,CUST1176,ACC120398,2024-02-03,Deposit,14723.19
TX1005201,CUST2893,ACC186066,2024-11-27,Withdrawal,7012.56
TX1005202,CUST1889,ACC132785,2024-02-13,POS,14230.86
TX1005203,CUST1237,ACC129634,2024-05-25,pos,7693.76
TX1005204,CUST1928,ACC161695,2024-06-26,Deposit,7225.31
TX1005205,CUST2253,ACC151820,2024-08-19,POS,13114.26
TX1005206,CUST2246,ACC149061,2024-11-16,Bank Transfer,868.19
TX1005207,CUST1112,ACC139227,2024-10-06,Withdrawal,3288.88
TX1005208,CUST1633,ACC147775,2024-09-16,Withdrawal,4412.65
TX1005209,CUST2364,ACC156143,2024-08-22,Deposit,1983.58
TX1005210,CUST2518,ACC123878,2024-01-19,POS,9351.78
TX1005211,CUST2347,ACC170310,2024-12-21,pos,6932.98
TX1005212,CUST2516,ACC135321,2024-12-01,Withdrawal,5809.77
TX1005213,CUST1359,ACC114246,2024-08-13,Bank Transfer,10587.35
TX1005214,CUST1244,ACC157484,2024-02-16,Deposit,18108.08
TX1005215,CUST1025,ACC186019,2024-07-01,Withdrawal,4309.95
TX1005216,CUST2449,ACC157587,2024-04-01,Deposit,17811.84
TX1005217,CUST1281,ACC121211,2024-04-30,deposit,9887.21
TX1005218,CUST2436,ACC118333,2024-10-05,POS,541.18
TX1005219,CUST1023,ACC146365,2024-07-24,bank-transfer,14988.51
TX1005220,CUST1335,ACC197922,2024-08-17,POS,1677.99
TX1005221,CUST2016,ACC156880,2024-07-18,Withdrawal,8924.22
TX1005222,CUST2951,ACC100761,2024-09-01,Deposit,2225.23
TX1005223,CUST1710,ACC147085,2024-04-10,POS,16066.06
TX1005224,CUST2071,ACC192958,2024-10-03,POS,19744.45
TX1005225,CUST2059,ACC126013,2024-12-02,POS,9370.94
TX1005226,CUST2603,ACC114505,2024-04-05,deposit,16588.44
TX1005227,CUST2684,ACC124846,2024-01-14,Deposit,10744.98
TX1005228,CUST2476,ACC137342,2024-11-11,Withdrawal,14739.73
TX1005229,CUST1530,ACC105276,2024-08-19,Bank Transfer,19062.17
TX1005230,CUST1341,ACC117521,2024-05-20,Deposit,151.12
TX1005231,CUST1761,ACC151713,2024-07-13,Bank Transfer,6403.97
TX1005232,CUST1259,ACC155188,2024-02-09,BankTransfer,6668.52
TX1005233,CUST2535,ACC197507,2024-11-10,Deposit,10148.95
TX1005234,CUST2599,ACC143412,2024-02-02,Bank Transfer,17494.71
TX1005235,CUST2788,ACC104142,2024-11-17,Deposit,15082.71
TX1005236,CUST1550,ACC121012,2024-12-05,POS,8651.88
TX1005237,CUST2501,ACC187320,2024-08-24,Deposit,4684.9
TX1005238,CUST2815,ACC126082,2024-09-10,WITHDRAWAL,324.65
TX1005239,CUST1241,ACC162822,2024-11-08,Bank Transfer,3430.62
TX1005240,CUST2579,ACC187194,2024-09-29,POS,12299.69
TX1005241,CUST2842,ACC134838,2024-09-09,WITHDRAWAL,5984.34
TX1005242,CUST1060,ACC115570,2024-07-15,Deposit,9671.72
TX1005243,CUST1686,ACC155193,2024-10-04,Withdrawal,16140.33
TX1005244,CUST2652,ACC164103,2024-03-17,Bank Transfer,18856.99
TX1005245,CUST1879,ACC172105,2024-11-15,DEPOSIT,4182.23
TX1005246,CUST1557,ACC164955,2024-10-21,Bank Transfer,17144.03
TX1005247,CUST2072,ACC189356,2024-08-11,Deposit,5665.44
TX1005248,CUST1130,ACC193627,2024-09-15,POS,13477.44
TX1005249,CUST1538,ACC116703,2024-09-11,Deposit,7226.67
TX1005250,CUST2458,ACC142583,2024-03-19,deposit,3955.75
TX1005251,CUST2996,ACC198446,2024-03-07,Bank Transfer,12170.6
TX1005252,CUST2180,ACC152412,2024-06-12,POS,5627.43
TX1005253,CUST2285,ACC165779,2024-09-21,Deposit,1494.46
TX1005254,CUST1157,ACC195157,2024-10-22,Pos Purchase,13298.22
TX1005255,CUST2016,ACC197241,2024-04-10,Bank Transfer,559.1
TX1005256,CUST1932,ACC150967,2024-09-09,Deposit,6453.81
TX1005257,CUST2046,ACC117225,2024-01-20,Deposit,6401.38
TX1005258,CUST1737,ACC114382,2024-11-25,Withdrawal,10557.08
TX1005259,CUST1113,ACC114139,2024-09-29,Bank Transfer,10040.99
TX1005260,CUST2023,ACC102772,2024-06-11,Bank Transfer,3284.69
TX1005261,CUST2759,ACC116531,2024-12-14,Withdrawal,5831.36
TX1005262,CUST2160,ACC120387,2024-09-25,bank-transfer,18582.45
TX1005263,CUST1341,ACC145104,2024-01-01,POS,8937.15
TX1005264,CUST1753,ACC165536,2024-07-23,Bank Transfer,4661.37
TX1005265,CUST1322,ACC101788,2024-11-25,,9936.5
TX1005266,CUST1522,ACC189710,2024-04-05,Deposit,5017.56
TX1005267,CUST2583,ACC130999,2024-12-15,Withdrawal,9047.16
TX1005268,CUST1210,ACC106820,2024-11-16,Deposit,9847.83
TX1005269,CUST2831,ACC188907,2024-05-01,Withdrawal,14679.39
TX1005270,CUST2175,ACC144845,2024-07-07,Bank Transfer,11187.06
TX1005271,CUST2380,ACC156317,2024-01-27,WITHDRAWAL,14524.28
TX1005272,CUST2480,ACC178261,2024-12-22,Deposit,19923.81
TX1005273,CUST1236,ACC196656,2024-05-17,Deposit,13011.73
TX1005274,CUST1467,ACC101052,2024-01-16,Withdrawal,7860.14
TX1005275,CUST2517,ACC156928,2024-12-05,Bank Transfer,13200.99
TX1005276,CUST2042,ACC162939,2024-07-03,DEPOSIT,16617.25
TX1005277,CUST1005,ACC137940,2024-07-18,Deposit,6801.45
TX1005278,CUST1090,ACC136991,2024-07-14,POS,10203.64
TX1005279,CUST2758,ACC163691,2024-11-13,Deposit,6445.39
TX1005280,CUST2767,ACC110828,2024-06-18,pos,14360.54
TX1005281,CUST1025,ACC199732,2024-12-17,Bank Transfer,165.49
TX1005282,CUST1500,ACC156223,2024-08-21,Withdrawal,9956.04
TX1005283,CUST1094,ACC132472,2024-10-18,BankTransfer,3276.78
TX1005284,CUST1966,ACC180951,2024-01-20,POS,3348.29
TX1005285,CUST1745,ACC119987,2024-01-16,pos,12828.41
TX1005286,CUST1784,ACC195584,2024-12-10,Withdrawal,
TX1005287,CUST2884,ACC167009,2024-03-04,,4855.07
TX1005288,CUST1307,ACC124492,2024-03-26,POS,14504.44
TX1005289,CUST1366,ACC132698,2024-05-23,Pos Purchase,10974.47
TX1005290,CUST2907,ACC136849,2024-10-04,Deposit,11298.51
TX1005291,CUST2966,ACC115075,2024-03-31,POS,2364.92
TX1005292,CUST2756,ACC134541,2024-06-24,Withdrawal,13795.2
TX1005293,CUST1072,ACC191875,2024-07-10,Deposit,18156.42
TX1005294,CUST2132,ACC132421,2024-05-17,Deposit,2617.42
TX1005295,CUST2644,ACC187337,2024-05-08,POS,7226.52
TX1005296,CUST2871,ACC156250,2024-04-03,Withdrawal,1808.92
TX1005297,CUST2462,ACC126006,2024-09-25,Pos Purchase,3161.43
TX1005298,CUST2516,ACC162114,2024-07-20,Deposit,16530.08
TX1005299,CUST2342,ACC192597,2024-08-23,Bank Transfer,5119.82
TX1005300,CUST1858,ACC113508,2024-10-30,Withdrawal,8549.28
TX1005301,CUST1459,ACC191900,2024-07-20,Deposit,3916.98
TX1005302,CUST1659,ACC195742,2024-04-10,Withdrawal,7673.2
TX1005303,CUST1508,ACC165841,2024-03-12,Bank Transfer,630.37
TX1005304,CUST1852,ACC180098,2024-06-29,Pos Purchase,17717.04
TX1005305,CUST2875,ACC123748,2024-11-09,POS,11934.79
TX1005306,CUST2475,ACC124729,2024-05-30,Pos Purchase,7283.9
TX1005307,CUST1655,ACC177489,2024-04-05,withdrawal,3583.62
TX1005308,CUST1555,ACC182432,2024-11-22,Bank Transfer,838.73
TX1005309,CUST2691,ACC183162,2024-05-06,POS,6302.81
TX1005310,CUST1159,ACC119493,2024-11-20,Withdrawal,1332.2
TX1005311,CUST2170,ACC130065,2024-03-09,Withdrawal,9386.58
TX1005312,CUST1763,ACC115789,2024-12-15,POS,14268.01
TX1005313,CUST1244,ACC117340,2024-09-29,Bank Transfer,5470.57
TX1005314,CUST2028,ACC152596,2024-10-21,Deposit,19019.76
TX1005315,CUST2378,ACC105028,2024-05-17,Bank Transfer,16041.42
TX1005316,CUST2847,ACC135895,2024-07-19,WITHDRAWAL,14383.11
TX1005317,CUST1107,ACC125189,2024-04-23,Deposit,9223.16
TX1005318,CUST1367,ACC119163,2024-04-09,Bank Transfer,13369.18
TX1005319,CUST1457,ACC155876,2024-10-06,Bank Transfer,5437.62
TX1005320,CUST2647,ACC102314,2024-10-20,POS,7039.36
TX1005321,CUST2056,ACC180801,2024-02-22,BankTransfer,16241.81
TX1005322,CUST1094,ACC126167,2024-06-23,POS,8804.27
TX1005323,CUST2953,ACC111919,2024-07-26,POS,8718.25
TX1005324,CUST1821,ACC106678,2024-03-25,Bank Transfer,10209.2
TX1005325,CUST1141,ACC149853,2024-05-13,bank-transfer,8116.72
TX1005326,CUST2796,ACC153385,2024-02-10,POS,3912.9
TX1005327,CUST1952,ACC168809,2024-12-16,withdrawal,13150.7
TX1005328,CUST2773,ACC140166,2024-12-14,withdrawal,3278.92
TX1005329,CUST1578,ACC191771,2024-06-16,,19106.98
TX1005330,CUST2584,ACC183009,2024-04-05,Bank Transfer,15865.41
TX1005331,CUST2730,ACC130333,2024-09-29,Withdrawal,16590.88
TX1005332,CUST1636,ACC129068,2024-06-21,Bank Transfer,8962.14
TX1005333,CUST1670,ACC144063,2024-09-04,Withdrawal,13208.28
TX1005334,CUST1176,ACC155846,2024-04-01,Bank Transfer,514.54
TX1005335,CUST2132,ACC162809,2024-06-24,withdrawal,12698.05
TX1005336,CUST1935,ACC108041,2024-07-18,Deposit,10865.06
TX1005337,CUST1016,ACC166828,2024-03-26,Bank Transfer,1614.2
TX1005338,CUST1755,ACC155977,2024-10-21,Bank Transfer,4936.59
TX1005339,CUST1410,ACC184393,2024-03-28,POS,19653.43
TX1005340,CUST1597,ACC106770,2024-07-25,POS,10429.1
TX1005341,CUST2154,ACC139883,2024-10-28,Bank Transfer,11555.21
TX1005342,CUST2606,ACC114425,2024-04-23,Withdrawal,18279.14
TX1005343,CUST1622,ACC135290,2024-12-21,withdrawal,2004.97
TX1005344,CUST2514,ACC147654,2024-04-23,Withdrawal,15063.74
TX1005345,CUST2275,ACC136773,2024-06-24,Bank Transfer,16891.87
TX1005346,CUST1496,ACC146009,2024-09-28,Withdrawal,16420.71
TX1005347,CUST1950,ACC193268,2024-11-07,Bank Transfer,6712.01
TX1005348,CUST1754,ACC154797,2024-12-17,POS,8143.42
TX1005349,CUST2211,ACC132370,2024-07-08,Withdrawal,-15916.61
TX1005350,CUST2990,ACC141922,2024-02-22,POS,8048.32
TX1005351,CUST2010,ACC106233,2024-04-24,POS,8785.17
TX1005352,CUST2582,ACC123822,2024-09-15,Withdrawal,18043.36
TX1005353,CUST2589,ACC105359,2024-02-24,POS,11693.58
TX1005354,CUST1400,ACC100070,2024-10-13,bank-transfer,6773.18
TX1005355,CUST2500,ACC106832,2024-12-29,Bank Transfer,5366.81
TX1005356,CUST2844,ACC186563,2024-07-19,Bank Transfer,7988.13
TX1005357,CUST2119,ACC197616,2024-07-08,bank-transfer,589.46
TX1005358,CUST2557,ACC142157,2024-07-06,BankTransfer,9683.95
TX1005359,CUST2630,ACC127784,2024-01-14,Deposit,11369.2
TX1005360,CUST1502,ACC137397,2024-11-26,POS,15805.06
TX1005361,CUST1308,ACC161873,2024-09-07,POS,9002.51
TX1005362,CUST1013,ACC136721,2024-09-22,Bank Transfer,6135.41
TX1005363,CUST2909,ACC179498,2024-05-14,POS,1511.28
TX1005364,CUST1839,ACC113207,2024-07-16,Deposit,17990.94
TX1005365,CUST1048,ACC156479,2024-10-13,Bank Transfer,17401.33
TX1005366,CUST1477,ACC124227,2024-06-15,Withdrawal,9339.36
TX1005367,CUST2109,ACC133064,2024-01-09,Withdrawal,15972.69
TX1005368,CUST1709,ACC164393,2024-11-08,POS,2587.44
TX1005369,CUST2302,ACC147655,2024-06-13,Withdrawal,3059.88
TX1005370,CUST2719,ACC143815,2024-09-06,WITHDRAWAL,4120.66
TX1005371,CUST2420,ACC139892,2024-12-14,Bank Transfer,93.89
TX1005372,CUST2796,ACC114618,2024-05-27,Withdrawal,14082.33
TX1005373,CUST1019,ACC112699,2024-05-13,POS,7006.64
TX1005374,CUST2947,ACC187680,2024-04-24,Bank Transfer,4607.76
TX1005375,CUST1686,ACC101790,2024-01-04,Deposit,9047.8
TX1005376,CUST1002,ACC189517,2024-04-09,Bank Transfer,17480.77
TX1005377,CUST2554,ACC172321,2024-06-05,Deposit,8814.15
TX1005378,CUST2346,ACC117079,2024-11-17,withdrawal,13145.8
TX1005379,CUST1770,ACC143412,2024-11-15,Bank Transfer,6458.68
TX1005380,CUST2738,ACC147260,2024-03-02,Deposit,3800.03
TX1005381,CUST2511,ACC197162,2024-12-11,Bank Transfer,2983.88
TX1005382,CUST2489,ACC147367,2024-09-19,Deposit,12349.2
TX1005383,CUST1629,ACC197377,2024-10-22,WITHDRAWAL,7072.73
TX1005384,CUST1212,ACC177189,2024-02-08,bank-transfer,11765.24
TX1005385,CUST1420,ACC169319,2024-02-27,POS,13797.51
TX1005386,CUST2085,ACC179261,2024-09-03,bank-transfer,10646.99
TX1005387,CUST1487,ACC148705,,Withdrawal,10487.45
TX1005388,CUST1859,ACC131228,2024-09-04,Deposit,11117.02
TX1005389,CUST2007,ACC185229,2024-03-25,Deposit,15678.97
TX1005390,CUST2968,ACC136168,2024-01-25,POS,7221.61
TX1005391,CUST1122,ACC127529,2024-04-11,Withdrawal,10045.61
TX1005392,CUST2991,ACC176588,2024-09-24,Bank Transfer,3501.29
TX1005393,CUST1291,ACC150338,2024-12-26,withdrawal,9177.01
TX1005394,CUST2457,ACC111433,2024-06-19,withdrawal,3436.23
TX1005395,CUST1573,ACC113941,2024-10-24,Deposit,12157.6
TX1005396,CUST1190,ACC117102,2024-04-30,POS,18992.7
TX1005397,CUST1089,ACC182517,2024-05-17,,4307.06
TX1005398,CUST2886,ACC197332,2024-01-20,deposit,14497.82
TX1005399,CUST1474,ACC178883,2024-02-14,withdrawal,14014.74
TX1005400,CUST2837,ACC115775,2024-07-05,Withdrawal,17836.07
TX1005401,CUST2731,ACC105379,2024-04-17,deposit,-12544.05
TX1005402,CUST2064,ACC176881,2024-07-20,Withdrawal,3276.55
TX1005403,CUST1845,ACC185767,2024-06-06,withdrawal,18023.82
TX1005404,CUST2435,ACC124960,2024-02-15,bank-transfer,609.96
TX1005405,CUST2834,ACC125287,2024-06-15,Withdrawal,16313.39
TX1005406,CUST1762,ACC192361,2024-05-30,BankTransfer,4861.14
TX1005407,CUST1938,ACC158427,2024-08-20,withdrawal,10065.55
TX1005408,CUST2995,ACC112928,2024-02-25,POS,13322.9
TX1005409,CUST2531,ACC109814,2024-06-16,Withdrawal,3917.01
TX1005410,CUST1173,ACC171641,2024-06-16,Bank Transfer,12132.47
TX1005411,CUST2189,ACC181134,2024-04-13,Bank Transfer,-10574.89
TX1005412,CUST1195,ACC144944,2024-02-24,Deposit,15318.16
TX1005413,CUST2035,ACC139515,2024-04-20,Bank Transfer,5730.77
TX1005414,CUST1273,ACC195073,2024-03-29,Deposit,5727.09
TX1005415,CUST2305,ACC162154,2024-07-06,Withdrawal,2714.95
TX1005416,CUST2679,ACC199744,2024-11-13,Deposit,9103.7
TX1005417,CUST1807,ACC126476,2024-04-19,WITHDRAWAL,11714.87
TX1005418,CUST1153,ACC169934,2024-08-02,Bank Transfer,4658.05
TX1005419,CUST2212,ACC194472,2024-08-31,Pos Purchase,14459.5
TX1005420,CUST2162,ACC120142,2024-09-25,Withdrawal,7864.04
TX1005421,CUST1127,ACC105742,2024-02-19,bank-transfer,13543.93
TX1005422,CUST1890,ACC116755,2024-05-01,Bank Transfer,2626.11
TX1005423,CUST2356,ACC125127,2024-08-06,Withdrawal,4802.53
TX1005424,CUST2974,ACC154815,2024-08-17,Bank Transfer,1558.04
TX1005425,CUST1267,ACC172154,2024-06-11,POS,
TX1005426,CUST1484,ACC193271,2024-01-24,Deposit,8332.0
TX1005427,CUST1597,ACC133099,2024-01-09,Pos Purchase,9084.94
TX1005428,CUST1534,ACC199530,2024-11-13,POS,3328.77
TX1005429,CUST2742,ACC173445,2024-05-16,Bank Transfer,19424.59
TX1005430,CUST1645,ACC145526,2024-03-17,Withdrawal,9471.69
TX1005431,CUST2896,ACC147973,2024-12-22,Withdrawal,6676.47
TX1005432,CUST2640,ACC158783,2024-11-25,POS,19612.69
TX1005433,CUST1804,ACC182557,2024-02-25,Bank Transfer,-4522.7
TX1005434,CUST2435,ACC194021,2024-05-25,withdrawal,4701.14
TX1005435,CUST2703,ACC115391,2024-02-14,Deposit,6241.64
TX1005436,CUST2506,ACC157163,2024-01-19,Deposit,69.43
TX1005437,CUST1668,ACC108874,2024-06-30,,7814.68
TX1005438,CUST1651,ACC163284,2024-03-31,Bank Transfer,15845.85
TX1005439,CUST1927,ACC154919,2024-08-21,Withdrawal,17043.47
TX1005440,CUST1556,ACC168650,2024-07-15,pos,8226.12
TX1005441,CUST1478,ACC166043,2024-11-11,Deposit,3896.69
TX1005442,CUST1152,ACC102867,2024-09-27,Bank Transfer,5410.69
TX1005443,CUST2932,ACC121880,2024-03-03,Withdrawal,1191.42
TX1005444,CUST1415,ACC178532,2024-12-22,POS,5243.45
TX1005445,CUST1278,ACC135933,2024-10-29,deposit,17551.77
TX1005446,CUST2597,ACC191318,2024-09-25,Withdrawal,1846.41
TX1005447,CUST2577,ACC116899,2024-08-30,POS,7973.17
TX1005448,CUST2197,ACC137965,2024-10-14,Bank Transfer,3932.94
TX1005449,CUST1223,ACC105956,2024-01-31,POS,17645.95
TX1005450,CUST1318,ACC174209,2024-11-05,WITHDRAWAL,19699.13
TX1005451,CUST1216,ACC107968,2024-03-08,POS,3549.28
TX1005452,CUST1336,ACC190938,2024-09-01,Withdrawal,17474.6
TX1005453,CUST1920,ACC124928,2024-01-04,Bank Transfer,4243.49
TX1005454,CUST1954,ACC197087,2024-05-19,Deposit,3434.83
TX1005455,CUST1643,ACC152100,2024-07-03,Deposit,17376.16
TX1005456,CUST1832,ACC164884,2024-03-07,DEPOSIT,11136.53
TX1005457,CUST1247,ACC189744,2024-04-30,POS,3647.13
TX1005458,CUST2097,ACC169791,2024-09-20,Withdrawal,4350.81
TX1005459,CUST1733,ACC167303,2024-09-26,BankTransfer,7295.1
TX1005460,CUST2975,ACC109828,2024-10-12,Pos Purchase,
TX1005461,CUST2577,ACC121694,2024-06-27,Bank Transfer,5526.0
TX1005462,CUST1425,ACC157376,2024-07-24,Bank Transfer,7282.49
TX1005463,CUST1925,ACC198399,2024-03-24,Bank Transfer,15986.26
TX1005464,CUST1631,ACC166752,2024-03-11,withdrawal,2352.69
TX1005465,CUST1948,ACC150351,2024-06-18,Bank Transfer,18156.12
TX1005466,CUST1542,ACC173727,2024-10-12,POS,13051.58
TX1005467,CUST2745,ACC151150,2024-08-07,Deposit,6136.59
TX1005468,CUST1245,ACC152540,2024-08-01,Deposit,5425.19
TX1005469,CUST1185,ACC179589,2024-01-30,Withdrawal,5816.9
TX1005470,CUST1322,ACC135585,2024-06-15,Bank Transfer,2954.49
TX1005471,CUST2653,ACC127122,2024-10-25,Deposit,1559.15
TX1005472,CUST2405,ACC124125,2024-09-16,Deposit,9349.1
TX1005473,CUST1623,ACC100471,2024-07-31,POS,5310.1
TX1005474,CUST2692,ACC120971,2024-08-18,Bank Transfer,11521.51
TX1005475,CUST2443,ACC174959,2024-10-02,pos,5867.63
TX1005476,CUST2427,ACC128548,2024-08-14,Bank Transfer,11356.91
TX1005477,CUST2235,ACC177609,2024-05-23,Bank Transfer,9566.24
TX1005478,CUST1082,ACC191320,2024-06-01,Withdrawal,5783.49
TX1005479,CUST1440,ACC101161,2024-03-26,POS,15308.53
TX1005480,CUST2711,ACC167213,2024-03-11,deposit,1630.26
TX1005481,CUST2754,ACC159695,2024-09-09,POS,11088.73
TX1005482,CUST1671,ACC166036,2024-12-27,,14374.67
TX1005483,CUST1303,ACC192766,2024-06-21,POS,3600.84
TX1005484,CUST1186,ACC194447,2024-09-18,Withdrawal,12512.94
TX1005485,CUST2456,ACC168822,2024-06-21,Pos Purchase,6012.09
TX1005486,CUST1508,ACC133925,2024-12-08,BankTransfer,4760.36
TX1005487,CUST2983,ACC139768,2024-05-23,POS,2202.12
TX1005488,CUST1728,ACC128879,2024-10-04,Withdrawal,7348.08
TX1005489,CUST1811,ACC138844,2024-11-19,Withdrawal,3236.79
TX1005490,CUST2051,ACC192832,2024-06-22,POS,2233.76
TX1005491,CUST1100,ACC135194,2024-10-28,Bank Transfer,19574.26
TX1005492,CUST2386,ACC172371,2024-08-04,POS,-8163.33
TX1005493,CUST1612,ACC115611,2024-07-05,Deposit,15051.1
TX1005494,CUST1532,ACC122427,2024-06-11,Withdrawal,12837.21
TX1005495,CUST2679,ACC129350,2024-12-30,Deposit,3481.01
TX1005496,CUST1356,ACC105978,2024-11-10,Withdrawal,5040.99
TX1005497,CUST1063,ACC169935,2024-05-27,DEPOSIT,7754.03
TX1005498,CUST2949,ACC131223,2024-04-01,Bank Transfer,3568.89
TX1005499,CUST1828,ACC138252,2024-09-14,POS,11928.68
TX1005500,CUST2750,ACC105123,2024-03-06,deposit,10027.15
TX1005501,CUST1926,ACC183835,2024-06-04,POS,8848.77
TX1005502,CUST2138,ACC119416,2024-11-10,Bank Transfer,5071.19
TX1005503,CUST2532,ACC136406,2024-03-01,DEPOSIT,14571.51
TX1005504,CUST2126,ACC117428,2024-02-12,Withdrawal,6470.94
TX1005505,CUST1511,ACC135446,2024-12-20,deposit,13039.77
TX1005506,CUST1193,ACC106752,2024-08-07,Deposit,12439.2
TX1005507,CUST1946,ACC184202,2024-06-19,WITHDRAWAL,10570.96
TX1005508,CUST1208,ACC132637,2024-01-14,bank-transfer,9921.89
TX1005509,CUST2646,ACC127521,2024-03-10,BankTransfer,15295.83
TX1005510,CUST2625,ACC170070,2024-01-04,POS,11402.69
TX1005511,CUST1286,ACC115228,2024-01-21,WITHDRAWAL,2373.92
TX1005512,CUST1248,ACC100183,2024-01-22,,4804.91
TX1005513,CUST1024,ACC185019,2024-03-20,WITHDRAWAL,51.98
TX1005514,CUST1126,ACC145542,2024-06-06,POS,9299.71
TX1005515,CUST2700,ACC182927,2024-07-09,Withdrawal,16192.33
TX1005516,CUST2599,ACC179319,2024-11-23,POS,5229.2
TX1005517,CUST1455,ACC148380,2024-04-27,POS,19631.63
TX1005518,CUST1267,ACC142540,2024-10-27,bank-transfer,13021.78
TX1005519,CUST1405,ACC110911,2024-11-27,Deposit,15940.78
TX1005520,CUST2686,ACC192466,2024-04-28,Withdrawal,4412.62
TX1005521,CUST1820,ACC171994,2024-02-07,Bank Transfer,5566.4
TX1005522,CUST1762,ACC134608,2024-05-01,bank-transfer,17670.03
TX1005523,CUST2405,ACC194644,2024-03-08,POS,3556.67
TX1005524,CUST2290,ACC117512,2024-11-25,POS,13750.41
TX1005525,CUST2920,ACC153522,2024-02-29,Deposit,4699.82
TX1005526,CUST2320,ACC180148,2024-06-15,Bank Transfer,6798.69
TX1005527,CUST1172,ACC138652,2024-06-11,deposit,9316.1
TX1005528,CUST2192,ACC142550,2024-02-05,Deposit,17774.13
TX1005529,CUST2200,ACC107505,2024-04-16,withdrawal,3438.61
TX1005530,CUST1530,ACC182045,2024-01-03,Withdrawal,6492.39
TX1005531,CUST2878,ACC101364,2024-06-14,Withdrawal,3939.43
TX1005532,CUST2664,ACC146593,2024-06-23,POS,1533.63
TX1005533,CUST1153,ACC128741,2024-09-03,withdrawal,14487.12
TX1005534,CUST1044,ACC195745,2024-01-18,Withdrawal,1844.88
TX1005535,CUST1132,ACC136659,2024-09-24,Deposit,5027.37
TX1005536,CUST1404,ACC123165,2024-04-14,Withdrawal,19594.05
TX1005537,CUST2848,ACC133552,2024-11-20,Withdrawal,18082.74
TX1005538,CUST2322,ACC102049,2024-11-20,WITHDRAWAL,4779.85
TX1005539,CUST1908,ACC170436,2024-08-05,pos,9573.23
TX1005540,CUST2657,ACC186155,2024-10-11,Deposit,12802.65
TX1005541,CUST1263,ACC176449,2024-04-03,Bank Transfer,16519.59
TX1005542,CUST1188,ACC113951,2024-12-15,Bank Transfer,7684.71
TX1005543,CUST2853,ACC194712,2024-02-21,bank-transfer,3368.14
TX1005544,CUST2735,ACC197749,2024-05-25,Bank Transfer,4119.71
TX1005545,CUST2698,ACC190192,2024-06-04,Withdrawal,958.44
TX1005546,CUST2656,ACC150067,2024-05-25,deposit,16361.22
TX1005547,CUST1679,ACC185698,2024-09-23,Withdrawal,1429.52
TX1005548,CUST1250,ACC133730,2024-09-25,BankTransfer,5380.34
TX1005549,CUST1087,ACC182081,2024-11-11,Withdrawal,8321.1
TX1005550,CUST2929,ACC183139,2024-07-15,Pos Purchase,8521.22
TX1005551,CUST1944,ACC179212,2024-07-16,Bank Transfer,14730.26
TX1005552,CUST1103,ACC172204,2024-10-27,Bank Transfer,11810.86
TX1005553,CUST1344,ACC127021,2024-11-13,Deposit,2293.5
TX1005554,CUST2892,ACC157958,2024-09-08,Withdrawal,539.43
TX1005555,CUST2175,ACC128919,2024-03-14,Withdrawal,16181.96
TX1005556,CUST1887,ACC142501,2024-09-12,POS,11902.71
TX1005557,CUST2682,ACC135231,2024-12-19,WITHDRAWAL,8270.27
TX1005558,CUST2483,ACC126728,2024-04-23,Withdrawal,15001.53
TX1005559,CUST1808,ACC176239,2024-08-04,Bank Transfer,18263.56
TX1005560,CUST2016,ACC182549,2024-08-17,bank-transfer,12146.65
TX1005561,CUST1060,ACC198683,2024-11-22,POS,17620.23
TX1005562,CUST1783,ACC151834,2024-08-13,Bank Transfer,2949.23
TX1005563,CUST2399,ACC120400,2024-05-29,,17167.43
TX1005564,CUST1873,ACC158465,2024-11-25,POS,1286.59
TX1005565,CUST1353,ACC130372,2024-07-30,DEPOSIT,18258.1
TX1005566,CUST1724,ACC195657,2024-03-17,POS,11958.45
TX1005567,CUST1439,ACC195195,2024-01-04,Withdrawal,14004.07
TX1005568,CUST2860,ACC156872,2024-03-07,pos,749.11
TX1005569,CUST1383,ACC148318,2024-07-06,Deposit,6769.93
TX1005570,CUST1563,ACC119442,2024-09-20,Bank Transfer,8500.57
TX1005571,CUST1573,ACC162784,2024-12-26,DEPOSIT,16991.59
TX1005572,CUST1913,ACC112280,2024-03-26,Deposit,5332.54
TX1005573,CUST2809,ACC165006,2024-07-07,Bank Transfer,1679.66
TX1005574,CUST1304,ACC123791,2024-05-27,Bank Transfer,11630.35
TX1005575,CUST1070,ACC160213,2024-04-17,Withdrawal,2056.48
TX1005576,CUST2257,ACC124251,2024-02-05,Deposit,18008.83
TX1005577,CUST2268,ACC123083,2024-09-26,bank-transfer,6375.24
TX1005578,CUST2263,ACC124754,2024-04-21,Bank Transfer,2784.47
TX1005579,CUST1503,ACC174666,2024-03-29,Withdrawal,19818.84
TX1005580,CUST2325,ACC164293,2024-12-28,deposit,1637.12
TX1005581,CUST1604,ACC195614,2024-10-05,Withdrawal,891.56
TX1005582,CUST2021,ACC123646,2024-02-24,DEPOSIT,18196.38
TX1005583,CUST1843,ACC184877,2024-03-09,Deposit,15233.18
TX1005584,CUST2807,ACC136968,2024-04-07,bank-transfer,3753.06
TX1005585,CUST2127,ACC102758,2024-02-02,pos,19657.07
TX1005586,CUST1981,ACC140653,2024-03-05,Bank Transfer,3309.5
TX1005587,CUST1124,ACC121354,2024-04-12,POS,18567.83
TX1005588,CUST1179,ACC123295,2024-11-06,Deposit,12423.47
TX1005589,CUST1572,ACC151668,2024-03-14,Deposit,8318.32
TX1005590,CUST1784,ACC190094,2024-11-26,Bank Transfer,19900.66
TX1005591,CUST1281,ACC179668,2024-01-04,Deposit,17202.43
TX1005592,CUST1858,ACC124621,2024-11-16,pos,19238.86
TX1005593,CUST1408,ACC109103,2024-06-05,Withdrawal,12781.05
TX1005594,CUST2316,ACC118811,2024-11-15,Deposit,2265.27
TX1005595,CUST2811,ACC109443,2024-02-17,POS,3461.31
TX1005596,CUST2632,ACC155888,2024-01-31,Deposit,11088.14
TX1005597,CUST2076,ACC132145,2024-07-12,Withdrawal,17772.4
TX1005598,CUST1510,ACC159640,2024-01-05,bank-transfer,5292.83
TX1005599,CUST2291,ACC184557,2024-02-16,Deposit,14043.3
TX1005600,CUST2642,ACC152757,2024-09-23,POS,10964.44
TX1005601,CUST2113,ACC113137,2024-05-05,Withdrawal,2828.79
TX1005602,CUST2627,ACC194936,2024-07-31,Withdrawal,743.36
TX1005603,CUST1039,ACC169045,2024-05-14,bank-transfer,9247.25
TX1005604,CUST1783,ACC117995,2024-09-07,POS,7906.64
TX1005605,CUST2601,ACC195258,2024-03-22,Withdrawal,7620.73
TX1005606,CUST2460,ACC198362,2024-04-14,Deposit,12094.17
TX1005607,CUST1735,ACC101545,2024-10-10,WITHDRAWAL,12736.64
TX1005608,CUST1982,ACC179074,2024-08-25,POS,19298.31
TX1005609,CUST2115,ACC113071,2024-06-25,Withdrawal,10110.05
TX1005610,CUST2600,ACC149528,2024-01-13,WITHDRAWAL,5232.76
TX1005611,CUST1992,ACC150330,2024-09-29,Withdrawal,658.08
TX1005612,CUST1704,ACC102715,2024-03-25,Deposit,1242.47
TX1005613,CUST2869,ACC114422,2024-08-29,Withdrawal,1358.3
TX1005614,CUST2158,ACC101776,2024-07-25,POS,1704.7
TX1005615,CUST2028,ACC184473,2024-09-22,Deposit,16764.57
TX1005616,CUST1658,ACC105733,2024-12-27,Bank Transfer,2736.93
TX1005617,CUST1795,ACC117324,2024-02-14,withdrawal,7851.21
TX1005618,CUST1553,ACC132550,2024-12-06,Withdrawal,12836.36
TX1005619,CUST1368,ACC110957,2024-08-21,Deposit,4464.53
TX1005620,CUST1053,ACC135082,2024-03-31,POS,9771.87
TX1005621,CUST1653,ACC118695,2024-04-02,POS,4941.35
TX1005622,CUST2222,ACC182232,2024-06-28,Deposit,16880.38
TX1005623,CUST1448,ACC178595,2024-09-02,Deposit,18347.95
TX1005624,CUST1060,ACC101769,2024-08-25,BankTransfer,1363.92
TX1005625,CUST2834,ACC101231,2024-06-13,deposit,19595.31
TX1005626,CUST2660,ACC113938,2024-05-13,Bank Transfer,11580.52
TX1005627,CUST2594,ACC171089,2024-07-04,POS,3401.45
TX1005628,CUST1575,ACC196486,2024-10-14,Deposit,14095.57
TX1005629,CUST1119,ACC144353,2024-11-17,POS,16862.71
TX1005630,CUST2656,ACC192727,2024-05-16,Bank Transfer,14799.95
TX1005631,CUST1966,ACC111136,2024-09-04,Bank Transfer,14176.67
TX1005632,CUST2084,ACC126518,2024-03-10,Deposit,11996.45
TX1005633,CUST1732,ACC118249,2024-07-13,Bank Transfer,9144.58
TX1005634,CUST2570,ACC162970,2024-03-20,BankTransfer,6480.13
TX1005635,CUST2196,ACC199571,2024-10-19,Deposit,9416.05
TX1005636,CUST1476,ACC173774,2024-01-17,BankTransfer,8741.97
TX1005637,CUST2994,ACC158238,2024-06-15,Bank Transfer,17908.87
TX1005638,CUST1326,ACC121383,2024-03-13,Bank Transfer,17954.41
TX1005639,CUST1205,ACC140289,2024-11-12,Deposit,14049.53
TX1005640,CUST1507,ACC143483,2024-02-16,Deposit,12180.0
TX1005641,CUST2345,ACC162771,2024-09-18,BankTransfer,3417.03
TX1005642,CUST1493,ACC120252,,pos,4600.15
TX1005643,CUST1545,ACC131956,2024-08-20,BankTransfer,6806.88
TX1005644,CUST2092,ACC107323,2024-07-14,POS,9983.26
TX1005645,CUST2671,ACC171241,2024-12-02,withdrawal,11499.88
TX1005646,CUST2620,ACC190707,2024-10-10,POS,13204.95
TX1005647,CUST2878,ACC135056,2024-05-03,Deposit,12020.36
TX1005648,CUST2509,ACC182245,2024-02-22,Deposit,10697.5
TX1005649,CUST1114,ACC171252,2024-07-19,POS,16638.01
TX1005650,CUST2564,ACC116131,2024-01-28,Bank Transfer,7805.15
TX1005651,CUST2941,ACC102779,2024-10-08,Deposit,8696.62
TX1005652,CUST1449,ACC105836,2024-04-03,Withdrawal,9386.24
TX1005653,CUST2179,ACC113476,2024-08-13,Bank Transfer,14400.62
TX1005654,CUST2733,ACC171387,2024-03-02,POS,2003.1
TX1005655,CUST2633,ACC138894,2024-11-26,POS,7385.75
TX1005656,CUST1795,ACC113443,2024-08-28,POS,4376.18
TX1005657,CUST1726,ACC167048,2024-03-30,Withdrawal,5459.16
TX1005658,CUST2915,ACC154432,2024-02-02,Withdrawal,-13456.33
TX1005659,CUST2718,ACC118590,2024-08-22,Deposit,2076.5
TX1005660,CUST2731,ACC100158,2024-12-17,Bank Transfer,98.79
TX1005661,CUST1355,ACC129401,2024-04-20,Deposit,5622.02
TX1005662,CUST1360,ACC103145,2024-04-11,Withdrawal,16941.04
TX1005663,CUST1484,ACC129710,2024-08-14,Bank Transfer,11400.31
TX1005664,CUST2213,ACC155985,2024-04-21,POS,19505.06
TX1005665,CUST1651,ACC150512,2024-10-16,POS,6826.59
TX1005666,CUST2651,ACC119316,2024-12-01,Bank Transfer,16171.68
TX1005667,CUST2511,ACC146309,2024-10-25,Bank Transfer,14844.07
TX1005668,CUST2428,ACC185899,2024-04-05,Bank Transfer,17492.71
TX1005669,CUST1734,ACC137597,2024-01-15,Withdrawal,10619.47
TX1005670,CUST2871,ACC129607,2024-06-15,POS,15352.3
TX1005671,CUST2211,ACC189707,2024-04-03,POS,12657.14
TX1005672,CUST1057,ACC150429,2024-03-29,Deposit,12383.25
TX1005673,CUST2440,ACC190015,2024-03-20,Deposit,19276.97
TX1005674,CUST2434,ACC193696,2024-10-22,Deposit,8516.44
TX1005675,CUST1720,ACC114733,2024-10-17,Withdrawal,311.42
TX1005676,CUST2940,ACC164463,2024-11-10,Withdrawal,12351.86
TX1005677,CUST2162,ACC122224,2024-04-19,POS,4237.47
TX1005678,CUST2154,ACC114435,2024-07-29,Withdrawal,6152.01
TX1005679,CUST1291,ACC129428,2024-03-28,Deposit,9365.38
TX1005680,CUST2153,ACC113334,2024-02-21,Deposit,18345.81
TX1005681,CUST2942,ACC136937,2024-08-06,DEPOSIT,351.65
TX1005682,CUST1385,ACC146833,2024-06-16,Deposit,9728.53
TX1005683,CUST2713,ACC109999,2024-12-02,Withdrawal,16906.76
TX1005684,CUST2659,ACC180700,2024-10-26,DEPOSIT,15946.0
TX1005685,CUST2805,ACC143741,2024-02-08,Bank Transfer,1750.58
TX1005686,CUST2987,ACC115512,2024-11-23,POS,1781.17
TX1005687,CUST2008,ACC147250,2024-06-04,Deposit,5826.37
TX1005688,CUST2110,ACC111115,2024-04-30,DEPOSIT,7794.5
TX1005689,CUST1632,ACC105681,2024-10-10,Bank Transfer,13269.08
TX1005690,CUST1359,ACC179233,2024-10-08,WITHDRAWAL,7599.99
TX1005691,CUST2004,ACC119805,2024-03-14,BankTransfer,16770.82
TX1005692,CUST1077,ACC123339,2024-05-01,Deposit,5721.39
TX1005693,CUST1184,ACC156181,2024-03-26,Deposit,2084.62
TX1005694,CUST1115,ACC169531,2024-06-15,Withdrawal,476.55
TX1005695,CUST1476,ACC143888,2024-11-30,Withdrawal,15703.25
TX1005696,CUST2232,ACC178592,2024-07-05,Bank Transfer,17093.56
TX1005697,CUST1448,ACC123771,2024-12-25,Withdrawal,6911.2
TX1005698,CUST1040,ACC189054,2024-05-05,Withdrawal,5874.96
TX1005699,CUST2078,ACC155737,2024-10-22,Pos Purchase,10039.17
TX1005700,CUST1978,ACC119689,2024-10-03,WITHDRAWAL,19653.52
TX1005701,CUST1001,ACC187460,2024-04-14,Deposit,12134.81
TX1005702,CUST1679,ACC190067,2024-06-12,POS,4690.32
TX1005703,CUST2879,ACC139526,2024-10-11,Deposit,8111.54
TX1005704,CUST2257,ACC181888,2024-06-06,POS,4815.65
TX1005705,CUST1412,ACC137618,2024-05-16,Withdrawal,3157.98
TX1005706,CUST2651,ACC145663,2024-08-01,POS,5535.63
TX1005707,CUST1267,ACC113621,2024-03-03,Deposit,4891.0
TX1005708,CUST1697,ACC135532,2024-09-07,Withdrawal,15459.92
TX1005709,CUST2468,ACC165437,2024-11-26,withdrawal,15278.06
TX1005710,CUST1363,ACC186734,2024-08-25,POS,18904.82
TX1005711,CUST2881,ACC148380,2024-09-09,Withdrawal,6623.73
TX1005712,CUST2643,ACC134786,2024-04-22,deposit,16460.91
TX1005713,CUST2729,ACC193232,2024-03-23,Deposit,14457.49
TX1005714,CUST2778,ACC110009,2024-07-20,POS,8352.95
TX1005715,CUST1662,ACC100285,2024-05-28,Bank Transfer,13639.26
TX1005716,CUST1121,ACC119482,2024-05-06,POS,7256.81
TX1005717,CUST1044,ACC185964,2024-01-11,bank-transfer,15483.62
TX1005718,CUST1302,ACC119213,2024-10-19,POS,9180.36
TX1005719,CUST2201,ACC141976,2024-06-19,Withdrawal,4477.95
TX1005720,CUST2443,ACC119369,2024-05-13,Deposit,17510.91
TX1005721,CUST2878,ACC151196,2024-05-09,BankTransfer,5047.62
TX1005722,CUST1290,ACC158549,2024-10-22,Deposit,16250.23
TX1005723,CUST2585,ACC194547,2024-09-12,BankTransfer,15980.07
TX1005724,CUST1227,ACC162709,2024-11-08,Withdrawal,7058.87
TX1005725,CUST2733,ACC108822,2024-02-29,deposit,18410.49
TX1005726,CUST2077,ACC114832,2024-04-02,deposit,3102.65
TX1005727,CUST2762,ACC175739,2024-08-16,Deposit,1530.21
TX1005728,CUST1747,ACC156027,2024-11-05,WITHDRAWAL,-3418.94
TX1005729,CUST2967,ACC195251,2024-10-25,POS,6625.85
TX1005730,CUST1148,ACC136500,2024-08-12,Deposit,81786.0
TX1005731,CUST1765,ACC118961,2024-01-02,POS,11020.68
TX1005732,CUST2442,ACC111855,2024-04-05,Deposit,5815.89
TX1005733,CUST2929,ACC142343,2024-10-19,POS,9164.72
TX1005734,CUST2356,ACC116716,2024-03-30,Withdrawal,11855.6
TX1005735,CUST1810,ACC123838,2024-08-13,Bank Transfer,12808.05
TX1005736,CUST2200,ACC150465,2024-02-05,bank-transfer,1655.0
TX1005737,CUST1206,ACC146217,2024-03-23,Deposit,9840.56
TX1005738,CUST1689,ACC141853,2024-01-29,Bank Transfer,6499.17
TX1005739,CUST1618,ACC164776,2024-06-18,Bank Transfer,3406.25
TX1005740,CUST1660,ACC155552,2024-05-06,Withdrawal,3164.39
TX1005741,CUST1279,ACC163083,2024-12-07,Withdrawal,9611.09
TX1005742,CUST2998,ACC190888,2024-11-01,POS,15032.76
TX1005743,CUST1322,ACC154256,2024-08-27,Deposit,18156.5
TX1005744,CUST2499,ACC178871,2024-09-26,Bank Transfer,12427.1
TX1005745,CUST2942,ACC183440,2024-09-11,Deposit,11256.53
TX1005746,CUST1894,ACC143707,2024-02-27,Bank Transfer,15218.1
TX1005747,CUST2621,ACC118116,2024-04-19,Deposit,19841.38
TX1005748,CUST2309,ACC185715,2024-09-08,WITHDRAWAL,6561.83
TX1005749,CUST2967,ACC132231,2024-12-28,Bank Transfer,3250.55
TX1005750,CUST1997,ACC150224,2024-06-16,Withdrawal,15732.9
TX1005751,CUST2329,ACC154874,2024-03-11,Bank Transfer,7954.2
TX1005752,CUST1649,ACC172002,2024-10-23,deposit,5103.36
TX1005753,CUST1356,ACC165156,2024-10-12,POS,17469.76
TX1005754,CUST2448,ACC170614,2024-09-22,POS,19004.67
TX1005755,CUST2983,ACC169962,2024-05-04,Withdrawal,11279.15
TX1005756,CUST2150,ACC164566,2024-03-07,POS,1064.18
TX1005757,CUST2420,ACC169792,2024-03-17,Deposit,1213.81
TX1005758,CUST2821,ACC170282,2024-01-15,WITHDRAWAL,4489.17
TX1005759,CUST2902,ACC130161,2024-12-11,POS,-10344.97
TX1005760,CUST2256,ACC150413,2024-02-20,Deposit,5391.41
TX1005761,CUST2611,ACC110959,2024-03-09,deposit,8758.76
TX1005762,CUST1730,ACC176148,2024-07-05,pos,1186.41
TX1005763,CUST1457,ACC193706,2024-07-22,POS,5251.94
TX1005764,CUST2363,ACC155291,2024-01-28,POS,1802.63
TX1005765,CUST2206,ACC169067,2024-10-07,Deposit,11411.3
TX1005766,CUST2668,ACC175743,2024-04-06,deposit,1652.14
TX1005767,CUST1359,ACC190898,2024-03-29,Deposit,2586.77
TX1005768,CUST1774,ACC198079,2024-01-20,POS,2878.61
TX1005769,CUST1628,ACC128748,2024-01-23,pos,11289.0
TX1005770,CUST2503,ACC192155,2024-05-15,POS,6404.38
TX1005771,CUST2410,ACC111436,2024-10-10,pos,17779.96
TX1005772,CUST1603,ACC130827,2024-09-07,POS,4435.31
TX1005773,CUST1260,ACC147409,2024-11-06,Withdrawal,13897.63
TX1005774,CUST1363,ACC100375,2024-12-17,BankTransfer,6820.77
TX1005775,CUST2492,ACC126644,2024-08-26,POS,14146.25
TX1005776,CUST1003,ACC102248,2024-09-22,deposit,4042.31
TX1005777,CUST2943,ACC147500,2024-09-14,Withdrawal,18832.35
TX1005778,CUST2437,ACC173187,2024-09-16,pos,17416.23
TX1005779,CUST2942,ACC162118,2024-10-18,POS,7508.57
TX1005780,CUST2173,ACC117510,2024-08-12,Bank Transfer,4960.68
TX1005781,CUST1801,ACC114438,2024-06-27,,3228.89
TX1005782,CUST2742,ACC107808,2024-12-16,Deposit,5693.56
TX1005783,CUST2578,ACC145789,2024-04-17,pos,1415.76
TX1005784,CUST2976,ACC147298,2024-12-20,bank-transfer,2625.51
TX1005785,CUST2162,ACC118264,2024-12-26,Bank Transfer,8693.38
TX1005786,CUST1066,ACC138626,2024-07-09,Withdrawal,3359.9
TX1005787,CUST1372,ACC160344,2024-12-07,POS,5429.68
TX1005788,CUST2233,ACC118892,2024-09-20,Deposit,10227.33
TX1005789,CUST1651,ACC172286,2024-07-01,pos,2823.34
TX1005790,CUST2886,ACC155191,2024-04-04,POS,7963.47
TX1005791,CUST2656,ACC131784,2024-05-01,Bank Transfer,4928.9
TX1005792,CUST2981,ACC127621,2024-11-22,Deposit,5276.59
TX1005793,CUST2252,ACC129437,2024-09-30,Withdrawal,8158.26
TX1005794,CUST1452,ACC107322,2024-07-20,Withdrawal,1388.27
TX1005795,CUST2309,ACC197910,2024-02-01,BankTransfer,11980.38
TX1005796,CUST2158,ACC118061,2024-01-21,withdrawal,10516.28
TX1005797,CUST1213,ACC115366,2024-04-13,POS,3785.22
TX1005798,CUST2918,ACC191197,2024-01-09,Pos Purchase,2887.02
TX1005799,CUST2016,ACC192269,2024-05-22,Bank Transfer,3599.37
TX1005800,CUST1288,ACC118753,2024-06-03,Bank Transfer,7654.13
TX1005801,CUST1678,ACC149474,2024-04-30,POS,6993.07
TX1005802,CUST2526,ACC196086,2024-07-17,POS,12068.61
TX1005803,CUST1159,ACC103453,2024-11-26,Withdrawal,16609.08
TX1005804,CUST1487,ACC191242,2024-02-11,POS,13183.64
TX1005805,CUST1710,ACC155667,2024-10-20,POS,13833.96
TX1005806,CUST1654,ACC148717,2024-10-20,Withdrawal,830.93
TX1005807,CUST1343,ACC107088,2024-06-13,Withdrawal,2057.17
TX1005808,CUST2302,ACC191934,2024-02-26,withdrawal,19089.42
TX1005809,CUST2813,ACC113894,2024-08-23,Bank Transfer,1328.47
TX1005810,CUST2972,ACC186867,2024-02-04,Deposit,1709.73
TX1005811,CUST1181,ACC176232,2024-06-26,Deposit,17687.37
TX1005812,CUST2682,ACC109669,2024-03-24,withdrawal,7697.99
TX1005813,CUST2451,ACC162498,2024-04-17,POS,19847.74
TX1005814,CUST2372,ACC177847,2024-10-19,Deposit,4054.62
TX1005815,CUST2308,ACC120732,2024-02-17,POS,16567.16
TX1005816,CUST2493,ACC103956,2024-01-12,Withdrawal,16069.48
TX1005817,CUST2815,ACC119252,2024-03-17,Deposit,4635.83
TX1005818,CUST1687,ACC147873,2024-11-25,Withdrawal,10097.02
TX1005819,CUST1914,ACC118517,2024-10-22,Withdrawal,7480.36
TX1005820,CUST1023,ACC110353,2024-03-26,Bank Transfer,5634.61
TX1005821,CUST1543,ACC132118,2024-10-27,POS,10587.53
TX1005822,CUST1429,ACC110101,2024-06-27,Deposit,6034.22
TX1005823,CUST1511,ACC101635,2024-12-05,POS,8398.59
TX1005824,CUST2419,ACC174603,2024-01-13,Deposit,16088.76
TX1005825,CUST1138,ACC154590,2024-02-17,deposit,8603.41
TX1005826,CUST1717,ACC119623,2024-06-04,pos,13302.76
TX1005827,CUST1525,ACC123910,2024-04-11,Bank Transfer,13542.9
TX1005828,CUST2611,ACC161573,2024-09-01,POS,12612.92
TX1005829,CUST1221,ACC197459,2024-05-21,Deposit,18361.43
TX1005830,CUST2475,ACC118364,2024-11-30,Bank Transfer,1752.36
TX1005831,CUST1002,ACC198055,2024-09-18,POS,9429.8
TX1005832,CUST1098,ACC169133,2024-04-08,DEPOSIT,11070.97
TX1005833,CUST1790,ACC191562,2024-01-30,POS,975.1
TX1005834,CUST1897,ACC139257,2024-11-09,POS,3175.33
TX1005835,CUST2500,ACC161628,2024-04-10,pos,18171.01
TX1005836,CUST1859,ACC153939,2024-01-03,Deposit,637.99
TX1005837,CUST2984,ACC194707,2024-10-22,Withdrawal,4813.5
TX1005838,CUST1340,ACC144215,2024-07-31,POS,8315.93
TX1005839,CUST2811,ACC158192,2024-08-28,Withdrawal,14500.09
TX1005840,CUST1847,ACC184521,2024-02-12,Deposit,14466.81
TX1005841,CUST2009,ACC191127,2024-04-17,Withdrawal,8269.78
TX1005842,CUST2805,ACC101731,2024-12-17,Bank Transfer,18791.46
TX1005843,CUST1775,ACC137587,2024-10-30,deposit,15664.62
TX1005844,CUST1719,ACC114583,2024-09-12,Pos Purchase,
TX1005845,CUST2118,ACC120432,2024-02-17,Withdrawal,17067.7
TX1005846,CUST1768,ACC107864,2024-11-07,POS,6847.94
TX1005847,CUST1207,ACC184207,2024-02-28,Withdrawal,19083.11
TX1005848,CUST2697,ACC104209,2024-03-15,Deposit,7555.73
TX1005849,CUST1981,ACC179190,2024-07-22,Bank Transfer,7148.04
TX1005850,CUST2615,ACC198452,2024-01-25,Withdrawal,5982.92
TX1005851,CUST2769,ACC122751,2024-11-20,Withdrawal,12353.43
TX1005852,CUST2183,ACC165967,2024-03-18,Deposit,1172.87
TX1005853,CUST2333,ACC121017,2024-03-18,Withdrawal,5011.38
TX1005854,CUST2552,ACC101424,2024-02-29,POS,19255.14
TX1005855,CUST2407,ACC151955,2024-04-16,BankTransfer,2225.43
TX1005856,CUST1461,ACC155524,2024-03-21,POS,6623.16
TX1005857,CUST1333,ACC189116,2024-03-01,bank-transfer,17218.74
TX1005858,CUST1924,ACC159545,2024-12-17,Withdrawal,5009.86
TX1005859,CUST1150,ACC172634,2024-12-24,Bank Transfer,7170.98
TX1005860,CUST2636,ACC193245,2024-08-23,Deposit,14784.18
TX1005861,CUST2732,ACC133823,2024-07-28,Deposit,2229.68
TX1005862,CUST1068,ACC174981,2024-08-26,Bank Transfer,18035.84
TX1005863,CUST1603,ACC165781,2024-12-04,Deposit,2802.8
TX1005864,CUST1041,ACC140112,2024-03-12,POS,12489.0
TX1005865,CUST1652,ACC192976,2024-01-28,Withdrawal,11488.22
TX1005866,CUST1534,ACC129794,2024-02-28,Deposit,7435.56
TX1005867,CUST2949,ACC155531,2024-11-06,bank-transfer,4708.44
TX1005868,CUST1214,ACC120552,2024-12-10,WITHDRAWAL,995.83
TX1005869,CUST1151,ACC135628,2024-02-15,Withdrawal,12369.19
TX1005870,CUST1700,ACC112050,2024-02-29,Withdrawal,15024.64
TX1005871,CUST1348,ACC168354,2024-02-27,Withdrawal,3850.89
TX1005872,CUST2818,ACC149487,2024-07-14,Bank Transfer,4997.28
TX1005873,CUST1768,ACC116401,2024-07-25,DEPOSIT,13059.49
TX1005874,CUST1329,ACC197404,2024-02-23,withdrawal,17576.78
TX1005875,CUST2499,ACC127769,2024-03-07,Withdrawal,4123.44
TX1005876,CUST1153,ACC152481,,Deposit,13577.51
TX1005877,CUST2120,ACC181139,2024-01-22,Deposit,19668.11
TX1005878,CUST2928,ACC107339,2024-03-02,Deposit,6233.41
TX1005879,CUST2839,ACC128692,2024-11-12,POS,13099.96
TX1005880,CUST1190,ACC151418,2024-01-17,POS,31524.35
TX1005881,CUST1692,ACC124077,2024-08-16,Deposit,14936.77
TX1005882,CUST2216,ACC197779,2024-03-10,POS,579.55
TX1005883,CUST2256,ACC173307,2024-06-24,WITHDRAWAL,466.53
TX1005884,CUST2829,ACC179309,2024-12-04,POS,7536.56
TX1005885,CUST1988,ACC110119,2024-09-27,Bank Transfer,357.11
TX1005886,CUST2442,ACC190757,2024-08-12,POS,2780.91
TX1005887,CUST1063,ACC161398,2024-05-07,Bank Transfer,15914.88
TX1005888,CUST1883,ACC162575,2024-04-11,Withdrawal,293.97
TX1005889,CUST2930,ACC141050,2024-11-14,Deposit,8805.93
TX1005890,CUST2338,ACC185550,2024-04-19,Bank Transfer,14348.85
TX1005891,CUST1337,ACC184133,2024-01-19,Withdrawal,6403.33
TX1005892,CUST2243,ACC153097,2024-05-30,withdrawal,19981.5
TX1005893,CUST2822,ACC149868,2024-10-19,Deposit,14929.54
TX1005894,CUST1889,ACC121603,2024-04-08,POS,5946.1
TX1005895,CUST1321,ACC107165,2024-08-08,Deposit,16301.18
TX1005896,CUST1109,ACC148690,2024-07-13,Deposit,9555.46
TX1005897,CUST1207,ACC184757,2024-06-21,Bank Transfer,3152.16
TX1005898,CUST1678,ACC155603,2024-04-16,Pos Purchase,18651.58
TX1005899,CUST1420,ACC125523,2024-10-01,Withdrawal,18090.34
TX1005900,CUST2995,ACC135378,2024-01-07,withdrawal,8407.11
TX1005901,CUST1389,ACC114208,2024-12-04,pos,5720.13
TX1005902,CUST1838,ACC113683,2024-04-01,Deposit,19681.57
TX1005903,CUST2427,ACC110198,2024-08-21,Deposit,14697.86
TX1005904,CUST2134,ACC147540,2024-11-29,Deposit,5106.96
TX1005905,CUST2478,ACC179061,2024-12-06,POS,2724.84
TX1005906,CUST2895,ACC143970,2024-06-03,Deposit,13948.29
TX1005907,CUST2494,ACC103676,2024-09-23,POS,16707.23
TX1005908,CUST2106,ACC131395,2024-02-23,Withdrawal,11582.19
TX1005909,CUST1543,ACC136989,2024-03-17,Bank Transfer,4992.47
TX1005910,CUST2352,ACC121333,2024-05-24,POS,3493.56
TX1005911,CUST1576,ACC170984,2024-03-31,Withdrawal,5644.65
TX1005912,CUST1609,ACC113954,2024-02-21,Deposit,8741.28
TX1005913,CUST1486,ACC108561,2024-02-16,POS,6550.56
TX1005914,CUST1196,ACC127775,2024-05-25,Withdrawal,9564.94
TX1005915,CUST1101,ACC178264,2024-01-12,DEPOSIT,3385.81
TX1005916,CUST1804,ACC101438,2024-10-12,Withdrawal,3362.9
TX1005917,CUST2170,ACC199158,2024-12-15,DEPOSIT,681.21
TX1005918,CUST2125,ACC140516,2024-07-21,Bank Transfer,4585.51
TX1005919,CUST2720,ACC124607,2024-11-16,,15954.16
TX1005920,CUST2005,ACC172311,2024-09-25,POS,19156.11
TX1005921,CUST1314,ACC126440,2024-03-12,Withdrawal,10149.87
TX1005922,CUST1111,ACC183674,2024-06-21,POS,4132.84
TX1005923,CUST1738,ACC104242,2024-01-05,BankTransfer,9247.32
TX1005924,CUST1007,ACC131501,2024-10-22,POS,2242.02
TX1005925,CUST1875,ACC135280,2024-12-06,Bank Transfer,7491.05
TX1005926,CUST1179,ACC111146,2024-06-16,POS,3622.93
TX1005927,CUST1603,ACC174727,2024-03-09,BankTransfer,5296.71
TX1005928,CUST2687,ACC174029,2024-03-17,POS,19727.41
TX1005929,CUST2355,ACC105881,2024-11-01,Deposit,11191.19
TX1005930,CUST2280,ACC173890,2024-05-26,Deposit,17881.29
TX1005931,CUST2229,ACC163413,2024-07-11,Withdrawal,11838.9
TX1005932,CUST1983,ACC105987,2024-03-06,Deposit,17807.87
TX1005933,CUST1408,ACC106297,2024-01-09,POS,14369.32
TX1005934,CUST1198,ACC141232,2024-10-29,Withdrawal,19074.8
TX1005935,CUST1052,ACC112217,2024-04-09,Deposit,6010.12
TX1005936,CUST1423,ACC140449,2024-12-24,Deposit,12070.97
TX1005937,CUST1349,ACC101111,2024-07-06,Withdrawal,19034.45
TX1005938,CUST2307,ACC146746,2024-06-28,pos,7688.02
TX1005939,CUST1597,ACC198524,2024-07-13,POS,14507.32
TX1005940,CUST1167,ACC137015,2024-02-03,Deposit,12502.57
TX1005941,CUST1969,ACC152184,2024-12-01,POS,1353.72
TX1005942,CUST2728,ACC165564,2024-01-01,POS,14140.31
TX1005943,CUST1236,ACC125543,2024-04-19,Bank Transfer,11683.7
TX1005944,CUST1631,ACC141218,2024-12-07,Withdrawal,6278.21
TX1005945,CUST2607,ACC198545,2024-10-18,Withdrawal,16331.83
TX1005946,CUST1814,ACC151202,2024-11-01,DEPOSIT,13139.66
TX1005947,CUST1964,ACC195117,2024-06-25,DEPOSIT,5871.19
TX1005948,CUST2001,ACC146640,2024-03-06,Pos Purchase,5977.56
TX1005949,CUST2832,ACC116976,2024-12-21,Withdrawal,5035.91
TX1005950,CUST2353,ACC192098,2024-10-25,Bank Transfer,6435.38
TX1005951,CUST1542,ACC188432,2024-09-11,BankTransfer,4772.75
TX1005952,CUST1186,ACC112763,2024-01-09,deposit,11687.73
TX1005953,CUST2314,ACC143426,2024-02-19,Deposit,613.14
TX1005954,CUST2114,ACC153383,2024-04-27,POS,1460.28
TX1005955,CUST1793,ACC197183,2024-08-20,deposit,7414.32
TX1005956,CUST1378,ACC166005,2024-03-01,POS,6070.15
TX1005957,CUST1759,ACC113238,2024-03-13,Deposit,3132.66
TX1005958,CUST2813,ACC165821,2024-05-21,Deposit,17522.16
TX1005959,CUST1781,ACC119685,2024-04-07,Bank Transfer,17077.75
TX1005960,CUST1756,ACC103104,2024-08-05,Deposit,10531.11
TX1005961,CUST1382,ACC176962,2024-07-02,Withdrawal,9915.35
TX1005962,CUST1912,ACC150084,2024-10-08,POS,7315.91
TX1005963,CUST1091,ACC162515,2024-06-16,Withdrawal,5120.36
TX1005964,CUST1539,ACC176855,2024-10-03,Bank Transfer,17812.68
TX1005965,CUST1900,ACC104903,2024-07-06,Bank Transfer,15751.39
TX1005966,CUST1952,ACC138026,2024-07-17,,10047.11
TX1005967,CUST1539,ACC121131,,Bank Transfer,9403.82
TX1005968,CUST1463,ACC119862,2024-03-07,Withdrawal,9766.48
TX1005969,CUST2714,ACC189440,2024-04-18,Bank Transfer,13752.99
TX1005970,CUST1550,ACC160700,2024-01-14,POS,15292.33
TX1005971,CUST2155,ACC110322,2024-05-12,Withdrawal,2507.45
TX1005972,CUST1126,ACC182044,2024-02-08,Deposit,13700.26
TX1005973,CUST1309,ACC112227,2024-03-20,Withdrawal,7521.25
TX1005974,CUST2540,ACC194170,2024-01-14,BankTransfer,18778.33
TX1005975,CUST2426,ACC130352,2024-03-13,Bank Transfer,
TX1005976,CUST2366,ACC128265,2024-09-03,Withdrawal,12325.15
TX1005977,CUST1198,ACC189320,2024-01-28,Withdrawal,15070.95
TX1005978,CUST1175,ACC185749,2024-08-04,BankTransfer,8476.15
TX1005979,CUST2368,ACC118463,2024-03-04,Bank Transfer,2873.62
TX1005980,CUST1704,ACC194182,2024-07-04,Bank Transfer,12837.18
TX1005981,CUST2655,ACC121108,2024-11-10,deposit,6880.81
TX1005982,CUST2108,ACC165748,2024-03-23,POS,898.78
TX1005983,CUST1847,ACC167672,2024-09-02,Bank Transfer,2572.21
TX1005984,CUST2988,ACC195514,2024-04-28,Deposit,10075.14
TX1005985,CUST2549,ACC179788,2024-10-12,Withdrawal,566.9
TX1005986,CUST2207,ACC185379,2024-09-10,Bank Transfer,15951.16
TX1005987,CUST1465,ACC168588,2024-05-22,Deposit,6198.65
TX1005988,CUST2133,ACC144749,2024-01-31,Bank Transfer,1543.59
TX1005989,CUST1124,ACC158652,2024-03-26,POS,9676.32
TX1005990,CUST2721,ACC117196,2024-11-02,POS,14224.6
TX1005991,CUST1792,ACC144436,2024-11-13,Withdrawal,16574.82
TX1005992,CUST2676,ACC138121,2024-02-01,Deposit,9910.79
TX1005993,CUST2070,ACC147227,2024-08-14,,5404.3
TX1005994,CUST1857,ACC181719,2024-02-13,Withdrawal,17013.8
TX1005995,CUST2977,ACC156479,2024-08-08,POS,867.43
TX1005996,CUST2096,ACC105244,2024-08-06,Deposit,4971.32
TX1005997,CUST2407,ACC193423,2024-10-29,Deposit,8277.97
TX1005998,CUST2775,ACC189505,2024-01-12,Bank Transfer,4438.99
TX1005999,CUST2917,ACC150807,2024-07-30,Withdrawal,5968.47
TX1006000,CUST1972,ACC131340,2024-04-26,WITHDRAWAL,14933.08
TX1006001,CUST2172,ACC127370,2024-03-07,Bank Transfer,11752.24
TX1006002,CUST2805,ACC180004,2024-03-05,POS,2558.78
TX1006003,CUST1482,ACC179544,2024-05-24,Deposit,13707.77
TX1006004,CUST1975,ACC109830,2024-09-28,withdrawal,1765.18
TX1006005,CUST1612,ACC119975,2024-11-28,,17706.0
TX1006006,CUST1161,ACC174304,2024-02-24,Bank Transfer,7007.5
TX1006007,CUST1808,ACC182285,2024-06-24,Withdrawal,6479.04
TX1006008,CUST2848,ACC165211,2024-06-12,Deposit,3557.96
TX1006009,CUST2748,ACC112767,2024-05-13,Bank Transfer,6912.77
TX1006010,CUST2462,ACC101958,2024-03-22,POS,12955.46
TX1006011,CUST1071,ACC118693,2024-12-16,Withdrawal,14353.98
TX1006012,CUST2028,ACC140572,2024-11-19,BankTransfer,14235.49
TX1006013,CUST2169,ACC171714,2024-11-24,Deposit,13336.13
TX1006014,CUST2844,ACC111425,2024-01-04,Deposit,4032.36
TX1006015,CUST2058,ACC165393,2024-04-23,POS,2518.79
TX1006016,CUST2639,ACC112335,2024-12-25,POS,11235.35
TX1006017,CUST2170,ACC159612,2024-12-29,Bank Transfer,7998.26
TX1006018,CUST2387,ACC141119,2024-05-26,Deposit,13748.45
TX1006019,CUST2270,ACC122245,2024-01-17,deposit,10047.44
TX1006020,CUST1301,ACC138745,2024-05-07,Deposit,18409.32
TX1006021,CUST1246,ACC121164,2024-01-31,Bank Transfer,19189.84
TX1006022,CUST2944,ACC108934,2024-03-04,pos,13604.3
TX1006023,CUST2550,ACC136715,2024-01-09,Withdrawal,8463.87
TX1006024,CUST1919,ACC175564,2024-11-11,Deposit,17691.39
TX1006025,CUST1354,ACC147622,2024-07-04,Deposit,10426.16
TX1006026,CUST2943,ACC146316,2024-07-26,Withdrawal,10166.73
TX1006027,CUST1342,ACC111695,2024-09-11,Deposit,6957.05
TX1006028,CUST2990,ACC109323,2024-10-15,POS,14856.88
TX1006029,CUST1433,ACC123486,2024-11-23,POS,2205.13
TX1006030,CUST2655,ACC193146,2024-08-19,Withdrawal,6508.77
TX1006031,CUST1394,ACC160390,2024-07-07,Bank Transfer,16718.66
TX1006032,CUST1258,ACC133809,2024-08-04,Deposit,13550.09
TX1006033,CUST1087,ACC162031,2024-06-06,POS,1628.21
TX1006034,CUST1867,ACC133557,2024-11-14,POS,8433.15
TX1006035,CUST1160,ACC157939,2024-02-03,Deposit,11197.96
TX1006036,CUST2399,ACC185235,2024-07-08,Deposit,11649.52
TX1006037,CUST1891,ACC118408,2024-08-14,Withdrawal,6037.31
TX1006038,CUST1413,ACC116248,2024-10-29,Withdrawal,872.54
TX1006039,CUST2684,ACC174545,2024-12-12,deposit,4797.88
TX1006040,CUST2284,ACC163997,2024-06-27,Withdrawal,18685.1
TX1006041,CUST1302,ACC105189,2024-07-09,deposit,4787.28
TX1006042,CUST2708,ACC147641,2024-05-25,POS,5025.17
TX1006043,CUST2218,ACC137568,2024-08-05,Deposit,12788.14
TX1006044,CUST1528,ACC152551,2024-03-29,POS,6839.29
TX1006045,CUST1654,ACC153612,2024-05-06,Withdrawal,17653.34
TX1006046,CUST2865,ACC181223,2024-05-08,Deposit,6278.54
TX1006047,CUST2489,ACC189205,2024-09-02,POS,13915.09
TX1006048,CUST2872,ACC116906,2024-02-24,Withdrawal,2340.18
TX1006049,CUST2653,ACC157780,2024-03-11,Bank Transfer,18131.18
TX1006050,CUST1137,ACC148068,2024-05-08,Deposit,4389.48
TX1006051,CUST1178,ACC167171,2024-08-24,Withdrawal,11744.38
TX1006052,CUST1794,ACC181871,2024-08-10,Bank Transfer,8312.37
TX1006053,CUST2139,ACC141110,2024-01-02,Withdrawal,3765.71
TX1006054,CUST1813,ACC148979,2024-02-26,Withdrawal,2642.66
TX1006055,CUST2130,ACC110943,2024-01-23,Withdrawal,18126.92
TX1006056,CUST1667,ACC189417,2024-10-11,,18622.82
TX1006057,CUST2754,ACC154158,2024-01-31,bank-transfer,10220.09
TX1006058,CUST1565,ACC166314,2024-03-01,Withdrawal,7470.12
TX1006059,CUST2064,ACC158994,2024-09-20,Deposit,12143.76
TX1006060,CUST1938,ACC134449,2024-03-03,deposit,1356.85
TX1006061,CUST2878,ACC189463,2024-01-20,Withdrawal,2581.9
TX1006062,CUST2788,ACC105593,2024-04-16,Withdrawal,18976.42
TX1006063,CUST1025,ACC181345,2024-01-14,bank-transfer,12828.37
TX1006064,CUST2610,ACC184392,2024-07-30,Bank Transfer,8598.84
TX1006065,CUST2434,ACC107478,2024-10-10,POS,11354.49
TX1006066,CUST2276,ACC197129,2024-04-27,Bank Transfer,16914.84
TX1006067,CUST2203,ACC132088,2024-02-21,Deposit,
TX1006068,CUST2070,ACC191717,2024-08-18,Deposit,11165.28
TX1006069,CUST2600,ACC173505,2024-07-23,Deposit,15198.63
TX1006070,CUST1859,ACC101041,2024-05-21,Bank Transfer,17548.34
TX1006071,CUST1230,ACC120258,2024-02-16,Bank Transfer,11598.88
TX1006072,CUST1848,ACC113801,2024-09-07,DEPOSIT,11073.39
TX1006073,CUST1306,ACC138097,2024-03-23,deposit,10516.63
TX1006074,CUST1303,ACC149259,2024-08-04,Bank Transfer,11425.66
TX1006075,CUST2160,ACC120736,2024-09-21,Bank Transfer,16547.27
TX1006076,CUST2204,ACC174728,2024-01-22,Withdrawal,12553.19
TX1006077,CUST2193,ACC152334,2024-10-05,Deposit,19808.14
TX1006078,CUST2553,ACC109565,2024-01-07,Withdrawal,14793.12
TX1006079,CUST2975,ACC129235,2024-09-21,Bank Transfer,1714.64
TX1006080,CUST2924,ACC150885,2024-02-19,Withdrawal,8502.9
TX1006081,CUST1205,ACC160591,2024-12-09,Bank Transfer,4497.09
TX1006082,CUST2894,ACC187706,2024-07-06,Deposit,6956.61
TX1006083,CUST1216,ACC112255,2024-08-17,Bank Transfer,9898.27
TX1006084,CUST2152,ACC145735,2024-02-24,POS,1028.5
TX1006085,CUST2596,ACC161063,2024-03-16,POS,14175.34
TX1006086,CUST1206,ACC161405,2024-10-30,bank-transfer,7779.74
TX1006087,CUST2609,ACC184211,2024-01-16,Deposit,17502.32
TX1006088,CUST1585,ACC170138,2024-02-25,POS,19784.68
TX1006089,CUST2776,ACC160929,2024-06-24,POS,3616.81
TX1006090,CUST2096,ACC114302,2024-12-26,Deposit,6957.42
TX1006091,CUST2802,ACC111248,2024-02-01,Bank Transfer,11272.34
TX1006092,CUST1704,ACC123628,2024-08-25,pos,1580.84
TX1006093,CUST2797,ACC195915,2024-02-13,pos,5016.29
TX1006094,CUST1841,ACC114201,2024-04-10,withdrawal,4708.86
TX1006095,CUST1540,ACC152028,2024-09-17,Bank Transfer,18826.42
TX1006096,CUST1784,ACC156769,2024-01-22,Deposit,2691.52
TX1006097,CUST2341,ACC126145,2024-07-28,Bank Transfer,5638.53
TX1006098,CUST1994,ACC152628,2024-08-19,POS,11732.34
TX1006099,CUST2171,ACC143086,2024-02-22,Bank Transfer,14372.61
TX1006100,CUST2247,ACC108450,2024-05-06,Deposit,209.53
TX1006101,CUST1968,ACC141587,2024-01-28,Deposit,9762.27
TX1006102,CUST1076,ACC144882,2024-08-24,Withdrawal,4083.95
TX1006103,CUST1352,ACC179215,2024-12-30,,2167.3
TX1006104,CUST1564,ACC163739,2024-04-27,Deposit,12122.71
TX1006105,CUST1825,ACC127870,2024-06-19,Bank Transfer,11417.65
TX1006106,CUST1294,ACC192050,2024-02-10,Bank Transfer,10053.17
TX1006107,CUST2266,ACC197161,2024-01-25,Withdrawal,8510.69
TX1006108,CUST2246,ACC162419,2024-05-27,deposit,9339.15
TX1006109,CUST2394,ACC114984,2024-07-03,Bank Transfer,13646.67
TX1006110,CUST2420,ACC136487,2024-09-28,Deposit,349.42
TX1006111,CUST1822,ACC159582,2024-05-21,,10488.07
TX1006112,CUST1079,ACC105017,2024-09-08,Withdrawal,13350.47
TX1006113,CUST1810,ACC171444,2024-06-02,POS,4532.18
TX1006114,CUST2821,ACC120413,2024-04-12,Deposit,7772.25
TX1006115,CUST2800,ACC161599,2024-07-24,WITHDRAWAL,8407.02
TX1006116,CUST1678,ACC119072,2024-03-30,Deposit,3006.62
TX1006117,CUST2414,ACC183914,2024-02-28,BankTransfer,3861.04
TX1006118,CUST1486,ACC127979,2024-12-26,pos,8270.43
TX1006119,CUST1100,ACC141967,2024-04-10,POS,6972.48
TX1006120,CUST2527,ACC174475,2024-01-13,Bank Transfer,9414.29
TX1006121,CUST1973,ACC104105,2024-01-09,Bank Transfer,12827.05
TX1006122,CUST2885,ACC178784,2024-10-16,Withdrawal,7062.18
TX1006123,CUST1550,ACC149844,2024-08-10,Withdrawal,9100.93
TX1006124,CUST2837,ACC108178,2024-04-03,Deposit,7837.94
TX1006125,CUST1762,ACC147381,2024-06-27,Withdrawal,14630.9
TX1006126,CUST1041,ACC156375,2024-09-29,Withdrawal,3332.36
TX1006127,CUST1691,ACC162050,2024-09-27,POS,12163.64
TX1006128,CUST2674,ACC127973,2024-12-12,BankTransfer,6194.67
TX1006129,CUST2625,ACC107088,2024-06-30,withdrawal,1307.03
TX1006130,CUST1620,ACC127720,2024-08-16,POS,15987.19
TX1006131,CUST1636,ACC103007,2024-08-06,POS,17598.65
TX1006132,CUST1574,ACC199433,2024-12-26,Pos Purchase,16763.54
TX1006133,CUST2726,ACC189610,2024-08-07,Withdrawal,14201.61
TX1006134,CUST2006,ACC155433,2024-11-01,Deposit,4349.59
TX1006135,CUST2757,ACC135369,2024-05-09,Withdrawal,14892.41
TX1006136,CUST2425,ACC133039,2024-09-11,Withdrawal,9380.79
TX1006137,CUST2402,ACC183320,2024-01-16,BankTransfer,379.14
TX1006138,CUST1201,ACC123082,2024-04-14,Deposit,15050.42
TX1006139,CUST2991,ACC110956,2024-03-02,Bank Transfer,6177.67
TX1006140,CUST2779,ACC118577,2024-10-14,Deposit,10479.98
TX1006141,CUST1466,ACC109077,2024-01-03,withdrawal,14191.87
TX1006142,CUST1275,ACC135901,2024-06-19,Withdrawal,6099.07
TX1006143,CUST1615,ACC153093,2024-04-11,Deposit,13898.34
TX1006144,CUST2995,ACC110709,2024-12-09,Withdrawal,7624.93
TX1006145,CUST2523,ACC139103,2024-04-12,Bank Transfer,
TX1006146,CUST1907,ACC193350,2024-11-06,Withdrawal,6504.29
TX1006147,CUST2585,ACC159168,2024-07-25,Bank Transfer,13673.38
TX1006148,CUST2691,ACC155013,2024-03-21,Withdrawal,4593.07
TX1006149,CUST1657,ACC168783,2024-08-13,WITHDRAWAL,6837.4
TX1006150,CUST1551,ACC128063,2024-05-10,withdrawal,8269.02
TX1006151,CUST2492,ACC187771,2024-08-11,WITHDRAWAL,2327.56
TX1006152,CUST1853,ACC134006,2024-07-20,POS,10301.89
TX1006153,CUST2238,ACC124127,2024-08-11,Withdrawal,15058.39
TX1006154,CUST2322,ACC107044,2024-03-17,Withdrawal,267.21
TX1006155,CUST1182,ACC112116,2024-02-10,Bank Transfer,4864.27
TX1006156,CUST1384,ACC156168,2024-06-29,Bank Transfer,19512.15
TX1006157,CUST1904,ACC144829,2024-10-26,Withdrawal,76.08
TX1006158,CUST1432,ACC198720,2024-02-02,Withdrawal,16862.94
TX1006159,CUST2870,ACC138915,2024-09-25,Bank Transfer,17140.38
TX1006160,CUST2687,ACC121565,2024-05-03,Withdrawal,13455.26
TX1006161,CUST1833,ACC126031,2024-03-11,Withdrawal,14400.29
TX1006162,CUST2517,ACC145780,2024-12-24,Bank Transfer,6597.01
TX1006163,CUST1992,ACC154932,2024-08-31,Deposit,13327.27
TX1006164,CUST2555,ACC163127,2024-01-10,POS,8267.45
TX1006165,CUST2057,ACC162324,2024-01-17,deposit,2783.42
TX1006166,CUST2776,ACC170189,2024-01-30,Deposit,-1351.48
TX1006167,CUST1765,ACC190286,2024-05-16,Bank Transfer,6703.47
TX1006168,CUST2681,ACC121061,2024-07-25,POS,18370.39
TX1006169,CUST1115,ACC191316,2024-07-31,Bank Transfer,19355.78
TX1006170,CUST2055,ACC157250,2024-08-05,Deposit,17493.68
TX1006171,CUST2620,ACC146490,2024-02-21,Pos Purchase,14206.32
TX1006172,CUST1325,ACC190819,2024-06-08,Bank Transfer,1886.81
TX1006173,CUST1134,ACC174752,2024-06-18,Bank Transfer,18603.05
TX1006174,CUST1637,ACC151005,2024-11-16,Withdrawal,10055.31
TX1006175,CUST2453,ACC101301,2024-10-28,Bank Transfer,1581.26
TX1006176,CUST2037,ACC173519,2024-01-13,Withdrawal,9693.69
TX1006177,CUST1826,ACC178266,2024-02-04,Withdrawal,12061.9
TX1006178,CUST1277,ACC126025,2024-02-29,DEPOSIT,-16192.69
TX1006179,CUST2598,ACC110198,2024-01-26,Withdrawal,4189.87
TX1006180,CUST2743,ACC194728,2024-08-16,Bank Transfer,7832.23
TX1006181,CUST2073,ACC187551,2024-10-28,Bank Transfer,7704.91
TX1006182,CUST2800,ACC175823,2024-09-05,DEPOSIT,4578.42
TX1006183,CUST2164,ACC180807,2024-12-07,Withdrawal,13022.12
TX1006184,CUST1059,ACC118955,2024-08-27,DEPOSIT,18770.86
TX1006185,CUST1355,ACC142432,2024-03-04,Withdrawal,-6081.33
TX1006186,CUST1394,ACC187040,2024-05-09,Bank Transfer,3511.99
TX1006187,CUST2792,ACC196253,2024-01-20,pos,1482.02
TX1006188,CUST2705,ACC197365,2024-01-11,Bank Transfer,4932.8
TX1006189,CUST1411,ACC196563,2024-12-01,withdrawal,8288.77
TX1006190,CUST2714,ACC196092,2024-05-14,Bank Transfer,16982.51
TX1006191,CUST1118,ACC141486,2024-10-26,Bank Transfer,11634.43
TX1006192,CUST1510,ACC101859,2024-04-30,POS,5604.82
TX1006193,CUST1067,ACC119727,2024-10-05,Deposit,213.32
TX1006194,CUST1934,ACC160117,2024-10-09,Withdrawal,4029.02
TX1006195,CUST1103,ACC119331,2024-02-04,POS,13680.53
TX1006196,CUST2880,ACC165463,2024-10-15,POS,12226.1
TX1006197,CUST1738,ACC141472,2024-12-24,Bank Transfer,14345.34
TX1006198,CUST2443,ACC114890,2024-12-28,Bank Transfer,13360.18
TX1006199,CUST1407,ACC188335,2024-11-19,Withdrawal,12028.34
TX1006200,CUST1561,ACC153265,2024-12-22,Bank Transfer,19757.9
TX1006201,CUST1754,ACC134446,2024-05-18,bank-transfer,627.02
TX1006202,CUST2686,ACC168248,2024-10-20,POS,4506.05
TX1006203,CUST1950,ACC194671,2024-01-02,,7230.93
TX1006204,CUST2034,ACC100481,2024-06-10,BankTransfer,6907.27
TX1006205,CUST1812,ACC159055,2024-05-07,Deposit,13773.02
TX1006206,CUST2301,ACC116478,2024-12-07,Bank Transfer,13329.23
TX1006207,CUST2890,ACC183138,2024-12-28,deposit,2162.04
TX1006208,CUST1253,ACC158894,2024-02-03,Deposit,4025.37
TX1006209,CUST2395,ACC183744,2024-06-11,Deposit,14212.77
TX1006210,CUST1062,ACC175809,2024-03-29,DEPOSIT,14795.39
TX1006211,CUST1495,ACC112772,2024-01-22,BankTransfer,2531.63
TX1006212,CUST1762,ACC104782,2024-05-10,Bank Transfer,13788.58
TX1006213,CUST2001,ACC128655,2024-11-08,pos,19057.55
TX1006214,CUST2216,ACC197741,2024-11-07,POS,6607.15
TX1006215,CUST1913,ACC124596,2024-09-13,deposit,9038.04
TX1006216,CUST1363,ACC155073,2024-01-20,Withdrawal,1971.89
TX1006217,CUST2967,ACC191284,2024-10-28,DEPOSIT,12630.88
TX1006218,CUST2782,ACC171576,2024-06-01,withdrawal,958.25
TX1006219,CUST1971,ACC121771,2024-11-27,POS,16126.7
TX1006220,CUST2201,ACC178766,2024-11-02,deposit,15675.62
TX1006221,CUST2129,ACC149487,2024-09-11,BankTransfer,4998.0
TX1006222,CUST1716,ACC128329,2024-07-21,POS,7389.38
TX1006223,CUST1705,ACC145624,2024-11-06,POS,10031.49
TX1006224,CUST1334,ACC127494,2024-09-27,Bank Transfer,11113.42
TX1006225,CUST2715,ACC125055,2024-09-09,POS,9127.07
TX1006226,CUST2831,ACC189080,2024-11-23,BankTransfer,1350.51
TX1006227,CUST1529,ACC175607,2024-04-24,bank-transfer,14023.17
TX1006228,CUST2533,ACC101883,2024-11-27,Deposit,15459.64
TX1006229,CUST2701,ACC148530,2024-02-03,POS,6601.96
TX1006230,CUST2410,ACC147683,2024-04-11,Deposit,5687.93
TX1006231,CUST1185,ACC102122,2024-08-25,deposit,17087.78
TX1006232,CUST1583,ACC139576,2024-10-29,Deposit,5849.28
TX1006233,CUST1056,ACC140234,2024-08-12,WITHDRAWAL,10840.8
TX1006234,CUST1791,ACC165809,2024-12-16,Bank Transfer,1454.26
TX1006235,CUST1101,ACC116350,2024-03-02,POS,7117.24
TX1006236,CUST1333,ACC191660,2024-07-31,Deposit,15988.45
TX1006237,CUST2748,ACC165422,2024-07-14,,11991.87
TX1006238,CUST2171,ACC185054,2024-11-04,,10111.58
TX1006239,CUST2597,ACC159768,2024-10-11,Withdrawal,10158.49
TX1006240,CUST2976,ACC154270,2024-05-29,Bank Transfer,17990.23
TX1006241,CUST1438,ACC153790,2024-02-22,Withdrawal,18187.37
TX1006242,CUST2755,ACC146101,2024-07-29,Deposit,18139.63
TX1006243,CUST1453,ACC146165,2024-07-14,Bank Transfer,1486.0
TX1006244,CUST2325,ACC171102,2024-02-20,DEPOSIT,2424.87
TX1006245,CUST1461,ACC155816,2024-03-17,POS,11746.16
TX1006246,CUST2387,ACC168572,2024-04-20,Bank Transfer,8839.93
TX1006247,CUST1423,ACC144017,2024-09-05,POS,8278.98
TX1006248,CUST1551,ACC114860,2024-05-26,Deposit,11491.14
TX1006249,CUST2334,ACC123044,2024-01-26,Bank Transfer,4929.38
TX1006250,CUST1838,ACC160138,2024-09-05,Deposit,14520.39
TX1006251,CUST2051,ACC156149,2024-09-02,Bank Transfer,8170.11
TX1006252,CUST1041,ACC148905,2024-10-19,POS,7047.45
TX1006253,CUST2770,ACC123186,2024-05-16,POS,8284.48
TX1006254,CUST2598,ACC172450,2024-05-07,Deposit,6934.11
TX1006255,CUST2980,ACC177973,2024-04-29,pos,10167.8
TX1006256,CUST2571,ACC121319,2024-03-30,bank-transfer,19902.44
TX1006257,CUST2397,ACC171141,2024-06-14,POS,19176.55
TX1006258,CUST1018,ACC157131,2024-08-11,Withdrawal,14065.73
TX1006259,CUST1970,ACC150012,2024-04-03,Bank Transfer,16101.08
TX1006260,CUST2866,ACC137359,2024-04-17,Withdrawal,7740.71
TX1006261,CUST1270,ACC186455,2024-12-18,Deposit,16795.23
TX1006262,CUST2325,ACC190249,2024-09-20,Deposit,13113.69
TX1006263,CUST1354,ACC189165,2024-12-08,Withdrawal,13134.41
TX1006264,CUST2231,ACC157343,2024-10-29,Bank Transfer,14171.61
TX1006265,CUST2640,ACC183113,2024-10-31,POS,11275.43
TX1006266,CUST1017,ACC137125,2024-05-28,Bank Transfer,16293.95
TX1006267,CUST1458,ACC192024,2024-10-25,Deposit,17788.51
TX1006268,CUST1516,ACC181313,2024-10-18,bank-transfer,19140.25
TX1006269,CUST2245,ACC113005,2024-02-28,POS,11258.84
TX1006270,CUST2648,ACC111484,2024-11-08,Deposit,11242.36
TX1006271,CUST2931,ACC113606,2024-08-16,Bank Transfer,5278.17
TX1006272,CUST1625,ACC111749,2024-01-08,POS,15576.13
TX1006273,CUST2459,ACC185147,2024-02-04,Pos Purchase,3802.34
TX1006274,CUST2980,ACC102153,2024-12-30,bank-transfer,17050.62
TX1006275,CUST2452,ACC180774,2024-05-15,POS,16289.81
TX1006276,CUST2316,ACC153907,2024-03-25,Deposit,14809.67
TX1006277,CUST1563,ACC113588,2024-08-08,Bank Transfer,6403.6
TX1006278,CUST1867,ACC165064,2024-12-04,Deposit,9610.36
TX1006279,CUST2833,ACC198296,2024-03-12,BankTransfer,16177.66
TX1006280,CUST1771,ACC198530,2024-01-14,Bank Transfer,8191.49
TX1006281,CUST2744,ACC181766,2024-04-19,Withdrawal,7907.81
TX1006282,CUST1714,ACC171399,2024-08-27,BankTransfer,14439.38
TX1006283,CUST1940,ACC113068,2024-01-27,Deposit,4761.89
TX1006284,CUST1516,ACC183037,2024-09-20,POS,10851.22
TX1006285,CUST1446,ACC158209,2024-08-23,Withdrawal,16886.38
TX1006286,CUST1955,ACC165976,2024-10-03,Bank Transfer,6871.79
TX1006287,CUST1618,ACC176183,2024-03-28,POS,6805.33
TX1006288,CUST2386,ACC104277,2024-02-24,Deposit,15541.11
TX1006289,CUST2066,ACC187518,2024-02-15,Bank Transfer,19132.75
TX1006290,CUST2688,ACC137998,2024-07-29,Deposit,18313.48
TX1006291,CUST2277,ACC155134,2024-01-29,Withdrawal,14143.61
TX1006292,CUST1813,ACC127770,2024-03-22,Withdrawal,11656.58
TX1006293,CUST2197,ACC129213,2024-12-04,Withdrawal,1817.18
TX1006294,CUST1209,ACC159589,2024-12-06,Withdrawal,7356.41
TX1006295,CUST1015,ACC172297,2024-12-03,Bank Transfer,6940.11
TX1006296,CUST2047,ACC149948,2024-01-15,deposit,8011.58
TX1006297,CUST2356,ACC115007,2024-11-18,DEPOSIT,8877.56
TX1006298,CUST2979,ACC125632,2024-12-04,Withdrawal,3758.29
TX1006299,CUST2727,ACC161548,2024-11-17,POS,18922.33
TX1006300,CUST2719,ACC116310,2024-05-12,Deposit,11290.77
TX1006301,CUST1766,ACC145955,2024-02-18,pos,13026.94
TX1006302,CUST2149,ACC160810,2024-10-06,POS,14827.53
TX1006303,CUST2325,ACC154124,2024-02-12,Withdrawal,15282.4
TX1006304,CUST2216,ACC184523,2024-04-30,WITHDRAWAL,19185.88
TX1006305,CUST2247,ACC192253,2024-07-08,Bank Transfer,15138.29
TX1006306,CUST1578,ACC197144,2024-12-16,POS,15134.73
TX1006307,CUST1611,ACC151879,2024-12-25,Deposit,7678.63
TX1006308,CUST2401,ACC100996,2024-11-10,POS,315.15
TX1006309,CUST1221,ACC149105,2024-10-19,Withdrawal,2349.28
TX1006310,CUST1986,ACC129351,2024-09-19,Bank Transfer,15606.14
TX1006311,CUST1130,ACC166527,2024-10-31,Bank Transfer,1748.34
TX1006312,CUST1688,ACC137172,2024-09-15,,12745.98
TX1006313,CUST1566,ACC135076,2024-10-26,Deposit,623.51
TX1006314,CUST2311,ACC186334,2024-08-17,Deposit,7663.4
TX1006315,CUST1665,ACC134668,2024-03-16,Deposit,11242.8
TX1006316,CUST2764,ACC140291,2024-02-27,POS,6550.31
TX1006317,CUST1567,ACC154357,2024-02-12,Withdrawal,4602.52
TX1006318,CUST1534,ACC188250,2024-08-15,POS,696.41
TX1006319,CUST2343,ACC131661,2024-01-12,POS,10625.75
TX1006320,CUST2456,ACC100544,2024-10-02,Withdrawal,10702.81
TX1006321,CUST2950,ACC154336,2024-09-14,Deposit,19904.97
TX1006322,CUST2827,ACC104282,2024-11-16,Withdrawal,8772.43
TX1006323,CUST2334,ACC102035,2024-10-27,Deposit,24.33
TX1006324,CUST1611,ACC103440,2024-05-28,Bank Transfer,2805.69
TX1006325,CUST1385,ACC120103,2024-12-04,Bank Transfer,18048.6
TX1006326,CUST1307,ACC149074,2024-09-17,Withdrawal,18064.63
TX1006327,CUST2059,ACC168021,2024-01-16,withdrawal,18529.06
TX1006328,CUST2567,ACC197156,,POS,14242.0
TX1006329,CUST1492,ACC178636,2024-10-06,Bank Transfer,
TX1006330,CUST2842,ACC141611,2024-07-23,POS,10987.16
TX1006331,CUST1116,ACC143920,2024-05-13,POS,18870.62
TX1006332,CUST2649,ACC122336,2024-06-04,Withdrawal,3167.29
TX1006333,CUST2755,ACC174997,2024-09-30,Withdrawal,15169.45
TX1006334,CUST2643,ACC156363,2024-03-11,deposit,11561.03
TX1006335,CUST2658,ACC131697,2024-03-23,Bank Transfer,8544.2
TX1006336,CUST2228,ACC172841,,POS,17050.02
TX1006337,CUST1827,ACC151296,2024-08-19,Withdrawal,8577.92
TX1006338,CUST2352,ACC125252,2024-07-01,Deposit,4404.59
TX1006339,CUST1654,ACC180775,2024-09-24,Withdrawal,3286.2
TX1006340,CUST2394,ACC184467,2024-09-19,DEPOSIT,358.87
TX1006341,CUST1286,ACC151552,2024-04-29,Withdrawal,12940.89
TX1006342,CUST2477,ACC106760,2024-10-19,Deposit,4478.67
TX1006343,CUST1052,ACC175740,2024-08-13,,15489.15
TX1006344,CUST2342,ACC156243,2024-09-16,Bank Transfer,10070.71
TX1006345,CUST2018,ACC116891,2024-07-10,Withdrawal,19738.67
TX1006346,CUST1605,ACC183397,2024-08-12,deposit,7512.95
TX1006347,CUST1531,ACC151172,2024-01-06,POS,8416.34
TX1006348,CUST2857,ACC195435,2024-10-03,POS,29.22
TX1006349,CUST1857,ACC122769,2024-03-29,Withdrawal,12815.58
TX1006350,CUST1828,ACC152837,2024-02-01,Withdrawal,11590.31
TX1006351,CUST1795,ACC141697,2024-01-14,Deposit,13933.42
TX1006352,CUST2508,ACC167800,2024-05-12,Withdrawal,6956.66
TX1006353,CUST1072,ACC120767,2024-10-03,Withdrawal,13190.46
TX1006354,CUST2194,ACC157331,2024-01-24,Withdrawal,6526.27
TX1006355,CUST2450,ACC130273,2024-08-02,bank-transfer,16112.52
TX1006356,CUST2171,ACC113051,2024-08-30,Bank Transfer,16781.48
TX1006357,CUST2671,ACC193064,2024-06-12,POS,16931.81
TX1006358,CUST1388,ACC116558,2024-08-30,bank-transfer,11783.18
TX1006359,CUST1702,ACC166093,2024-12-07,Deposit,9787.48
TX1006360,CUST2487,ACC115515,2024-02-17,POS,689.01
TX1006361,CUST2460,ACC182764,2024-04-02,Deposit,5220.19
TX1006362,CUST1455,ACC175619,2024-04-06,POS,16375.83
TX1006363,CUST2405,ACC151381,2024-07-13,Withdrawal,4032.52
TX1006364,CUST2094,ACC199899,2024-10-15,Bank Transfer,4887.33
TX1006365,CUST2307,ACC182223,2024-02-13,Deposit,7855.48
TX1006366,CUST2607,ACC134108,2024-06-02,Bank Transfer,14518.81
TX1006367,CUST1974,ACC172470,2024-10-31,Bank Transfer,122.7
TX1006368,CUST2856,ACC120847,2024-07-25,Bank Transfer,18926.0
TX1006369,CUST2926,ACC142258,2024-02-16,DEPOSIT,19891.4
TX1006370,CUST2375,ACC126707,2024-11-27,deposit,5418.22
TX1006371,CUST1734,ACC112223,2024-12-08,POS,8519.88
TX1006372,CUST2038,ACC112224,2024-02-13,Withdrawal,54997.65
TX1006373,CUST1614,ACC103360,2024-03-21,POS,10658.27
TX1006374,CUST2731,ACC157333,2024-09-18,Withdrawal,14927.81
TX1006375,CUST1348,ACC101512,2024-09-12,POS,4829.33
TX1006376,CUST2721,ACC182430,2024-12-11,Withdrawal,13225.02
TX1006377,CUST2346,ACC177763,2024-10-29,bank-transfer,15103.51
TX1006378,CUST2795,ACC120060,2024-05-18,POS,10354.51
TX1006379,CUST2143,ACC103646,2024-03-25,Pos Purchase,10057.25
TX1006380,CUST1370,ACC181015,2024-11-03,Deposit,10680.66
TX1006381,CUST1601,ACC192743,2024-12-09,POS,1172.09
TX1006382,CUST1199,ACC171260,2024-08-04,POS,3224.95
TX1006383,CUST1964,ACC110324,2024-10-13,Bank Transfer,4254.78
TX1006384,CUST1262,ACC174946,2024-09-15,POS,1899.45
TX1006385,CUST2517,ACC150122,2024-03-18,BankTransfer,19352.57
TX1006386,CUST1529,ACC103314,2024-08-25,Bank Transfer,16018.07
TX1006387,CUST2485,ACC197299,2024-07-19,Bank Transfer,8454.21
TX1006388,CUST2655,ACC196229,2024-10-23,Withdrawal,17645.13
TX1006389,CUST2144,ACC117111,2024-12-09,Bank Transfer,2564.32
TX1006390,CUST2562,ACC159468,2024-09-01,Bank Transfer,5449.72
TX1006391,CUST2869,ACC183160,2024-12-06,,9911.8
TX1006392,CUST1374,ACC182772,2024-11-21,Bank Transfer,10172.74
TX1006393,CUST2939,ACC146939,2024-01-26,Withdrawal,983.59
TX1006394,CUST2392,ACC124452,2024-05-16,deposit,662.98
TX1006395,CUST2842,ACC131420,2024-01-23,POS,6562.31
TX1006396,CUST1687,ACC185527,2024-10-28,Bank Transfer,1044.46
TX1006397,CUST2340,ACC129065,2024-06-30,Deposit,292.44
TX1006398,CUST1182,ACC138918,2024-04-27,Withdrawal,1821.56
TX1006399,CUST1455,ACC125405,2024-12-31,POS,5884.68
TX1006400,CUST1727,ACC170178,2024-03-01,POS,2451.78
TX1006401,CUST1457,ACC132145,2024-05-12,POS,6316.52
TX1006402,CUST2524,ACC195199,2024-02-15,Withdrawal,15751.36
TX1006403,CUST2784,ACC149559,2024-10-24,withdrawal,15373.64
TX1006404,CUST1628,ACC134141,2024-08-04,withdrawal,269.79
TX1006405,CUST1861,ACC186410,2024-02-27,Deposit,521.25
TX1006406,CUST2614,ACC106782,2024-06-30,bank-transfer,18328.13
TX1006407,CUST2816,ACC136040,2024-08-06,Withdrawal,13433.74
TX1006408,CUST1678,ACC110874,2024-01-23,Deposit,19323.86
TX1006409,CUST1761,ACC118844,2024-09-10,POS,18505.08
TX1006410,CUST1533,ACC182239,2024-10-09,pos,9020.39
TX1006411,CUST2199,ACC103033,2024-11-24,POS,10385.86
TX1006412,CUST1602,ACC183674,2024-05-07,Bank Transfer,18764.31
TX1006413,CUST1949,ACC175937,2024-03-31,Deposit,5160.09
TX1006414,CUST2743,ACC113555,2024-09-06,Bank Transfer,8826.15
TX1006415,CUST1241,ACC114540,2024-05-25,POS,15167.94
TX1006416,CUST1963,ACC160178,2024-12-11,bank-transfer,4643.53
TX1006417,CUST1109,ACC178105,2024-12-19,Withdrawal,6187.51
TX1006418,CUST2774,ACC116080,2024-10-10,Deposit,9927.98
TX1006419,CUST2299,ACC114034,2024-10-12,Deposit,4887.79
TX1006420,CUST2195,ACC118590,2024-04-24,Deposit,8043.68
TX1006421,CUST2188,ACC137022,2024-06-19,Bank Transfer,11453.38
TX1006422,CUST2933,ACC134340,2024-07-12,POS,16407.42
TX1006423,CUST2271,ACC123675,2024-06-30,bank-transfer,12728.18
TX1006424,CUST1145,ACC112160,2024-02-24,Withdrawal,658.33
TX1006425,CUST1967,ACC110142,2024-08-23,Deposit,12091.61
TX1006426,CUST2821,ACC164781,2024-10-24,,2101.64
TX1006427,CUST1398,ACC147369,2024-12-03,Deposit,2155.18
TX1006428,CUST2024,ACC127259,2024-12-09,Deposit,10627.27
TX1006429,CUST1245,ACC151222,2024-11-24,Bank Transfer,18926.85
TX1006430,CUST2776,ACC113195,2024-07-22,Deposit,7565.48
TX1006431,CUST2394,ACC164361,2024-04-03,POS,1362.99
TX1006432,CUST1781,ACC102877,2024-05-29,Bank Transfer,4388.51
TX1006433,CUST2085,ACC154230,2024-11-23,POS,2193.12
TX1006434,CUST1611,ACC109643,2024-01-24,bank-transfer,19181.54
TX1006435,CUST1846,ACC163768,2024-11-05,Withdrawal,7009.55
TX1006436,CUST1110,ACC182009,2024-08-03,Withdrawal,2525.79
TX1006437,CUST2783,ACC110002,2024-12-25,Bank Transfer,13209.31
TX1006438,CUST2749,ACC127563,2024-11-23,Bank Transfer,12751.65
TX1006439,CUST1308,ACC190090,2024-05-24,Bank Transfer,13098.37
TX1006440,CUST1281,ACC155038,2024-11-08,bank-transfer,14197.44
TX1006441,CUST1410,ACC149185,2024-07-11,Bank Transfer,7175.65
TX1006442,CUST1701,ACC141102,2024-07-15,POS,1364.6
TX1006443,CUST1838,ACC183040,2024-10-06,Bank Transfer,1740.87
TX1006444,CUST2166,ACC159097,2024-05-07,Withdrawal,18060.79
TX1006445,CUST2828,ACC121116,2024-05-15,Bank Transfer,13127.75
TX1006446,CUST2856,ACC123567,2024-11-09,Withdrawal,3934.42
TX1006447,CUST1937,ACC139158,2024-08-07,Withdrawal,7073.92
TX1006448,CUST1293,ACC101329,2024-01-14,withdrawal,6011.63
TX1006449,CUST1647,ACC123419,2024-05-16,BankTransfer,14962.3
TX1006450,CUST2766,ACC186463,2024-08-19,,11560.69
TX1006451,CUST2465,ACC174356,2024-09-18,Deposit,3329.38
TX1006452,CUST1369,ACC182734,2024-06-08,Pos Purchase,11552.48
TX1006453,CUST2595,ACC179515,2024-03-18,Deposit,1270.44
TX1006454,CUST1165,ACC104122,2024-02-03,Bank Transfer,3637.01
TX1006455,CUST1998,ACC115362,2024-08-15,deposit,11298.69
TX1006456,CUST1681,ACC144932,2024-01-06,Deposit,12432.74
TX1006457,CUST2292,ACC145453,2024-03-19,Deposit,14769.23
TX1006458,CUST1362,ACC163427,2024-10-14,Deposit,11796.65
TX1006459,CUST1641,ACC180478,2024-06-22,Deposit,14576.67
TX1006460,CUST2299,ACC178642,2024-02-22,Withdrawal,4573.1
TX1006461,CUST1118,ACC171628,2024-07-16,Bank Transfer,15434.28
TX1006462,CUST1009,ACC100657,2024-03-13,Pos Purchase,4945.58
TX1006463,CUST1925,ACC120760,2024-03-22,POS,10849.41
TX1006464,CUST1560,ACC168386,2024-07-01,deposit,8958.69
TX1006465,CUST1428,ACC197215,2024-10-23,Deposit,8380.57
TX1006466,CUST2558,ACC133357,2024-05-04,POS,9370.52
TX1006467,CUST2584,ACC115937,2024-11-18,Bank Transfer,17053.16
TX1006468,CUST1345,ACC125276,2024-07-27,Deposit,735.11
TX1006469,CUST2180,ACC179444,2024-05-20,Deposit,
TX1006470,CUST2565,ACC103873,2024-10-04,Deposit,16629.5
TX1006471,CUST1324,ACC170248,2024-10-06,DEPOSIT,16832.45
TX1006472,CUST2002,ACC103019,2024-03-05,Withdrawal,10476.53
TX1006473,CUST2608,ACC167894,2024-01-01,withdrawal,18758.99
TX1006474,CUST2563,ACC167075,2024-09-14,Bank Transfer,17926.49
TX1006475,CUST2596,ACC199740,2024-10-20,Deposit,16752.23
TX1006476,CUST1180,ACC119968,2024-04-23,POS,17885.93
TX1006477,CUST1265,ACC128351,2024-05-16,Deposit,15624.18
TX1006478,CUST2258,ACC147826,2024-09-30,POS,16630.65
TX1006479,CUST1888,ACC115045,2024-07-23,Bank Transfer,343.74
TX1006480,CUST2297,ACC128437,2024-09-29,POS,4256.92
TX1006481,CUST1879,ACC103866,2024-12-22,POS,12241.76
TX1006482,CUST1826,ACC142931,2024-09-13,Pos Purchase,19475.74
TX1006483,CUST1878,ACC118161,2024-04-26,Deposit,11006.76
TX1006484,CUST2976,ACC128804,2024-11-10,POS,10679.72
TX1006485,CUST1977,ACC110937,2024-01-22,POS,5742.53
TX1006486,CUST1785,ACC195386,2024-08-11,Pos Purchase,13385.73
TX1006487,CUST1009,ACC190649,2024-03-11,Bank Transfer,13053.0
TX1006488,CUST1077,ACC116591,2024-05-12,POS,436.73
TX1006489,CUST2093,ACC135073,2024-07-21,POS,2007.4
TX1006490,CUST1408,ACC135870,2024-09-02,POS,3939.09
TX1006491,CUST2496,ACC163120,2024-03-18,bank-transfer,4783.98
TX1006492,CUST1764,ACC126114,2024-09-26,Withdrawal,13814.71
TX1006493,CUST2945,ACC112054,2024-08-15,withdrawal,11373.8
TX1006494,CUST1028,ACC145685,2024-11-04,Bank Transfer,4098.53
TX1006495,CUST2826,ACC192809,2024-10-21,Withdrawal,12473.46
TX1006496,CUST1659,ACC172285,2024-02-04,Bank Transfer,13684.83
TX1006497,CUST2550,ACC185449,2024-08-05,POS,8959.84
TX1006498,CUST2706,ACC138577,2024-01-12,Bank Transfer,180.38
TX1006499,CUST2087,ACC161216,2024-11-15,Bank Transfer,7702.72
TX1006500,CUST1390,ACC197674,2024-02-02,Deposit,7643.77
TX1006501,CUST1036,ACC164985,2024-02-15,Deposit,10200.89
TX1006502,CUST2385,ACC157155,2024-06-02,Bank Transfer,17550.38
TX1006503,CUST1008,ACC167194,2024-02-07,BankTransfer,9443.76
TX1006504,CUST2283,ACC152421,2024-04-19,Withdrawal,6971.54
TX1006505,CUST2502,ACC125304,2024-02-27,Withdrawal,6185.26
TX1006506,CUST1509,ACC132780,2024-10-27,Deposit,1606.1
TX1006507,CUST1463,ACC122670,2024-05-07,Withdrawal,6520.82
TX1006508,CUST2420,ACC125936,2024-07-02,bank-transfer,4457.02
TX1006509,CUST2796,ACC190053,2024-12-04,Pos Purchase,16499.81
TX1006510,CUST1705,ACC194030,2024-11-03,POS,2117.74
TX1006511,CUST1639,ACC136842,2024-11-23,withdrawal,16256.03
TX1006512,CUST1264,ACC151488,2024-03-24,Withdrawal,10192.0
TX1006513,CUST1210,ACC113486,2024-04-14,Bank Transfer,1139.04
TX1006514,CUST1785,ACC176499,2024-12-31,Bank Transfer,8759.9
TX1006515,CUST2030,ACC177015,2024-07-27,POS,8987.04
TX1006516,CUST2205,ACC140840,2024-02-25,Withdrawal,16845.9
TX1006517,CUST1626,ACC121712,2024-04-29,POS,9870.93
TX1006518,CUST1342,ACC126978,2024-04-19,Withdrawal,11862.38
TX1006519,CUST1133,ACC194641,2024-08-31,Withdrawal,19750.89
TX1006520,CUST2687,ACC163941,2024-07-27,WITHDRAWAL,15646.88
TX1006521,CUST1093,ACC156815,2024-01-01,Bank Transfer,16257.76
TX1006522,CUST1610,ACC158478,2024-06-23,Deposit,11178.07
TX1006523,CUST2942,ACC155540,2024-04-05,Bank Transfer,12139.44
TX1006524,CUST1595,ACC178162,2024-05-07,Deposit,15267.15
TX1006525,CUST1933,ACC197921,2024-01-23,,17492.69
TX1006526,CUST2490,ACC135608,2024-05-10,Deposit,1190.92
TX1006527,CUST2065,ACC141779,2024-06-13,Bank Transfer,3130.15
TX1006528,CUST2221,ACC181646,2024-10-11,Bank Transfer,19402.77
TX1006529,CUST2073,ACC114097,2024-09-18,Deposit,19819.53
TX1006530,CUST1691,ACC179599,2024-02-18,Bank Transfer,6398.6
TX1006531,CUST1888,ACC150206,2024-07-24,POS,8762.69
TX1006532,CUST2818,ACC156270,2024-06-19,Bank Transfer,679.59
TX1006533,CUST2406,ACC126177,2024-12-24,POS,10074.59
TX1006534,CUST1274,ACC174336,2024-01-12,Withdrawal,15050.51
TX1006535,CUST1701,ACC146257,2024-03-25,Withdrawal,3722.14
TX1006536,CUST2846,ACC149015,2024-07-03,Deposit,13594.72
TX1006537,CUST2003,ACC182929,2024-05-22,deposit,268.66
TX1006538,CUST1735,ACC108423,2024-06-03,POS,8358.74
TX1006539,CUST2536,ACC158904,2024-09-10,Bank Transfer,7567.65
TX1006540,CUST1385,ACC121921,2024-03-15,Withdrawal,9781.18
TX1006541,CUST1337,ACC104424,2024-05-14,Bank Transfer,9648.67
TX1006542,CUST2941,ACC167024,2024-03-04,POS,11896.72
TX1006543,CUST2857,ACC133169,2024-11-11,Bank Transfer,12871.72
TX1006544,CUST2880,ACC176922,2024-02-19,Bank Transfer,5333.11
TX1006545,CUST2662,ACC153714,2024-08-07,Withdrawal,11946.01
TX1006546,CUST1826,ACC138466,2024-06-11,Deposit,13251.18
TX1006547,CUST1039,ACC179152,2024-11-28,BankTransfer,3507.6
TX1006548,CUST1467,ACC184554,2024-01-17,pos,6479.35
TX1006549,CUST1459,ACC169533,2024-04-08,Bank Transfer,15015.48
TX1006550,CUST2489,ACC146170,2024-12-22,pos,9312.04
TX1006551,CUST1268,ACC152206,2024-05-28,Deposit,3794.96
TX1006552,CUST1432,ACC103924,2024-05-20,Deposit,8103.46
TX1006553,CUST2503,ACC115027,2024-01-15,DEPOSIT,11527.99
TX1006554,CUST1044,ACC123580,2024-10-17,Withdrawal,8290.0
TX1006555,CUST2207,ACC142294,,WITHDRAWAL,18961.03
TX1006556,CUST2033,ACC156280,2024-07-24,bank-transfer,13963.29
TX1006557,CUST1346,ACC124368,2024-02-02,Pos Purchase,1903.95
TX1006558,CUST1252,ACC146890,2024-08-28,Deposit,14904.56
TX1006559,CUST1750,ACC132154,2024-09-04,POS,6333.94
TX1006560,CUST2456,ACC109521,2024-02-03,POS,9057.62
TX1006561,CUST2332,ACC128204,2024-09-21,Bank Transfer,15312.69
TX1006562,CUST2622,ACC186108,2024-03-05,POS,7115.33
TX1006563,CUST1076,ACC148714,2024-12-24,POS,14386.33
TX1006564,CUST1768,ACC148754,2024-05-12,deposit,19451.51
TX1006565,CUST2795,ACC119010,2024-10-31,,5950.45
TX1006566,CUST2311,ACC141215,2024-10-02,Withdrawal,16219.4
TX1006567,CUST1523,ACC116030,2024-10-20,Deposit,16473.75
TX1006568,CUST2579,ACC101262,2024-10-06,Withdrawal,-10641.55
TX1006569,CUST2095,ACC141758,2024-11-18,Bank Transfer,19662.13
TX1006570,CUST2276,ACC190215,2024-01-22,Deposit,6469.55
TX1006571,CUST1099,ACC101428,2024-10-06,Withdrawal,14408.81
TX1006572,CUST2216,ACC193952,2024-10-04,Deposit,13097.36
TX1006573,CUST1098,ACC143105,2024-01-02,Withdrawal,18963.33
TX1006574,CUST2355,ACC128019,2024-07-24,Bank Transfer,11473.16
TX1006575,CUST1221,ACC160997,2024-08-24,Bank Transfer,980.13
TX1006576,CUST2338,ACC174379,2024-10-09,bank-transfer,2258.91
TX1006577,CUST2712,ACC142147,2024-03-15,DEPOSIT,10417.31
TX1006578,CUST1040,ACC130493,2024-02-19,POS,18966.1
TX1006579,CUST1098,ACC173615,2024-05-19,deposit,15240.33
TX1006580,CUST2412,ACC108681,2024-02-10,Deposit,2069.48
TX1006581,CUST1237,ACC150540,2024-08-14,BankTransfer,2253.22
TX1006582,CUST1853,ACC137173,2024-05-18,Withdrawal,14718.91
TX1006583,CUST1909,ACC178879,2024-07-30,WITHDRAWAL,9531.7
TX1006584,CUST1778,ACC127810,2024-09-21,deposit,5000.62
TX1006585,CUST1253,ACC169109,2024-02-23,BankTransfer,4652.15
TX1006586,CUST2120,ACC128503,2024-04-25,POS,17293.38
TX1006587,CUST1517,ACC113489,2024-06-16,Bank Transfer,1500.61
TX1006588,CUST1971,ACC173525,2024-11-14,WITHDRAWAL,9204.34
TX1006589,CUST2437,ACC136444,2024-04-04,Deposit,5744.11
TX1006590,CUST1313,ACC193882,2024-07-20,Withdrawal,8414.99
TX1006591,CUST1420,ACC179679,2024-11-16,Deposit,19863.81
TX1006592,CUST2423,ACC187994,2024-07-11,Withdrawal,12983.7
TX1006593,CUST2404,ACC109807,2024-05-15,POS,1215.09
TX1006594,CUST2290,ACC175228,2024-10-06,Bank Transfer,8280.02
TX1006595,CUST1019,ACC184707,2024-08-04,DEPOSIT,17314.53
TX1006596,CUST1616,ACC155279,2024-11-11,Deposit,19798.2
TX1006597,CUST1861,ACC189408,2024-12-05,POS,194.82
TX1006598,CUST2355,ACC199116,2024-10-02,POS,12174.31
TX1006599,CUST1206,ACC157043,2024-11-12,Bank Transfer,4053.45
TX1006600,CUST2356,ACC141652,2024-05-07,Withdrawal,14707.3
TX1006601,CUST2065,ACC141958,2024-12-23,Withdrawal,19849.86
TX1006602,CUST1552,ACC125971,2024-10-24,Withdrawal,17191.03
TX1006603,CUST2275,ACC125837,2024-07-21,Deposit,4474.55
TX1006604,CUST2240,ACC106509,2024-12-22,Withdrawal,8684.02
TX1006605,CUST2435,ACC164740,2024-11-12,Bank Transfer,14053.93
TX1006606,CUST1280,ACC165359,2024-10-08,Pos Purchase,3557.77
TX1006607,CUST1857,ACC106133,2024-08-13,Deposit,9702.51
TX1006608,CUST2701,ACC135968,2024-06-08,withdrawal,10187.82
TX1006609,CUST2840,ACC155212,2024-09-16,Withdrawal,8572.24
TX1006610,CUST1214,ACC115631,2024-07-14,bank-transfer,4980.0
TX1006611,CUST2047,ACC116265,2024-10-17,Bank Transfer,12515.85
TX1006612,CUST2472,ACC159347,2024-06-08,Withdrawal,14933.62
TX1006613,CUST2265,ACC122431,2024-12-18,Withdrawal,17999.97
TX1006614,CUST1241,ACC178830,2024-02-16,DEPOSIT,7542.68
TX1006615,CUST1578,ACC142844,2024-06-16,BankTransfer,13766.13
TX1006616,CUST1233,ACC177485,2024-06-23,pos,17083.66
TX1006617,CUST2607,ACC150181,2024-10-28,BankTransfer,15550.74
TX1006618,CUST1217,ACC130988,2024-05-13,deposit,11565.9
TX1006619,CUST2019,ACC175551,2024-06-09,withdrawal,4891.75
TX1006620,CUST1406,ACC102787,2024-12-03,pos,12477.12
TX1006621,CUST2247,ACC137360,2024-01-26,bank-transfer,17715.88
TX1006622,CUST1409,ACC102337,2024-02-26,Withdrawal,2776.75
TX1006623,CUST2593,ACC184366,2024-03-04,pos,15388.44
TX1006624,CUST1538,ACC175465,2024-11-10,POS,9046.89
TX1006625,CUST2702,ACC100609,2024-03-10,Withdrawal,6786.65
TX1006626,CUST2071,ACC160525,2024-11-02,withdrawal,6342.68
TX1006627,CUST2992,ACC137272,2024-12-13,Bank Transfer,17613.82
TX1006628,CUST1413,ACC117178,2024-04-02,Bank Transfer,6751.49
TX1006629,CUST1733,ACC152797,2024-01-30,POS,9415.47
TX1006630,CUST2440,ACC104850,2024-12-17,BankTransfer,10614.02
TX1006631,CUST1839,ACC169922,2024-09-01,Bank Transfer,19054.34
TX1006632,CUST1604,ACC169142,2024-07-03,Deposit,
TX1006633,CUST1328,ACC105127,2024-05-06,Deposit,3855.65
TX1006634,CUST1080,ACC144222,2024-12-22,Bank Transfer,10882.88
TX1006635,CUST2122,ACC184512,2024-07-14,POS,16479.51
TX1006636,CUST2016,ACC102132,2024-12-21,Deposit,4058.57
TX1006637,CUST2864,ACC109103,2024-01-23,Withdrawal,3332.1
TX1006638,CUST1425,ACC161589,2024-06-28,,5394.18
TX1006639,CUST2409,ACC112467,2024-02-28,Deposit,13547.89
TX1006640,CUST2911,ACC154405,2024-02-06,Bank Transfer,17478.38
TX1006641,CUST1984,ACC194798,2024-08-30,Bank Transfer,2915.42
TX1006642,CUST1677,ACC139452,2024-02-10,POS,1782.58
TX1006643,CUST1480,ACC136002,2024-08-04,pos,2210.93
TX1006644,CUST1005,ACC141574,2024-12-15,Deposit,10511.44
TX1006645,CUST1026,ACC198787,2024-02-01,bank-transfer,13437.66
TX1006646,CUST2375,ACC145327,2024-04-26,pos,15460.24
TX1006647,CUST1182,ACC152473,2024-11-01,Withdrawal,14307.98
TX1006648,CUST2857,ACC110455,2024-10-02,Deposit,13763.52
TX1006649,CUST1226,ACC172935,2024-10-11,Withdrawal,18186.4
TX1006650,CUST2710,ACC141048,2024-07-21,Deposit,7562.89
TX1006651,CUST2175,ACC164725,2024-04-16,Bank Transfer,18711.14
TX1006652,CUST2370,ACC180258,2024-08-03,pos,19172.08
TX1006653,CUST2011,ACC106169,2024-06-09,DEPOSIT,5026.24
TX1006654,CUST1305,ACC151554,2024-05-07,POS,8365.15
TX1006655,CUST2944,ACC139117,2024-07-29,POS,16110.6
TX1006656,CUST1184,ACC191286,2024-12-29,Deposit,19053.97
TX1006657,CUST2596,ACC159582,2024-11-27,Deposit,19953.16
TX1006658,CUST2047,ACC164662,2024-03-05,Deposit,12655.58
TX1006659,CUST1153,ACC184029,2024-02-21,POS,501.46
TX1006660,CUST2481,ACC115913,2024-09-20,Bank Transfer,13693.75
TX1006661,CUST2481,ACC149008,2024-10-23,Bank Transfer,6897.41
TX1006662,CUST1207,ACC180999,2024-05-13,Bank Transfer,19871.6
TX1006663,CUST2852,ACC113466,2024-06-16,Bank Transfer,9396.98
TX1006664,CUST1524,ACC103838,2024-07-09,POS,15150.91
TX1006665,CUST2319,ACC129362,2024-11-02,Withdrawal,15044.46
TX1006666,CUST1473,ACC106269,2024-01-29,POS,13904.33
TX1006667,CUST1935,ACC101362,2024-07-13,DEPOSIT,8270.03
TX1006668,CUST1606,ACC118184,2024-09-05,Bank Transfer,1928.7
TX1006669,CUST1540,ACC113780,2024-01-04,Bank Transfer,19817.63
TX1006670,CUST1950,ACC142317,2024-01-26,Bank Transfer,3792.31
TX1006671,CUST1102,ACC190124,2024-01-13,deposit,2465.82
TX1006672,CUST1204,ACC194929,2024-10-31,Withdrawal,12218.1
TX1006673,CUST2665,ACC157105,2024-12-01,Deposit,3585.27
TX1006674,CUST1357,ACC129667,2024-11-29,Pos Purchase,57212.55
TX1006675,CUST2790,ACC122307,2024-10-20,POS,5617.55
TX1006676,CUST1080,ACC111536,2024-06-03,Bank Transfer,15440.15
TX1006677,CUST2745,ACC125055,2024-03-10,Bank Transfer,14257.37
TX1006678,CUST1595,ACC194910,2024-06-01,Bank Transfer,3522.26
TX1006679,CUST1737,ACC148349,2024-09-28,Deposit,19250.9
TX1006680,CUST2641,ACC170458,2024-10-24,POS,4466.18
TX1006681,CUST2386,ACC100647,2024-05-08,DEPOSIT,10213.47
TX1006682,CUST1640,ACC190209,2024-04-01,Deposit,13947.16
TX1006683,CUST1872,ACC106880,,deposit,17342.14
TX1006684,CUST2512,ACC134037,2024-05-30,DEPOSIT,15288.18
TX1006685,CUST1237,ACC105646,2024-07-11,deposit,17107.35
TX1006686,CUST1194,ACC114523,2024-07-11,,3716.74
TX1006687,CUST2743,ACC106291,2024-12-15,POS,4820.65
TX1006688,CUST2552,ACC139883,2024-05-20,POS,11599.51
TX1006689,CUST2823,ACC109835,2024-10-12,Deposit,17352.15
TX1006690,CUST1093,ACC134567,2024-11-10,Deposit,1904.92
TX1006691,CUST1019,ACC143165,2024-08-10,Deposit,10040.98
TX1006692,CUST2744,ACC190167,2024-08-08,Withdrawal,5498.75
TX1006693,CUST1283,ACC180314,2024-09-11,Withdrawal,7367.46
TX1006694,CUST2358,ACC149749,2024-07-29,Bank Transfer,1297.84
TX1006695,CUST2325,ACC135377,2024-01-26,Withdrawal,10787.73
TX1006696,CUST1349,ACC191575,2024-06-16,Deposit,3292.09
TX1006697,CUST1673,ACC122326,2024-08-11,POS,10780.06
TX1006698,CUST1732,ACC118056,2024-05-14,Withdrawal,10601.44
TX1006699,CUST2831,ACC176474,2024-03-23,pos,18449.91
TX1006700,CUST1896,ACC160384,2024-01-08,Withdrawal,4788.34
TX1006701,CUST2956,ACC115715,2024-06-08,WITHDRAWAL,5232.96
TX1006702,CUST2273,ACC116552,2024-06-10,,81.97
TX1006703,CUST1549,ACC141855,2024-08-04,POS,17811.9
TX1006704,CUST2799,ACC119398,2024-07-05,Bank Transfer,6949.66
TX1006705,CUST2501,ACC198701,2024-09-07,POS,4500.91
TX1006706,CUST1190,ACC176563,2024-08-14,Withdrawal,4068.48
TX1006707,CUST1763,ACC154171,2024-06-23,Bank Transfer,18297.96
TX1006708,CUST2669,ACC183480,2024-10-02,POS,-10106.68
TX1006709,CUST1701,ACC158560,2024-01-15,Withdrawal,8627.54
TX1006710,CUST1374,ACC187586,2024-10-19,Deposit,3823.77
TX1006711,CUST1233,ACC116039,2024-08-18,Withdrawal,13358.08
TX1006712,CUST1820,ACC168388,2024-06-06,Bank Transfer,17422.86
TX1006713,CUST1819,ACC169152,2024-06-12,POS,191.34
TX1006714,CUST2970,ACC131525,2024-04-23,Deposit,19677.24
TX1006715,CUST1934,ACC175744,2024-04-08,Deposit,11595.64
TX1006716,CUST1556,ACC162642,2024-09-16,Deposit,15102.63
TX1006717,CUST2711,ACC186673,2024-11-07,Bank Transfer,19024.95
TX1006718,CUST1789,ACC164238,2024-01-15,Withdrawal,7212.19
TX1006719,CUST2412,ACC136771,2024-08-05,Withdrawal,2014.23
TX1006720,CUST2742,ACC142193,2024-03-07,Bank Transfer,16568.08
TX1006721,CUST1979,ACC195795,2024-05-04,POS,10079.87
TX1006722,CUST2638,ACC163269,2024-07-08,Withdrawal,14278.7
TX1006723,CUST1863,ACC129600,2024-05-12,DEPOSIT,13088.35
TX1006724,CUST2328,ACC112032,2024-07-26,POS,1856.65
TX1006725,CUST2814,ACC134578,2024-07-14,bank-transfer,2963.71
TX1006726,CUST2632,ACC138828,2024-03-07,Bank Transfer,14785.5
TX1006727,CUST1341,ACC193242,2024-11-20,deposit,7340.05
TX1006728,CUST1231,ACC110852,2024-04-04,Withdrawal,10494.94
TX1006729,CUST1271,ACC146269,2024-08-02,Deposit,3460.66
TX1006730,CUST2425,ACC173205,2024-06-21,Deposit,10802.5
TX1006731,CUST2487,ACC131768,2024-12-24,POS,18145.39
TX1006732,CUST1120,ACC186439,2024-05-28,Bank Transfer,6281.44
TX1006733,CUST2930,ACC184821,2024-01-28,Bank Transfer,5850.52
TX1006734,CUST2729,ACC196373,2024-02-25,Bank Transfer,12505.89
TX1006735,CUST1326,ACC126986,2024-07-22,Withdrawal,5968.15
TX1006736,CUST1212,ACC191090,2024-11-19,Bank Transfer,7738.16
TX1006737,CUST1852,ACC110225,2024-06-20,DEPOSIT,13707.6
TX1006738,CUST2866,ACC109849,2024-11-05,POS,10481.79
TX1006739,CUST2209,ACC164828,2024-11-07,Deposit,17465.8
TX1006740,CUST1988,ACC107899,2024-06-26,Withdrawal,-10769.93
TX1006741,CUST2643,ACC127849,2024-04-27,Bank Transfer,4225.9
TX1006742,CUST2165,ACC101720,2024-01-28,Deposit,11536.63
TX1006743,CUST2389,ACC187883,2024-01-05,Bank Transfer,17022.26
TX1006744,CUST1897,ACC128329,2024-12-21,Bank Transfer,10892.06
TX1006745,CUST1371,ACC161361,2024-12-11,Withdrawal,3550.1
TX1006746,CUST2251,ACC150470,2024-08-05,Deposit,11963.72
TX1006747,CUST1777,ACC124630,2024-03-23,Bank Transfer,13024.83
TX1006748,CUST2595,ACC163916,2024-04-05,Deposit,5796.7
TX1006749,CUST1734,ACC113701,2024-03-01,Withdrawal,9341.95
TX1006750,CUST2252,ACC144623,2024-03-30,pos,17503.68
TX1006751,CUST1059,ACC127349,2024-03-18,bank-transfer,4277.23
TX1006752,CUST2766,ACC177401,2024-05-30,POS,4194.65
TX1006753,CUST2401,ACC199824,2024-04-02,Deposit,7938.55
TX1006754,CUST2802,ACC169159,2024-08-19,WITHDRAWAL,4889.3
TX1006755,CUST2717,ACC167361,2024-08-07,Deposit,17040.08
TX1006756,CUST2489,ACC141072,2024-09-01,Withdrawal,5877.33
TX1006757,CUST2993,ACC199678,2024-12-21,WITHDRAWAL,847.19
TX1006758,CUST2826,ACC140871,2024-12-02,Bank Transfer,9387.1
TX1006759,CUST1267,ACC192866,2024-08-30,Deposit,14886.95
TX1006760,CUST1989,ACC159509,2024-06-08,BankTransfer,19349.27
TX1006761,CUST2884,ACC185890,2024-07-24,Bank Transfer,3053.46
TX1006762,CUST1999,ACC120184,,Bank Transfer,15392.06
TX1006763,CUST1231,ACC166127,2024-06-10,POS,4719.97
TX1006764,CUST2817,ACC113849,2024-11-09,Bank Transfer,4157.62
TX1006765,CUST1842,ACC117047,2024-02-04,POS,17812.1
TX1006766,CUST1902,ACC128676,2024-07-18,POS,6238.81
TX1006767,CUST1094,ACC147663,2024-01-15,Bank Transfer,991.54
TX1006768,CUST1129,ACC150538,2024-02-23,Deposit,16509.17
TX1006769,CUST1535,ACC159301,2024-02-10,Deposit,5686.8
TX1006770,CUST2341,ACC181327,2024-03-31,Bank Transfer,17726.68
TX1006771,CUST1643,ACC167300,2024-05-23,Deposit,9997.2
TX1006772,CUST1025,ACC126610,2024-12-29,Bank Transfer,11423.55
TX1006773,CUST2442,ACC152455,2024-02-21,POS,12637.45
TX1006774,CUST2778,ACC124635,2024-02-17,POS,8667.81
TX1006775,CUST2388,ACC108996,2024-07-09,Bank Transfer,19974.81
TX1006776,CUST2074,ACC136416,2024-09-14,Withdrawal,5090.0
TX1006777,CUST2571,ACC155455,2024-05-08,Deposit,13043.44
TX1006778,CUST2522,ACC121521,2024-09-30,BankTransfer,4459.17
TX1006779,CUST2180,ACC189950,2024-09-21,pos,19944.54
TX1006780,CUST2482,ACC140258,2024-11-23,bank-transfer,701.04
TX1006781,CUST2157,ACC175660,2024-07-17,Bank Transfer,18856.27
TX1006782,CUST1458,ACC184984,2024-01-31,POS,1230.65
TX1006783,CUST2957,ACC113377,2024-01-04,Withdrawal,19015.48
TX1006784,CUST2371,ACC119305,2024-10-01,Withdrawal,1967.45
TX1006785,CUST2788,ACC160418,2024-01-08,POS,8246.85
TX1006786,CUST1692,ACC114047,2024-02-25,POS,15374.38
TX1006787,CUST2063,ACC197652,2024-08-30,WITHDRAWAL,8636.34
TX1006788,CUST2071,ACC114444,2024-10-28,Bank Transfer,19694.8
TX1006789,CUST2409,ACC131531,2024-09-21,Pos Purchase,19422.18
TX1006790,CUST2434,ACC102174,2024-07-21,Withdrawal,10487.99
TX1006791,CUST2266,ACC160404,2024-09-03,deposit,7263.03
TX1006792,CUST1195,ACC124514,2024-12-30,Withdrawal,6369.89
TX1006793,CUST1886,ACC134964,2024-09-10,pos,1456.69
TX1006794,CUST2355,ACC103746,2024-10-13,Deposit,15005.11
TX1006795,CUST2488,ACC162421,2024-03-06,POS,10673.1
TX1006796,CUST1509,ACC186754,2024-04-10,Withdrawal,6632.5
TX1006797,CUST1986,ACC169584,2024-02-10,Withdrawal,12310.28
TX1006798,CUST1708,ACC159328,2024-03-29,Deposit,18529.38
TX1006799,CUST2359,ACC146131,2024-10-22,BankTransfer,19026.91
TX1006800,CUST2385,ACC134809,2024-10-31,Deposit,3053.75
TX1006801,CUST2313,ACC115509,2024-07-02,deposit,17902.34
TX1006802,CUST1788,ACC172129,2024-08-15,POS,7046.39
TX1006803,CUST1304,ACC111018,2024-01-07,POS,15278.51
TX1006804,CUST2718,ACC146455,2024-05-19,Bank Transfer,2090.8
TX1006805,CUST2692,ACC156554,2024-08-16,POS,46.64
TX1006806,CUST2143,ACC127795,2024-03-10,Bank Transfer,6250.85
TX1006807,CUST2826,ACC119742,2024-07-28,POS,8545.52
TX1006808,CUST2255,ACC152026,2024-05-14,Deposit,737.34
TX1006809,CUST1111,ACC165823,2024-03-25,Deposit,14624.98
TX1006810,CUST1023,ACC156472,2024-11-22,Withdrawal,
TX1006811,CUST2317,ACC166574,2024-08-05,,14951.67
TX1006812,CUST2913,ACC143743,2024-02-08,Withdrawal,14798.06
TX1006813,CUST1321,ACC106967,2024-03-16,withdrawal,15809.73
TX1006814,CUST2035,ACC157847,2024-02-26,Deposit,3661.3
TX1006815,CUST2738,ACC135728,2024-03-25,Bank Transfer,7795.43
TX1006816,CUST1961,ACC148467,2024-01-28,Bank Transfer,132.48
TX1006817,CUST2744,ACC112820,2024-04-14,Withdrawal,8382.59
TX1006818,CUST2015,ACC106440,2024-09-27,Withdrawal,361.57
TX1006819,CUST2780,ACC185016,2024-05-08,BankTransfer,2087.04
TX1006820,CUST1338,ACC150137,2024-04-27,Bank Transfer,5244.32
TX1006821,CUST1153,ACC195944,2024-09-02,Withdrawal,13205.85
TX1006822,CUST2538,ACC155389,2024-06-24,WITHDRAWAL,3993.04
TX1006823,CUST2006,ACC125419,2024-04-26,withdrawal,16587.93
TX1006824,CUST1656,ACC138535,2024-08-08,pos,12488.95
TX1006825,CUST1493,ACC124831,2024-06-26,Deposit,18181.19
TX1006826,CUST1677,ACC152781,2024-12-22,POS,14383.92
TX1006827,CUST2986,ACC123153,2024-10-28,Withdrawal,17825.25
TX1006828,CUST1569,ACC177863,2024-07-16,Bank Transfer,2690.61
TX1006829,CUST1103,ACC136166,2024-09-29,POS,6252.15
TX1006830,CUST2038,ACC169410,2024-01-25,Bank Transfer,1461.1
TX1006831,CUST1456,ACC179619,2024-08-24,Withdrawal,487.87
TX1006832,CUST2127,ACC164699,2024-10-10,Bank Transfer,7783.34
TX1006833,CUST2317,ACC167976,2024-06-28,POS,9837.21
TX1006834,CUST1775,ACC156828,2024-11-21,POS,10891.51
TX1006835,CUST1825,ACC114311,2024-03-27,POS,6395.8
TX1006836,CUST2673,ACC189281,2024-07-07,Withdrawal,9418.06
TX1006837,CUST1481,ACC106536,2024-05-15,Deposit,18598.77
TX1006838,CUST1161,ACC184717,2024-09-20,POS,16968.92
TX1006839,CUST1940,ACC132629,2024-03-30,Withdrawal,2958.55
TX1006840,CUST1909,ACC114559,2024-06-07,Withdrawal,1532.3
TX1006841,CUST2640,ACC128780,2024-03-06,POS,6989.43
TX1006842,CUST2173,ACC115097,2024-03-04,POS,17498.29
TX1006843,CUST1917,ACC106964,2024-12-09,Deposit,18224.39
TX1006844,CUST1180,ACC104677,2024-10-12,deposit,5483.37
TX1006845,CUST2754,ACC175396,2024-12-21,POS,17939.23
TX1006846,CUST2020,ACC134888,2024-04-29,POS,15486.0
TX1006847,CUST1915,ACC131295,2024-09-14,deposit,11448.99
TX1006848,CUST1647,ACC108630,2024-06-15,POS,6937.44
TX1006849,CUST1243,ACC169747,2024-05-09,,14853.29
TX1006850,CUST2018,ACC113242,2024-07-04,Withdrawal,16944.28
TX1006851,CUST2526,ACC136105,2024-05-17,BankTransfer,289.58
TX1006852,CUST2338,ACC129683,2024-01-25,POS,1534.53
TX1006853,CUST1036,ACC181293,2024-01-17,Withdrawal,1362.75
TX1006854,CUST1210,ACC191686,2024-12-12,Withdrawal,18500.84
TX1006855,CUST1826,ACC193824,2024-08-07,Deposit,13743.47
TX1006856,CUST1844,ACC153026,2024-05-10,Deposit,15121.43
TX1006857,CUST1073,ACC151368,2024-06-05,pos,12334.73
TX1006858,CUST2141,ACC151496,2024-11-30,Withdrawal,7503.5
TX1006859,CUST2124,ACC113278,2024-07-07,bank-transfer,3386.92
TX1006860,CUST1000,ACC128821,2024-05-26,Bank Transfer,13227.85
TX1006861,CUST2691,ACC196196,2024-11-29,Withdrawal,520.43
TX1006862,CUST1186,ACC190660,2024-08-27,DEPOSIT,6927.68
TX1006863,CUST2621,ACC135162,2024-06-22,POS,18603.33
TX1006864,CUST2237,ACC164903,2024-03-15,Bank Transfer,618.32
TX1006865,CUST2972,ACC126962,2024-04-10,POS,8518.7
TX1006866,CUST2267,ACC122417,2024-02-09,Bank Transfer,8895.69
TX1006867,CUST2305,ACC126683,2024-02-27,POS,5059.1
TX1006868,CUST1623,ACC145564,2024-03-12,Deposit,6802.96
TX1006869,CUST2822,ACC183479,2024-04-09,POS,18602.53
TX1006870,CUST2041,ACC137747,2024-03-19,POS,13144.59
TX1006871,CUST2151,ACC192517,2024-12-31,Deposit,15526.3
TX1006872,CUST1423,ACC178159,2024-08-17,,9997.32
TX1006873,CUST2340,ACC137745,2024-05-26,Bank Transfer,1620.77
TX1006874,CUST2375,ACC196191,2024-10-02,Bank Transfer,9107.08
TX1006875,CUST1934,ACC100407,2024-11-10,Withdrawal,15209.52
TX1006876,CUST2946,ACC112352,2024-09-08,POS,7143.07
TX1006877,CUST1698,ACC124258,2024-12-15,Bank Transfer,14713.49
TX1006878,CUST1744,ACC165960,2024-11-13,Bank Transfer,1329.09
TX1006879,CUST2690,ACC191812,2024-02-13,Bank Transfer,11262.51
TX1006880,CUST1111,ACC181542,2024-08-18,,15994.82
TX1006881,CUST2672,ACC162489,2024-08-12,Bank Transfer,11052.54
TX1006882,CUST1456,ACC196874,2024-07-22,BankTransfer,3325.03
TX1006883,CUST2729,ACC140019,2024-04-15,Deposit,15077.32
TX1006884,CUST1930,ACC190169,2024-05-04,Bank Transfer,11584.01
TX1006885,CUST1679,ACC131276,2024-12-06,Bank Transfer,3140.72
TX1006886,CUST2147,ACC122312,2024-05-30,Withdrawal,16415.59
TX1006887,CUST2571,ACC141302,2024-11-26,Deposit,3606.25
TX1006888,CUST2269,ACC189318,2024-11-24,POS,19164.56
TX1006889,CUST2228,ACC109103,2024-12-13,Bank Transfer,18010.33
TX1006890,CUST1968,ACC121842,2024-03-26,Bank Transfer,1453.78
TX1006891,CUST2467,ACC124555,2024-09-07,Bank Transfer,15724.91
TX1006892,CUST2345,ACC143536,2024-03-27,BankTransfer,3628.14
TX1006893,CUST1744,ACC159666,2024-01-16,deposit,10185.13
TX1006894,CUST2466,ACC118590,2024-04-08,Bank Transfer,17191.92
TX1006895,CUST1926,ACC101669,2024-10-11,POS,13604.5
TX1006896,CUST1233,ACC187298,2024-10-02,Bank Transfer,2782.45
TX1006897,CUST1199,ACC162206,2024-07-13,withdrawal,16896.41
TX1006898,CUST2555,ACC156088,2024-12-16,DEPOSIT,17460.06
TX1006899,CUST2349,ACC143785,2024-03-27,Bank Transfer,10955.39
TX1006900,CUST1454,ACC102729,2024-02-07,POS,2412.76
TX1006901,CUST1004,ACC123267,2024-08-31,deposit,16308.78
TX1006902,CUST1699,ACC134581,2024-06-30,POS,8346.94
TX1006903,CUST1727,ACC110089,2024-12-31,POS,8607.92
TX1006904,CUST2699,ACC122377,2024-01-07,DEPOSIT,6689.95
TX1006905,CUST2297,ACC189024,2024-12-01,Deposit,919.28
TX1006906,CUST2975,ACC199648,2024-10-04,Bank Transfer,6558.92
TX1006907,CUST2638,ACC101275,2024-02-01,Deposit,1150.35
TX1006908,CUST1597,ACC177857,2024-02-04,POS,14736.03
TX1006909,CUST2121,ACC146156,2024-11-06,Bank Transfer,19737.17
TX1006910,CUST2069,ACC162105,2024-07-17,Bank Transfer,2726.06
TX1006911,CUST1765,ACC176435,2024-05-06,Withdrawal,14999.21
TX1006912,CUST2437,ACC100131,,Bank Transfer,12006.86
TX1006913,CUST1217,ACC164003,2024-05-10,POS,4641.36
TX1006914,CUST1093,ACC132441,2024-06-17,Bank Transfer,12019.68
TX1006915,CUST2836,ACC161940,2024-12-31,Bank Transfer,4779.81
TX1006916,CUST1336,ACC114337,2024-11-21,Deposit,4948.83
TX1006917,CUST2008,ACC105921,2024-04-09,Bank Transfer,19284.65
TX1006918,CUST1287,ACC102279,2024-01-17,POS,15010.53
TX1006919,CUST2683,ACC174352,2024-07-16,Bank Transfer,7313.84
TX1006920,CUST2468,ACC189135,2024-11-07,Deposit,14839.96
TX1006921,CUST2520,ACC138097,2024-04-27,POS,3376.05
TX1006922,CUST2477,ACC129922,2024-06-15,POS,5019.54
TX1006923,CUST1838,ACC168848,2024-10-06,POS,7954.69
TX1006924,CUST1219,ACC165948,2024-09-14,Withdrawal,3047.67
TX1006925,CUST1520,ACC121928,2024-03-15,deposit,19463.75
TX1006926,CUST2251,ACC198958,2024-05-16,Deposit,11227.46
TX1006927,CUST1401,ACC119212,2024-11-15,Withdrawal,10121.51
TX1006928,CUST1384,ACC112308,2024-04-27,POS,5641.47
TX1006929,CUST1247,ACC113106,2024-06-18,Withdrawal,954.99
TX1006930,CUST2905,ACC139924,2024-04-27,Deposit,18252.72
TX1006931,CUST2745,ACC196493,2024-06-05,deposit,18976.68
TX1006932,CUST1804,ACC143997,2024-01-07,POS,19389.6
TX1006933,CUST1441,ACC159325,2024-01-19,Withdrawal,16797.35
TX1006934,CUST1936,ACC164312,2024-12-24,Deposit,9641.81
TX1006935,CUST2688,ACC196313,2024-11-20,Deposit,7865.76
TX1006936,CUST2600,ACC145977,2024-02-23,,5145.24
TX1006937,CUST1390,ACC171527,2024-09-20,withdrawal,11926.52
TX1006938,CUST2467,ACC133730,2024-02-05,Withdrawal,11841.5
TX1006939,CUST1692,ACC186954,2024-07-21,Withdrawal,3095.65
TX1006940,CUST1220,ACC163765,2024-08-13,Bank Transfer,14629.53
TX1006941,CUST2550,ACC133231,2024-08-30,Withdrawal,15152.73
TX1006942,CUST1848,ACC147748,2024-09-15,Withdrawal,14750.17
TX1006943,CUST1095,ACC160129,2024-05-26,Bank Transfer,392.96
TX1006944,CUST2897,ACC101777,2024-09-20,pos,4503.04
TX1006945,CUST2296,ACC146219,2024-02-04,DEPOSIT,535.75
TX1006946,CUST2715,ACC139470,2024-08-05,Withdrawal,8223.63
TX1006947,CUST2376,ACC193081,2024-06-25,withdrawal,5100.66
TX1006948,CUST2205,ACC143743,2024-03-29,BankTransfer,1929.62
TX1006949,CUST1252,ACC167873,2024-05-22,POS,11136.94
TX1006950,CUST2581,ACC187023,2024-05-10,bank-transfer,13110.66
TX1006951,CUST2826,ACC178085,2024-05-10,DEPOSIT,16591.47
TX1006952,CUST1922,ACC163485,2024-12-09,Bank Transfer,11819.75
TX1006953,CUST1936,ACC114779,2024-07-03,Deposit,945.69
TX1006954,CUST2348,ACC135381,2024-05-13,Deposit,6393.27
TX1006955,CUST2206,ACC189887,2024-05-14,Deposit,416.87
TX1006956,CUST2958,ACC168066,2024-08-06,Bank Transfer,19492.2
TX1006957,CUST2032,ACC195448,2024-01-28,Pos Purchase,15081.44
TX1006958,CUST1275,ACC183859,2024-09-29,Withdrawal,5454.92
TX1006959,CUST2973,ACC102716,2024-04-17,Withdrawal,13424.7
TX1006960,CUST2021,ACC119385,2024-09-30,Bank Transfer,17100.27
TX1006961,CUST1008,ACC153781,2024-07-04,Deposit,13219.21
TX1006962,CUST2086,ACC128869,2024-12-18,Pos Purchase,6698.25
TX1006963,CUST2507,ACC186424,2024-02-03,BankTransfer,564.36
TX1006964,CUST1099,ACC118564,2024-08-31,Withdrawal,6305.91
TX1006965,CUST2133,ACC146818,2024-11-04,POS,11146.3
TX1006966,CUST2915,ACC165251,2024-11-13,Pos Purchase,18226.99
TX1006967,CUST1886,ACC104050,2024-04-21,Bank Transfer,9337.82
TX1006968,CUST2717,ACC132029,2024-08-18,POS,3416.21
TX1006969,CUST2198,ACC175705,2024-12-26,POS,1196.48
TX1006970,CUST1989,ACC197125,2024-10-09,POS,1049.2
TX1006971,CUST2893,ACC191200,2024-02-24,WITHDRAWAL,5070.16
TX1006972,CUST2041,ACC156455,2024-01-08,Bank Transfer,5150.54
TX1006973,CUST2599,ACC147109,2024-11-24,WITHDRAWAL,11452.03
TX1006974,CUST2886,ACC127041,2024-12-17,Bank Transfer,4637.77
TX1006975,CUST2864,ACC197565,2024-11-29,bank-transfer,2153.36
TX1006976,CUST1362,ACC111701,2024-12-08,POS,1443.73
TX1006977,CUST2416,ACC125407,2024-06-13,Deposit,2506.23
TX1006978,CUST2184,ACC149516,2024-05-03,,18793.71
TX1006979,CUST1355,ACC183720,2024-11-25,DEPOSIT,17083.66
TX1006980,CUST2496,ACC114146,2024-11-01,Withdrawal,207.62
TX1006981,CUST2669,ACC135903,2024-03-04,Bank Transfer,4016.18
TX1006982,CUST1262,ACC182167,2024-03-16,DEPOSIT,5131.44
TX1006983,CUST1212,ACC188971,2024-10-01,POS,7895.75
TX1006984,CUST1793,ACC171423,2024-08-21,POS,-13595.23
TX1006985,CUST2346,ACC158886,2024-09-14,bank-transfer,10087.46
TX1006986,CUST2229,ACC169062,2024-09-19,POS,5548.05
TX1006987,CUST2241,ACC122931,2024-12-04,POS,18961.97
TX1006988,CUST2807,ACC134774,2024-05-10,POS,7928.6
TX1006989,CUST1659,ACC189006,2024-10-02,Withdrawal,13487.43
TX1006990,CUST2032,ACC145723,2024-07-16,bank-transfer,-9740.4
TX1006991,CUST2805,ACC143410,2024-11-14,Bank Transfer,4170.07
TX1006992,CUST1787,ACC151252,2024-10-17,Withdrawal,5882.49
TX1006993,CUST1857,ACC177220,2024-10-23,POS,5569.95
TX1006994,CUST2247,ACC154695,2024-08-05,Bank Transfer,7573.43
TX1006995,CUST2875,ACC136208,2024-10-27,BankTransfer,7546.97
TX1006996,CUST2418,ACC140543,2024-09-27,Deposit,108.19
TX1006997,CUST2561,ACC124978,2024-09-20,deposit,2710.66
TX1006998,CUST1508,ACC105387,2024-03-20,Bank Transfer,7881.22
TX1006999,CUST1560,ACC175958,2024-12-19,POS,14594.93
TX1007000,CUST1814,ACC168167,2024-11-02,Deposit,15352.07
TX1007001,CUST2973,ACC191991,2024-02-01,Withdrawal,17025.51
TX1007002,CUST1702,ACC144993,2024-06-05,Bank Transfer,15900.61
TX1007003,CUST2987,ACC180264,2024-06-10,POS,5273.7
TX1007004,CUST1602,ACC116116,2024-09-03,Withdrawal,2968.12
TX1007005,CUST1927,ACC156814,2024-10-23,Deposit,11170.99
TX1007006,CUST2648,ACC159641,2024-12-25,Bank Transfer,10869.19
TX1007007,CUST1273,ACC174273,2024-03-09,withdrawal,3867.28
TX1007008,CUST1282,ACC145481,2024-09-02,withdrawal,10339.99
TX1007009,CUST1845,ACC137802,2024-02-23,DEPOSIT,4222.01
TX1007010,CUST2233,ACC114442,2024-05-20,pos,12791.76
TX1007011,CUST2433,ACC101092,2024-08-18,POS,7118.25
TX1007012,CUST2815,ACC165395,2024-12-14,POS,17153.18
TX1007013,CUST2532,ACC189853,2024-03-11,Bank Transfer,
TX1007014,CUST2049,ACC119284,2024-05-09,Bank Transfer,13570.83
TX1007015,CUST1612,ACC161121,2024-07-11,Withdrawal,11716.75
TX1007016,CUST2726,ACC189249,2024-04-29,Deposit,5647.96
TX1007017,CUST2436,ACC119690,2024-01-19,Bank Transfer,6129.66
TX1007018,CUST2121,ACC168575,2024-02-15,Withdrawal,11621.47
TX1007019,CUST2762,ACC137982,2024-11-02,Withdrawal,15476.56
TX1007020,CUST1642,ACC181762,2024-10-03,POS,2348.16
TX1007021,CUST2457,ACC173156,2024-07-14,Bank Transfer,374.11
TX1007022,CUST2509,ACC187073,2024-12-29,Withdrawal,7924.52
TX1007023,CUST2915,ACC121313,2024-05-09,BankTransfer,
TX1007024,CUST2133,ACC139799,2024-03-30,POS,6578.9
TX1007025,CUST2295,ACC163809,2024-05-17,Withdrawal,19485.73
TX1007026,CUST1445,ACC137782,2024-03-08,Bank Transfer,7475.62
TX1007027,CUST1411,ACC108469,2024-04-14,Bank Transfer,13801.92
TX1007028,CUST1429,ACC138630,2024-10-12,POS,8616.87
TX1007029,CUST2278,ACC102043,2024-11-28,Deposit,11217.17
TX1007030,CUST2463,ACC159488,2024-04-25,deposit,18943.49
TX1007031,CUST1595,ACC105367,2024-10-30,Deposit,18707.07
TX1007032,CUST2406,ACC128485,2024-08-18,POS,4348.4
TX1007033,CUST1707,ACC137095,2024-03-24,Bank Transfer,14813.9
TX1007034,CUST2886,ACC177735,2024-09-23,withdrawal,8552.8
TX1007035,CUST2377,ACC116178,2024-04-30,Deposit,8013.65
TX1007036,CUST1271,ACC106972,2024-05-01,Deposit,10469.56
TX1007037,CUST2454,ACC164011,2024-10-17,POS,9204.07
TX1007038,CUST2331,ACC140084,2024-02-22,POS,2997.9
TX1007039,CUST2997,ACC100667,2024-03-18,,16686.21
TX1007040,CUST2962,ACC156403,2024-02-27,Bank Transfer,11073.98
TX1007041,CUST1364,ACC146170,2024-11-26,bank-transfer,4977.39
TX1007042,CUST2031,ACC186540,2024-12-03,Withdrawal,4889.65
TX1007043,CUST2111,ACC100084,2024-10-08,POS,7715.62
TX1007044,CUST2421,ACC106540,2024-09-12,BankTransfer,5359.96
TX1007045,CUST2304,ACC132955,2024-01-16,Deposit,12200.18
TX1007046,CUST1660,ACC118051,2024-07-19,DEPOSIT,17584.96
TX1007047,CUST2454,ACC145903,2024-03-21,Withdrawal,-10307.71
TX1007048,CUST1236,ACC137128,2024-10-17,Bank Transfer,15119.76
TX1007049,CUST2558,ACC165797,2024-04-17,Withdrawal,4412.07
TX1007050,CUST1721,ACC187205,2024-03-29,Deposit,4191.77
TX1007051,CUST2151,ACC173498,2024-09-21,POS,12486.13
TX1007052,CUST1983,ACC120321,2024-09-20,DEPOSIT,19561.78
TX1007053,CUST2193,ACC111272,2024-01-26,Withdrawal,
TX1007054,CUST2168,ACC193480,2024-12-30,withdrawal,
TX1007055,CUST2930,ACC135477,2024-10-22,Bank Transfer,74062.70000000001
TX1007056,CUST2366,ACC118696,2024-10-12,BankTransfer,17650.62
TX1007057,CUST2454,ACC196082,2024-04-18,Bank Transfer,7948.66
TX1007058,CUST1854,ACC125785,2024-03-26,POS,10443.15
TX1007059,CUST2380,ACC156629,2024-03-15,POS,10750.61
TX1007060,CUST2531,ACC176706,2024-03-03,bank-transfer,6921.06
TX1007061,CUST2830,ACC110579,2024-01-23,Bank Transfer,3625.0
TX1007062,CUST2723,ACC138116,2024-02-29,POS,
TX1007063,CUST2093,ACC128686,2024-01-08,POS,16735.28
TX1007064,CUST1585,ACC104212,2024-04-04,Deposit,17594.48
TX1007065,CUST2797,ACC162020,2024-04-27,WITHDRAWAL,5812.69
TX1007066,CUST2735,ACC146482,2024-03-30,Deposit,
TX1007067,CUST1865,ACC132601,2024-01-02,Bank Transfer,1868.91
TX1007068,CUST2655,ACC188932,2024-01-09,Bank Transfer,5086.64
TX1007069,CUST1026,ACC183498,2024-02-02,Bank Transfer,16195.5
TX1007070,CUST2070,ACC150625,2024-12-20,pos,9781.82
TX1007071,CUST1218,ACC155386,2024-09-24,POS,14398.96
TX1007072,CUST1051,ACC152312,,bank-transfer,9111.39
TX1007073,CUST1780,ACC112863,2024-08-24,withdrawal,6587.57
TX1007074,CUST1297,ACC134243,2024-08-10,POS,14553.0
TX1007075,CUST1108,ACC139586,2024-07-13,Deposit,4042.09
TX1007076,CUST2372,ACC178255,2024-02-28,POS,17389.87
TX1007077,CUST1115,ACC140728,2024-01-24,Deposit,8996.06
TX1007078,CUST1409,ACC122715,2024-01-16,Bank Transfer,9269.62
TX1007079,CUST1546,ACC173912,2024-09-17,deposit,5516.43
TX1007080,CUST2536,ACC157123,2024-11-19,Withdrawal,11773.39
TX1007081,CUST2608,ACC188987,2024-11-01,Withdrawal,12323.01
TX1007082,CUST1329,ACC142268,2024-12-09,Deposit,11522.71
TX1007083,CUST1586,ACC175781,2024-10-12,Bank Transfer,8346.05
TX1007084,CUST2399,ACC118242,2024-12-12,bank-transfer,10684.85
TX1007085,CUST1513,ACC189564,2024-09-03,DEPOSIT,12067.06
TX1007086,CUST1299,ACC126149,2024-07-16,POS,7298.23
TX1007087,CUST2719,ACC132770,2024-03-03,BankTransfer,15839.21
TX1007088,CUST1127,ACC117785,2024-01-06,Bank Transfer,19533.48
TX1007089,CUST2414,ACC154566,2024-10-07,POS,6734.48
TX1007090,CUST2606,ACC172651,2024-02-12,Bank Transfer,9590.7
TX1007091,CUST1604,ACC126151,2024-05-31,,9019.89
TX1007092,CUST1417,ACC139460,2024-04-06,Bank Transfer,12195.88
TX1007093,CUST2543,ACC139976,2024-07-09,withdrawal,1890.9
TX1007094,CUST2108,ACC111219,2024-07-15,pos,18589.98
TX1007095,CUST1066,ACC138972,2024-02-17,Deposit,13269.84
TX1007096,CUST1734,ACC174273,2024-05-27,Deposit,15468.57
TX1007097,CUST2667,ACC182355,2024-02-01,Deposit,5023.85
TX1007098,CUST1926,ACC160444,2024-04-30,Deposit,6869.03
TX1007099,CUST1209,ACC171543,2024-10-10,Deposit,4119.82
TX1007100,CUST2261,ACC124034,2024-05-28,Bank Transfer,17941.37
TX1007101,CUST2777,ACC149278,2024-06-12,Bank Transfer,10833.28
TX1007102,CUST2383,ACC157264,2024-11-28,Pos Purchase,16979.88
TX1007103,CUST2514,ACC112588,2024-05-04,Withdrawal,11615.34
TX1007104,CUST2150,ACC118167,2024-11-24,Withdrawal,18451.03
TX1007105,CUST2771,ACC169018,2024-02-13,Deposit,10382.59
TX1007106,CUST1459,ACC157920,2024-10-28,Bank Transfer,14918.91
TX1007107,CUST2520,ACC190981,2024-09-18,Withdrawal,5873.83
TX1007108,CUST2325,ACC141059,2024-01-25,BankTransfer,2199.01
TX1007109,CUST2149,ACC166036,2024-09-04,Bank Transfer,13491.82
TX1007110,CUST1796,ACC189805,2024-05-21,POS,19327.86
TX1007111,CUST1486,ACC193401,,Withdrawal,6282.29
TX1007112,CUST2046,ACC146865,2024-10-08,withdrawal,12501.74
TX1007113,CUST2606,ACC161391,2024-11-24,bank-transfer,5565.5
TX1007114,CUST2631,ACC146424,2024-03-11,BankTransfer,4299.39
TX1007115,CUST2635,ACC156055,2024-04-09,POS,9481.28
TX1007116,CUST2425,ACC161151,2024-06-10,Bank Transfer,14271.06
TX1007117,CUST1589,ACC155116,2024-06-07,POS,3239.33
TX1007118,CUST2419,ACC153773,2024-07-28,Bank Transfer,2090.45
TX1007119,CUST2360,ACC160461,2024-10-28,WITHDRAWAL,13697.22
TX1007120,CUST1096,ACC103627,2024-06-10,Withdrawal,13208.12
TX1007121,CUST2897,ACC173257,2024-12-12,Bank Transfer,10129.93
TX1007122,CUST1781,ACC103463,2024-02-20,Bank Transfer,13238.49
TX1007123,CUST1793,ACC155170,2024-01-18,POS,16039.51
TX1007124,CUST1853,ACC111590,2024-01-02,Bank Transfer,13551.83
TX1007125,CUST2959,ACC199071,2024-04-11,BankTransfer,8492.62
TX1007126,CUST2614,ACC118426,2024-01-09,Bank Transfer,18464.71
TX1007127,CUST2998,ACC180636,2024-08-22,deposit,11767.99
TX1007128,CUST2403,ACC139634,2024-07-25,Bank Transfer,7750.24
TX1007129,CUST1640,ACC131804,2024-04-03,POS,10130.95
TX1007130,CUST2978,ACC176064,2024-01-02,Withdrawal,3628.95
TX1007131,CUST2130,ACC167135,2024-07-08,Bank Transfer,8209.5
TX1007132,CUST1110,ACC148904,2024-05-22,Withdrawal,6170.97
TX1007133,CUST1026,ACC116682,2024-06-17,Withdrawal,1412.19
TX1007134,CUST2523,ACC181381,2024-10-28,deposit,650.67
TX1007135,CUST1514,ACC171207,2024-07-13,Bank Transfer,10765.19
TX1007136,CUST1415,ACC174130,2024-08-12,Bank Transfer,6642.96
TX1007137,CUST2270,ACC138449,2024-02-08,WITHDRAWAL,19934.6
TX1007138,CUST2779,ACC107017,2024-06-18,Deposit,18344.81
TX1007139,CUST2599,ACC199003,2024-01-11,DEPOSIT,8397.39
TX1007140,CUST2762,ACC151466,2024-12-18,POS,18661.56
TX1007141,CUST2782,ACC116506,2024-01-24,Withdrawal,2216.42
TX1007142,CUST1907,ACC152814,2024-08-11,POS,2916.28
TX1007143,CUST2699,ACC187828,2024-08-09,Bank Transfer,6560.56
TX1007144,CUST1461,ACC100780,2024-12-08,Deposit,9546.45
TX1007145,CUST2866,ACC160661,2024-07-18,POS,
TX1007146,CUST2297,ACC167896,2024-08-04,POS,16639.99
TX1007147,CUST2443,ACC160322,2024-05-17,Deposit,11069.01
TX1007148,CUST2453,ACC107123,2024-02-17,Withdrawal,2879.98
TX1007149,CUST2326,ACC111096,2024-02-07,Bank Transfer,15406.27
TX1007150,CUST1753,ACC107168,2024-01-07,Deposit,16802.93
TX1007151,CUST2546,ACC135412,2024-11-27,Withdrawal,3333.26
TX1007152,CUST2205,ACC185181,2024-07-20,POS,9815.97
TX1007153,CUST2119,ACC114031,2024-07-08,Pos Purchase,11248.63
TX1007154,CUST2512,ACC143710,2024-06-02,Withdrawal,12830.35
TX1007155,CUST2235,ACC177901,2024-02-14,WITHDRAWAL,10685.22
TX1007156,CUST1402,ACC112766,2024-12-28,Bank Transfer,7346.96
TX1007157,CUST2589,ACC138086,2024-02-16,POS,12973.98
TX1007158,CUST2484,ACC174113,2024-12-26,Deposit,5172.51
TX1007159,CUST2974,ACC163106,2024-04-25,Bank Transfer,19106.12
TX1007160,CUST1396,ACC190517,2024-05-24,Deposit,11654.17
TX1007161,CUST1602,ACC143425,2024-01-01,POS,12494.17
TX1007162,CUST1919,ACC107977,2024-08-16,Deposit,8092.65
TX1007163,CUST1363,ACC115917,2024-10-04,pos,12767.14
TX1007164,CUST2398,ACC197055,2024-06-14,POS,5851.15
TX1007165,CUST1152,ACC176626,2024-02-21,POS,14383.66
TX1007166,CUST1382,ACC188396,2024-07-23,Deposit,6960.02
TX1007167,CUST2971,ACC166954,2024-11-10,Bank Transfer,19987.78
TX1007168,CUST1355,ACC196909,2024-10-29,POS,15569.95
TX1007169,CUST2505,ACC193972,2024-05-17,deposit,17514.6
TX1007170,CUST2052,ACC106949,2024-11-12,Withdrawal,3874.09
TX1007171,CUST1244,ACC191956,2024-08-28,Bank Transfer,14268.11
TX1007172,CUST1772,ACC126878,2024-01-22,Deposit,1243.62
TX1007173,CUST1083,ACC167667,2024-09-24,Bank Transfer,15898.07
TX1007174,CUST1877,ACC118894,2024-11-10,Bank Transfer,4297.95
TX1007175,CUST1571,ACC173668,2024-01-08,WITHDRAWAL,17985.03
TX1007176,CUST2139,ACC197048,2024-07-07,Deposit,4072.0
TX1007177,CUST1541,ACC164920,2024-10-14,Withdrawal,10596.95
TX1007178,CUST1266,ACC117878,2024-04-09,POS,7374.52
TX1007179,CUST1329,ACC129300,2024-08-08,Bank Transfer,8077.15
TX1007180,CUST2196,ACC188562,2024-08-02,Bank Transfer,9885.44
TX1007181,CUST2732,ACC183842,2024-10-07,POS,9866.07
TX1007182,CUST1522,ACC120286,2024-04-13,Deposit,2473.92
TX1007183,CUST1011,ACC139438,2024-05-30,Deposit,15030.01
TX1007184,CUST1676,ACC182344,2024-10-10,POS,16693.84
TX1007185,CUST1955,ACC140749,2024-03-13,Deposit,5112.83
TX1007186,CUST2453,ACC194259,2024-07-12,Withdrawal,14202.63
TX1007187,CUST2919,ACC100845,2024-09-30,POS,16949.42
TX1007188,CUST1317,ACC163564,2024-10-17,Deposit,5426.96
TX1007189,CUST1081,ACC181744,2024-10-16,Deposit,6115.46
TX1007190,CUST1314,ACC190148,2024-11-14,Deposit,105.51
TX1007191,CUST2901,ACC126306,2024-07-26,POS,14929.46
TX1007192,CUST1660,ACC115035,2024-03-22,Bank Transfer,5441.85
TX1007193,CUST2222,ACC108800,2024-07-17,Deposit,15689.03
TX1007194,CUST1104,ACC100004,2024-11-06,Deposit,7398.14
TX1007195,CUST2584,ACC120056,2024-08-23,Bank Transfer,4561.3
TX1007196,CUST2909,ACC179140,2024-01-08,POS,4776.45
TX1007197,CUST2280,ACC115864,2024-09-27,Deposit,17230.42
TX1007198,CUST2260,ACC168134,2024-04-29,POS,2469.52
TX1007199,CUST2726,ACC112696,2024-10-03,POS,14534.43
TX1007200,CUST2355,ACC132401,2024-08-09,DEPOSIT,6253.85
TX1007201,CUST1616,ACC126777,2024-10-12,Deposit,15512.28
TX1007202,CUST2004,ACC113579,2024-10-11,POS,8896.21
TX1007203,CUST2617,ACC162094,2024-09-23,bank-transfer,19837.1
TX1007204,CUST2172,ACC103231,2024-11-21,,9730.48
TX1007205,CUST2126,ACC166296,2024-10-16,Bank Transfer,11690.4
TX1007206,CUST1733,ACC158171,2024-03-01,Bank Transfer,52429.25
TX1007207,CUST1149,ACC151211,2024-08-29,deposit,3234.96
TX1007208,CUST2605,ACC107294,2024-09-27,Bank Transfer,14662.2
TX1007209,CUST2449,ACC115966,2024-12-15,withdrawal,10071.02
TX1007210,CUST1650,ACC139311,2024-12-04,WITHDRAWAL,17968.53
TX1007211,CUST2076,ACC153026,2024-11-24,Withdrawal,14985.67
TX1007212,CUST1450,ACC163402,2024-09-05,Bank Transfer,6117.03
TX1007213,CUST2959,ACC124123,2024-11-10,POS,9074.51
TX1007214,CUST1376,ACC130792,2024-02-07,,4130.59
TX1007215,CUST2066,ACC171659,2024-07-05,POS,5354.88
TX1007216,CUST1139,ACC134114,2024-01-16,Withdrawal,19897.84
TX1007217,CUST2610,ACC180315,2024-07-08,deposit,14226.52
TX1007218,CUST2034,ACC189302,2024-10-29,Withdrawal,11518.71
TX1007219,CUST1326,ACC157557,2024-08-07,BankTransfer,14819.62
TX1007220,CUST1851,ACC186266,2024-04-02,bank-transfer,2992.55
TX1007221,CUST2112,ACC180892,2024-07-04,Withdrawal,17277.26
TX1007222,CUST2099,ACC116147,2024-08-20,Bank Transfer,2307.0
TX1007223,CUST1826,ACC156669,2024-02-09,Bank Transfer,17055.4
TX1007224,CUST1188,ACC119168,2024-10-18,POS,18394.81
TX1007225,CUST1715,ACC183387,2024-08-20,Deposit,9614.01
TX1007226,CUST1453,ACC102838,2024-07-12,Withdrawal,3906.17
TX1007227,CUST2809,ACC124223,2024-01-12,Bank Transfer,8226.84
TX1007228,CUST1436,ACC118571,2024-12-20,,12625.08
TX1007229,CUST2358,ACC197596,2024-10-31,Withdrawal,17542.04
TX1007230,CUST1679,ACC186175,2024-05-01,pos,19835.84
TX1007231,CUST1678,ACC131546,2024-03-05,POS,8912.66
TX1007232,CUST1738,ACC122383,2024-01-12,POS,18793.57
TX1007233,CUST1601,ACC167045,2024-02-14,Deposit,10179.5
TX1007234,CUST1447,ACC197211,2024-03-08,Withdrawal,16717.88
TX1007235,CUST2946,ACC191701,2024-08-08,Withdrawal,16727.94
TX1007236,CUST2541,ACC171654,2024-12-25,pos,14047.91
TX1007237,CUST2266,ACC126260,2024-07-02,Deposit,18801.01
TX1007238,CUST2086,ACC162411,2024-08-20,Withdrawal,19350.91
TX1007239,CUST1972,ACC162975,2024-11-19,Deposit,4875.32
TX1007240,CUST2149,ACC138015,2024-09-24,Deposit,13339.83
TX1007241,CUST2686,ACC137938,2024-10-22,WITHDRAWAL,18196.63
TX1007242,CUST2540,ACC187495,2024-10-13,Withdrawal,18206.07
TX1007243,CUST2329,ACC113109,2024-04-05,Deposit,16791.76
TX1007244,CUST1018,ACC177170,2024-07-13,Deposit,6459.06
TX1007245,CUST1234,ACC164613,2024-01-08,Bank Transfer,19478.64
TX1007246,CUST2369,ACC148147,2024-06-03,Withdrawal,14899.67
TX1007247,CUST1708,ACC187516,2024-02-10,POS,2866.08
TX1007248,CUST1912,ACC136068,2024-10-10,Bank Transfer,12954.71
TX1007249,CUST1492,ACC151273,2024-01-03,Withdrawal,11805.92
TX1007250,CUST2852,ACC150570,2024-10-19,Pos Purchase,15923.94
TX1007251,CUST2315,ACC191442,2024-07-07,POS,13867.11
TX1007252,CUST2256,ACC114068,2024-03-12,Withdrawal,9916.35
TX1007253,CUST2881,ACC160812,2024-02-07,Bank Transfer,2416.24
TX1007254,CUST2272,ACC154643,2024-08-24,Pos Purchase,6483.01
TX1007255,CUST1499,ACC155683,2024-07-03,POS,14297.16
TX1007256,CUST2963,ACC119420,2024-06-20,POS,50.43
TX1007257,CUST1081,ACC103666,2024-09-18,Deposit,12707.23
TX1007258,CUST2397,ACC137148,2024-06-09,Bank Transfer,9514.52
TX1007259,CUST2813,ACC159910,2024-03-01,Deposit,18568.45
TX1007260,CUST1657,ACC115745,2024-08-23,Withdrawal,14015.79
TX1007261,CUST1781,ACC173952,2024-09-06,Deposit,5151.13
TX1007262,CUST2875,ACC151043,2024-08-21,Deposit,19260.62
TX1007263,CUST2630,ACC101444,2024-05-28,POS,3164.53
TX1007264,CUST2935,ACC176092,2024-12-27,Withdrawal,7546.64
TX1007265,CUST1232,ACC139683,2024-02-16,Bank Transfer,15867.42
TX1007266,CUST1790,ACC104467,2024-12-09,POS,944.36
TX1007267,CUST1525,ACC184555,2024-03-11,Bank Transfer,2427.14
TX1007268,CUST2106,ACC185252,2024-09-06,Withdrawal,18008.59
TX1007269,CUST2482,ACC186139,2024-05-31,bank-transfer,
TX1007270,CUST1579,ACC181248,2024-07-16,Deposit,7942.95
TX1007271,CUST1050,ACC158258,2024-11-04,Withdrawal,9889.11
TX1007272,CUST2866,ACC105587,2024-04-04,Bank Transfer,7048.93
TX1007273,CUST2058,ACC146494,2024-02-08,Withdrawal,9611.13
TX1007274,CUST2683,ACC118258,2024-02-19,POS,19993.22
TX1007275,CUST2577,ACC161329,2024-10-04,Withdrawal,8761.99
TX1007276,CUST1767,ACC194773,2024-12-10,POS,19812.35
TX1007277,CUST2053,ACC160076,2024-11-26,Bank Transfer,17628.12
TX1007278,CUST2644,ACC136294,2024-10-09,deposit,11517.31
TX1007279,CUST2041,ACC101195,2024-03-15,Withdrawal,14135.43
TX1007280,CUST1912,ACC120750,2024-05-23,POS,13773.75
TX1007281,CUST1996,ACC146890,2024-02-17,Withdrawal,2060.69
TX1007282,CUST1089,ACC165619,2024-11-07,Deposit,-8605.19
TX1007283,CUST1607,ACC165956,2024-12-30,Deposit,14828.37
TX1007284,CUST2839,ACC127627,2024-10-30,Pos Purchase,6522.65
TX1007285,CUST2334,ACC145722,2024-07-25,Withdrawal,8214.59
TX1007286,CUST1394,ACC192566,2024-03-11,Withdrawal,15937.18
TX1007287,CUST1656,ACC168820,2024-08-11,Withdrawal,5919.63
TX1007288,CUST2052,ACC151199,2024-05-16,Deposit,19991.62
TX1007289,CUST1168,ACC167245,2024-03-31,Bank Transfer,9175.8
TX1007290,CUST2941,ACC108226,2024-03-24,bank-transfer,11393.7
TX1007291,CUST1196,ACC122871,2024-03-13,Bank Transfer,12153.72
TX1007292,CUST1342,ACC185972,2024-11-04,Withdrawal,480.05
TX1007293,CUST2989,ACC119844,2024-09-01,POS,5889.25
TX1007294,CUST2958,ACC146119,2024-06-20,Deposit,10239.3
TX1007295,CUST2583,ACC185974,2024-09-19,Deposit,12585.2
TX1007296,CUST2101,ACC194268,2024-10-27,POS,9746.74
TX1007297,CUST2092,ACC173812,2024-02-08,Withdrawal,14388.6
TX1007298,CUST1015,ACC144471,2024-08-18,Withdrawal,9242.48
TX1007299,CUST2283,ACC160225,2024-01-28,Bank Transfer,2718.51
TX1007300,CUST1134,ACC193740,2024-12-28,POS,17293.54
TX1007301,CUST1431,ACC118355,2024-05-15,Bank Transfer,16965.24
TX1007302,CUST2372,ACC136482,2024-07-06,Pos Purchase,8773.68
TX1007303,CUST2289,ACC199956,2024-05-16,Bank Transfer,2885.29
TX1007304,CUST2584,ACC186303,2024-03-08,Bank Transfer,6961.34
TX1007305,CUST1436,ACC139705,2024-02-23,POS,4939.03
TX1007306,CUST2771,ACC151633,2024-10-10,Bank Transfer,1446.53
TX1007307,CUST2403,ACC108940,2024-06-26,Withdrawal,12810.59
TX1007308,CUST1868,ACC184559,2024-12-14,Withdrawal,19826.4
TX1007309,CUST2711,ACC163405,2024-05-30,Bank Transfer,11495.33
TX1007310,CUST1212,ACC149351,2024-07-09,Bank Transfer,6378.16
TX1007311,CUST1421,ACC161833,2024-09-05,Bank Transfer,6186.52
TX1007312,CUST2101,ACC179408,2024-01-24,Bank Transfer,8425.95
TX1007313,CUST2697,ACC186372,2024-06-12,,17716.94
TX1007314,CUST2439,ACC123642,2024-08-10,Deposit,2530.95
TX1007315,CUST2799,ACC175502,2024-09-15,Deposit,-8376.65
TX1007316,CUST2999,ACC192864,2024-03-05,Bank Transfer,16524.96
TX1007317,CUST2518,ACC166450,2024-01-02,pos,7685.16
TX1007318,CUST2587,ACC186364,2024-10-22,Withdrawal,9353.19
TX1007319,CUST1891,ACC168869,2024-03-13,POS,17827.69
TX1007320,CUST2324,ACC133977,2024-03-05,POS,3159.93
TX1007321,CUST2672,ACC116963,2024-07-06,Withdrawal,13070.9
TX1007322,CUST2924,ACC191457,2024-09-11,Deposit,13644.25
TX1007323,CUST1147,ACC142477,2024-01-01,Bank Transfer,8722.38
TX1007324,CUST2529,ACC177182,2024-12-29,Withdrawal,438.64
TX1007325,CUST2405,ACC176116,2024-10-21,Deposit,13877.16
TX1007326,CUST1314,ACC145625,2024-01-10,Withdrawal,2158.91
TX1007327,CUST1048,ACC176610,2024-01-26,Deposit,14203.48
TX1007328,CUST1940,ACC180933,2024-02-02,Withdrawal,14061.7
TX1007329,CUST2468,ACC152923,2024-11-19,POS,665.96
TX1007330,CUST1679,ACC108856,2024-07-23,POS,16264.69
TX1007331,CUST1077,ACC105888,2024-04-22,Bank Transfer,7863.49
TX1007332,CUST1179,ACC103869,2024-12-26,Deposit,1302.69
TX1007333,CUST1150,ACC196059,,Bank Transfer,5154.75
TX1007334,CUST1111,ACC120863,2024-07-28,POS,14034.42
TX1007335,CUST1364,ACC130369,2024-05-20,Deposit,17418.25
TX1007336,CUST2626,ACC112653,2024-01-28,POS,9430.58
TX1007337,CUST1515,ACC187197,2024-08-23,POS,1881.0
TX1007338,CUST2142,ACC113922,2024-03-28,Withdrawal,2709.97
TX1007339,CUST1144,ACC165461,2024-04-18,Withdrawal,15861.33
TX1007340,CUST2177,ACC189040,2024-03-10,,13443.58
TX1007341,CUST2682,ACC162444,2024-05-22,Deposit,-16312.59
TX1007342,CUST1466,ACC142422,2024-08-28,Bank Transfer,14247.14
TX1007343,CUST2865,ACC199602,2024-03-31,Withdrawal,7683.72
TX1007344,CUST1529,ACC130347,2024-09-14,,8714.18
TX1007345,CUST1834,ACC196029,2024-03-24,Withdrawal,19403.12
TX1007346,CUST1794,ACC131013,2024-10-13,pos,5736.88
TX1007347,CUST1923,ACC113819,2024-11-08,Bank Transfer,95.05
TX1007348,CUST2290,ACC122806,2024-06-16,Deposit,4693.89
TX1007349,CUST1828,ACC195441,2024-05-23,Deposit,12702.15
TX1007350,CUST1886,ACC150342,2024-01-03,Deposit,5561.55
TX1007351,CUST1647,ACC199066,2024-01-30,Withdrawal,12547.93
TX1007352,CUST1034,ACC155057,2024-02-15,POS,13042.06
TX1007353,CUST1797,ACC108437,2024-09-05,Withdrawal,13835.21
TX1007354,CUST2378,ACC108116,2024-09-23,Withdrawal,8243.35
TX1007355,CUST1242,ACC180203,2024-11-29,POS,11308.28
TX1007356,CUST2095,ACC132831,2024-09-21,Deposit,
TX1007357,CUST1012,ACC115004,2024-04-03,Withdrawal,4481.03
TX1007358,CUST2313,ACC104904,2024-03-23,Deposit,3341.62
TX1007359,CUST2475,ACC198295,2024-12-18,,19326.69
TX1007360,CUST2266,ACC109552,2024-05-14,Deposit,14910.83
TX1007361,CUST1129,ACC157872,2024-08-19,Bank Transfer,18270.62
TX1007362,CUST2548,ACC149063,2024-05-03,POS,9332.57
TX1007363,CUST2527,ACC179499,2024-02-16,POS,13313.93
TX1007364,CUST2199,ACC182744,2024-03-10,Deposit,7320.2
TX1007365,CUST1093,ACC103861,2024-08-02,Deposit,17790.45
TX1007366,CUST2435,ACC122815,2024-02-07,POS,4802.81
TX1007367,CUST2737,ACC142094,2024-07-18,POS,19340.65
TX1007368,CUST1148,ACC114111,2024-10-04,POS,650.12
TX1007369,CUST1732,ACC191583,2024-07-10,Deposit,6665.3
TX1007370,CUST2900,ACC158918,2024-01-04,Withdrawal,4494.78
TX1007371,CUST2029,ACC149496,2024-09-03,pos,2323.73
TX1007372,CUST1217,ACC117460,2024-02-03,POS,7569.5
TX1007373,CUST1593,ACC183544,2024-01-31,Withdrawal,16131.04
TX1007374,CUST2611,ACC175206,2024-06-28,Bank Transfer,17146.58
TX1007375,CUST2404,ACC172937,2024-10-14,Deposit,15146.59
TX1007376,CUST1617,ACC126179,2024-11-24,WITHDRAWAL,18253.25
TX1007377,CUST2242,ACC125653,2024-12-23,bank-transfer,11206.22
TX1007378,CUST1177,ACC133095,2024-01-31,POS,5939.28
TX1007379,CUST1576,ACC164369,2024-02-16,Pos Purchase,6651.65
TX1007380,CUST2567,ACC157345,2024-02-29,Bank Transfer,7452.07
TX1007381,CUST2897,ACC188978,2024-10-21,Withdrawal,8181.15
TX1007382,CUST1896,ACC137498,2024-07-09,Deposit,6312.9
TX1007383,CUST1781,ACC129556,2024-01-01,POS,613.15
TX1007384,CUST1809,ACC126370,2024-11-08,Withdrawal,232.58
TX1007385,CUST2683,ACC197275,2024-04-01,Deposit,14704.11
TX1007386,CUST2353,ACC121245,2024-08-25,Bank Transfer,13315.23
TX1007387,CUST1063,ACC156893,2024-02-25,POS,19635.73
TX1007388,CUST1970,ACC169275,2024-12-02,pos,177.89
TX1007389,CUST1320,ACC125204,2024-02-14,BankTransfer,19280.75
TX1007390,CUST2092,ACC111274,2024-06-10,Deposit,3137.23
TX1007391,CUST1450,ACC176298,2024-04-05,POS,18925.86
TX1007392,CUST1279,ACC103177,2024-08-06,Withdrawal,732.0
TX1007393,CUST2529,ACC182459,2024-02-11,Deposit,7975.57
TX1007394,CUST1800,ACC187642,2024-01-23,Withdrawal,9859.31
TX1007395,CUST2631,ACC112609,2024-07-04,Withdrawal,15958.89
TX1007396,CUST2633,ACC126678,2024-04-26,POS,5792.98
TX1007397,CUST2739,ACC104356,2024-08-13,pos,2542.88
TX1007398,CUST2117,ACC118423,2024-01-28,Bank Transfer,-3827.13
TX1007399,CUST1604,ACC100686,2024-10-18,POS,18568.44
TX1007400,CUST2966,ACC147128,2024-03-10,Bank Transfer,11737.71
TX1007401,CUST2298,ACC153480,2024-04-12,POS,16749.05
TX1007402,CUST1295,ACC174487,2024-01-23,POS,19346.64
TX1007403,CUST1610,ACC171641,2024-01-17,Bank Transfer,10927.79
TX1007404,CUST2387,ACC109432,2024-08-24,Withdrawal,8686.04
TX1007405,CUST2816,ACC144657,2024-02-06,Deposit,3474.96
TX1007406,CUST2872,ACC124288,2024-08-08,POS,18674.0
TX1007407,CUST2977,ACC189438,2024-10-30,Deposit,11230.71
TX1007408,CUST2628,ACC195679,2024-06-09,Bank Transfer,11938.07
TX1007409,CUST2775,ACC195457,2024-12-14,Withdrawal,17486.38
TX1007410,CUST2493,ACC184178,2024-01-08,Deposit,4937.72
TX1007411,CUST2326,ACC169226,2024-01-03,POS,8623.4
TX1007412,CUST1764,ACC165034,2024-09-04,Bank Transfer,709.49
TX1007413,CUST2960,ACC124921,2024-05-11,Deposit,12966.66
TX1007414,CUST2944,ACC127194,2024-12-24,Pos Purchase,6701.18
TX1007415,CUST1022,ACC174759,2024-11-30,Deposit,6923.31
TX1007416,CUST2133,ACC162093,2024-02-14,Withdrawal,7330.43
TX1007417,CUST2791,ACC165647,2024-09-15,Bank Transfer,9656.55
TX1007418,CUST2136,ACC146151,2024-10-20,Withdrawal,15229.67
TX1007419,CUST1289,ACC146725,2024-06-08,Bank Transfer,11751.71
TX1007420,CUST1252,ACC181065,2024-10-14,BankTransfer,15108.24
TX1007421,CUST1085,ACC173229,2024-12-30,DEPOSIT,13898.8
TX1007422,CUST1010,ACC118071,2024-06-16,Deposit,7271.0
TX1007423,CUST2172,ACC108802,2024-12-23,Deposit,17321.32
TX1007424,CUST2221,ACC157524,2024-05-30,Deposit,4023.12
TX1007425,CUST1807,ACC156034,2024-04-26,Bank Transfer,17551.12
TX1007426,CUST2100,ACC181981,2024-11-26,Deposit,5016.78
TX1007427,CUST2121,ACC149298,2024-03-13,Withdrawal,6698.16
TX1007428,CUST2939,ACC109288,2024-10-17,POS,1347.67
TX1007429,CUST1174,ACC174599,2024-09-24,Withdrawal,19585.36
TX1007430,CUST1624,ACC110242,2024-08-27,POS,9092.31
TX1007431,CUST1430,ACC116671,2024-07-30,Bank Transfer,3965.73
TX1007432,CUST2532,ACC167796,2024-10-30,Deposit,15306.97
TX1007433,CUST2518,ACC139089,2024-10-11,POS,5031.05
TX1007434,CUST2850,ACC113226,2024-10-20,Bank Transfer,17363.73
TX1007435,CUST2486,ACC115456,2024-04-19,Withdrawal,10603.91
TX1007436,CUST1704,ACC165367,2024-07-30,Deposit,407.68
TX1007437,CUST1433,ACC130221,2024-06-25,,1332.09
TX1007438,CUST1845,ACC106747,2024-03-08,deposit,19871.76
TX1007439,CUST2854,ACC178838,2024-10-31,Deposit,8467.98
TX1007440,CUST2322,ACC170849,2024-05-11,Withdrawal,3198.48
TX1007441,CUST2743,ACC143374,2024-05-22,POS,3955.22
TX1007442,CUST2049,ACC102954,2024-08-29,Withdrawal,5384.2
TX1007443,CUST1291,ACC129362,2024-02-29,Bank Transfer,15268.25
TX1007444,CUST1329,ACC137997,2024-07-30,Withdrawal,7940.25
TX1007445,CUST1376,ACC132949,2024-02-15,POS,13668.03
TX1007446,CUST1452,ACC151173,2024-11-15,Deposit,1548.13
TX1007447,CUST2263,ACC192179,2024-09-20,Withdrawal,2982.45
TX1007448,CUST2709,ACC146911,2024-03-13,Bank Transfer,14001.25
TX1007449,CUST1517,ACC108906,2024-08-30,bank-transfer,-18319.68
TX1007450,CUST1397,ACC120691,2024-04-13,Withdrawal,15402.73
TX1007451,CUST1234,ACC137757,2024-06-08,Deposit,4972.74
TX1007452,CUST1371,ACC109801,2024-10-02,POS,16250.03
TX1007453,CUST2374,ACC170047,2024-02-12,Bank Transfer,2558.85
TX1007454,CUST2637,ACC175413,2024-04-19,bank-transfer,13506.21
TX1007455,CUST2161,ACC131640,2024-02-06,Deposit,5241.58
TX1007456,CUST2745,ACC167863,2024-01-19,Withdrawal,17576.14
TX1007457,CUST1111,ACC180117,2024-05-12,Withdrawal,8998.55
TX1007458,CUST2743,ACC165542,2024-06-19,DEPOSIT,14831.83
TX1007459,CUST2538,ACC140925,2024-01-24,Bank Transfer,10206.06
TX1007460,CUST2909,ACC152326,2024-03-19,Withdrawal,19604.7
TX1007461,CUST2124,ACC181087,2024-06-29,Bank Transfer,58.2
TX1007462,CUST1944,ACC107424,2024-10-14,Withdrawal,5402.73
TX1007463,CUST2320,ACC171557,2024-12-05,Deposit,13822.85
TX1007464,CUST2125,ACC191425,2024-11-08,Deposit,3364.8
TX1007465,CUST1149,ACC114532,2024-07-25,POS,14413.62
TX1007466,CUST1595,ACC176385,2024-04-23,Bank Transfer,1455.31
TX1007467,CUST2375,ACC161732,2024-12-16,WITHDRAWAL,11171.82
TX1007468,CUST1137,ACC134478,2024-04-03,Withdrawal,5456.67
TX1007469,CUST1513,ACC185620,2024-02-05,Bank Transfer,15490.13
TX1007470,CUST1201,ACC103929,2024-08-27,Deposit,11115.57
TX1007471,CUST1404,ACC104230,2024-05-31,POS,17595.64
TX1007472,CUST2486,ACC144308,2024-04-19,Bank Transfer,13169.34
TX1007473,CUST2189,ACC155234,2024-07-03,Bank Transfer,4932.71
TX1007474,CUST1997,ACC134194,2024-08-12,Bank Transfer,15363.4
TX1007475,CUST2948,ACC126281,2024-05-11,bank-transfer,-18968.55
TX1007476,CUST1677,ACC143848,2024-09-25,Withdrawal,11080.53
TX1007477,CUST1731,ACC107784,2024-05-03,Bank Transfer,15288.54
TX1007478,CUST1262,ACC118256,2024-06-21,deposit,-17292.0
TX1007479,CUST2374,ACC126769,2024-03-18,Deposit,14550.87
TX1007480,CUST2342,ACC171707,2024-08-03,Withdrawal,14668.11
TX1007481,CUST1480,ACC196190,2024-09-28,Withdrawal,2396.52
TX1007482,CUST1204,ACC143202,2024-01-31,Bank Transfer,2723.84
TX1007483,CUST1583,ACC199266,2024-07-26,Deposit,8042.98
TX1007484,CUST2268,ACC186944,2024-05-19,Deposit,2208.21
TX1007485,CUST1142,ACC108169,2024-10-06,Withdrawal,15083.98
TX1007486,CUST2843,ACC130882,2024-08-10,Withdrawal,12033.46
TX1007487,CUST1396,ACC164691,2024-01-20,Withdrawal,175.64
TX1007488,CUST1650,ACC109556,2024-08-07,Deposit,293.96
TX1007489,CUST1995,ACC173905,2024-08-17,Bank Transfer,17035.03
TX1007490,CUST1922,ACC179954,2024-04-09,Bank Transfer,6479.37
TX1007491,CUST1672,ACC192155,2024-10-28,POS,10841.38
TX1007492,CUST2262,ACC104634,2024-10-07,Deposit,11859.47
TX1007493,CUST2350,ACC145330,2024-04-22,deposit,17453.74
TX1007494,CUST1626,ACC109275,2024-05-08,Bank Transfer,6600.71
TX1007495,CUST2420,ACC154557,2024-06-02,POS,13091.15
TX1007496,CUST2196,ACC178400,2024-10-04,DEPOSIT,19785.15
TX1007497,CUST1312,ACC196900,2024-09-14,WITHDRAWAL,-845.59
TX1007498,CUST2158,ACC180272,2024-04-09,POS,2423.56
TX1007499,CUST2160,ACC110563,2024-10-07,Deposit,331.42
TX1007500,CUST1746,ACC172276,2024-06-04,POS,4340.44
TX1007501,CUST2654,ACC162753,2024-03-31,Deposit,14250.84
TX1007502,CUST1647,ACC116969,2024-06-11,WITHDRAWAL,512.99
TX1007503,CUST2963,ACC135456,2024-04-26,Bank Transfer,19879.44
TX1007504,CUST1877,ACC194808,2024-07-14,Bank Transfer,11061.8
TX1007505,CUST1345,ACC105471,2024-11-18,POS,14824.09
TX1007506,CUST1009,ACC113639,2024-06-01,POS,13900.61
TX1007507,CUST1641,ACC104666,2024-07-26,Deposit,17864.76
TX1007508,CUST1504,ACC165089,2024-03-11,Bank Transfer,6788.67
TX1007509,CUST2609,ACC166532,2024-10-03,BankTransfer,19618.76
TX1007510,CUST1453,ACC129523,2024-01-25,Withdrawal,14206.97
TX1007511,CUST2458,ACC185240,2024-06-18,POS,6832.07
TX1007512,CUST2515,ACC145908,2024-06-20,POS,12835.04
TX1007513,CUST2312,ACC156559,2024-01-28,Deposit,14415.96
TX1007514,CUST1893,ACC162599,2024-08-16,Bank Transfer,13149.25
TX1007515,CUST1566,ACC139769,2024-08-15,Deposit,16209.07
TX1007516,CUST2720,ACC129852,2024-05-21,POS,11830.27
TX1007517,CUST1736,ACC102810,2024-12-26,DEPOSIT,770.35
TX1007518,CUST1275,ACC107255,2024-01-26,deposit,3695.71
TX1007519,CUST2391,ACC103454,2024-07-20,Pos Purchase,2122.17
TX1007520,CUST2501,ACC125712,2024-07-03,Withdrawal,4725.91
TX1007521,CUST1679,ACC170016,2024-08-17,Withdrawal,
TX1007522,CUST2797,ACC179709,2024-11-13,POS,8224.53
TX1007523,CUST1982,ACC149727,2024-06-20,POS,8302.67
TX1007524,CUST1947,ACC189383,2024-06-29,pos,6076.18
TX1007525,CUST1912,ACC189600,2024-02-10,Deposit,450.59
TX1007526,CUST1734,ACC196721,2024-07-05,POS,2750.56
TX1007527,CUST2586,ACC102371,2024-07-22,POS,12731.06
TX1007528,CUST1625,ACC172416,2024-03-22,POS,3223.66
TX1007529,CUST1997,ACC163199,2024-04-15,POS,19120.64
TX1007530,CUST2129,ACC106834,2024-10-16,POS,5819.34
TX1007531,CUST1222,ACC150741,2024-04-03,,8608.99
TX1007532,CUST1359,ACC149444,2024-01-05,Deposit,8965.86
TX1007533,CUST2322,ACC191152,2024-10-31,Pos Purchase,8446.29
TX1007534,CUST2242,ACC116415,2024-01-18,Deposit,5172.99
TX1007535,CUST1167,ACC156324,2024-10-03,Deposit,10119.35
TX1007536,CUST2723,ACC191925,2024-06-19,Bank Transfer,2989.16
TX1007537,CUST1574,ACC155945,2024-06-15,Bank Transfer,13711.58
TX1007538,CUST2758,ACC172029,2024-02-24,POS,14547.34
TX1007539,CUST2692,ACC118057,2024-01-22,,11323.98
TX1007540,CUST1286,ACC115149,2024-09-09,Deposit,17280.36
TX1007541,CUST2825,ACC157403,,POS,7936.81
TX1007542,CUST2103,ACC115465,2024-12-24,BankTransfer,
TX1007543,CUST1402,ACC180694,2024-06-07,pos,9146.17
TX1007544,CUST1539,ACC148196,2024-01-15,Withdrawal,16176.43
TX1007545,CUST2502,ACC146109,2024-12-07,DEPOSIT,12441.66
TX1007546,CUST2815,ACC125381,2024-11-03,Withdrawal,16473.45
TX1007547,CUST2283,ACC144974,2024-02-22,Bank Transfer,15670.59
TX1007548,CUST1156,ACC157216,2024-04-29,BankTransfer,5276.56
TX1007549,CUST2489,ACC107592,2024-02-21,POS,18030.06
TX1007550,CUST1154,ACC131217,2024-02-12,deposit,14490.37
TX1007551,CUST2827,ACC130413,2024-02-21,POS,11980.38
TX1007552,CUST1038,ACC112057,2024-08-24,Withdrawal,16946.23
TX1007553,CUST2739,ACC177151,2024-09-16,Bank Transfer,7781.97
TX1007554,CUST2038,ACC101317,2024-07-17,Deposit,17240.97
TX1007555,CUST2293,ACC129769,2024-02-18,Deposit,2981.22
TX1007556,CUST1063,ACC154141,2024-11-03,Bank Transfer,4901.38
TX1007557,CUST2664,ACC197973,2024-12-17,Bank Transfer,1589.91
TX1007558,CUST2191,ACC198640,2024-01-10,Deposit,16870.14
TX1007559,CUST2185,ACC170283,2024-03-13,BankTransfer,14904.29
TX1007560,CUST1829,ACC174455,2024-06-17,POS,7395.19
TX1007561,CUST2575,ACC106000,2024-05-31,Withdrawal,19372.68
TX1007562,CUST2208,ACC101952,2024-12-26,pos,7085.49
TX1007563,CUST1435,ACC194349,2024-08-15,Deposit,14311.52
TX1007564,CUST2856,ACC132757,2024-12-15,Bank Transfer,17435.34
TX1007565,CUST1075,ACC107455,2024-07-18,,15182.66
TX1007566,CUST2129,ACC110041,2024-01-28,Deposit,7820.95
TX1007567,CUST1533,ACC107425,2024-12-17,Bank Transfer,9824.46
TX1007568,CUST2113,ACC116608,2024-12-25,pos,17213.81
TX1007569,CUST2830,ACC157482,2024-03-31,Withdrawal,10250.69
TX1007570,CUST2105,ACC123670,2024-03-27,POS,
TX1007571,CUST1966,ACC137040,2024-11-20,deposit,463.76
TX1007572,CUST2339,ACC105730,2024-01-13,POS,19599.67
TX1007573,CUST2587,ACC141173,2024-07-26,Bank Transfer,12476.2
TX1007574,CUST1304,ACC145831,2024-11-13,Bank Transfer,16988.8
TX1007575,CUST1749,ACC178959,2024-07-08,POS,6071.09
TX1007576,CUST1803,ACC185879,2024-04-29,POS,18543.08
TX1007577,CUST1457,ACC132013,2024-06-10,Deposit,11400.49
TX1007578,CUST2825,ACC138327,2024-05-17,Deposit,15078.49
TX1007579,CUST2581,ACC117002,2024-12-23,Deposit,5821.13
TX1007580,CUST2207,ACC179445,2024-02-12,Deposit,2017.54
TX1007581,CUST2501,ACC152142,2024-12-15,Deposit,5420.69
TX1007582,CUST2755,ACC162744,2024-03-31,POS,798.9
TX1007583,CUST1595,ACC186190,2024-01-01,Deposit,7718.53
TX1007584,CUST1274,ACC116040,2024-02-12,Bank Transfer,17514.01
TX1007585,CUST1951,ACC186060,2024-12-07,POS,14131.79
TX1007586,CUST2026,ACC110066,2024-03-10,BankTransfer,11275.14
TX1007587,CUST2045,ACC110011,2024-04-03,Bank Transfer,6466.01
TX1007588,CUST1185,ACC132794,2024-08-12,Bank Transfer,15888.19
TX1007589,CUST1812,ACC171256,2024-06-09,Bank Transfer,2612.37
TX1007590,CUST1745,ACC126982,2024-10-16,pos,2550.29
TX1007591,CUST2028,ACC164871,2024-07-01,Pos Purchase,4529.94
TX1007592,CUST1021,ACC192439,2024-01-31,Withdrawal,9440.56
TX1007593,CUST2357,ACC196366,2024-01-06,Deposit,2963.5
TX1007594,CUST1489,ACC146787,2024-03-21,Withdrawal,5431.61
TX1007595,CUST2736,ACC128873,2024-08-01,Withdrawal,14552.08
TX1007596,CUST2974,ACC158135,2024-12-24,POS,19641.85
TX1007597,CUST2651,ACC193471,2024-01-26,Withdrawal,18350.01
TX1007598,CUST2257,ACC139677,2024-02-10,Bank Transfer,7717.11
TX1007599,CUST2401,ACC148094,2024-06-12,Bank Transfer,1889.56
TX1007600,CUST1339,ACC172273,2024-02-26,,3735.12
TX1007601,CUST2550,ACC138362,2024-06-21,Deposit,1983.76
TX1007602,CUST2052,ACC185674,2024-04-19,BankTransfer,4359.23
TX1007603,CUST1287,ACC132008,2024-04-03,Deposit,17329.48
TX1007604,CUST1913,ACC169054,2024-06-26,Bank Transfer,7287.85
TX1007605,CUST1326,ACC135066,2024-12-01,BankTransfer,16797.24
TX1007606,CUST1366,ACC141793,2024-12-17,Bank Transfer,15587.8
TX1007607,CUST2159,ACC191458,2024-12-17,POS,9805.25
TX1007608,CUST2942,ACC170964,2024-10-28,DEPOSIT,6418.69
TX1007609,CUST2158,ACC165987,2024-05-12,POS,7943.25
TX1007610,CUST2350,ACC113681,2024-08-13,POS,10084.67
TX1007611,CUST2786,ACC107077,2024-11-20,Pos Purchase,276.29
TX1007612,CUST2981,ACC145434,2024-11-12,POS,6465.01
TX1007613,CUST1299,ACC153848,2024-06-22,Deposit,10084.95
TX1007614,CUST2507,ACC192471,2024-01-17,Withdrawal,11536.41
TX1007615,CUST2499,ACC181509,2024-08-12,Withdrawal,6252.72
TX1007616,CUST1990,ACC163728,2024-05-24,POS,19287.63
TX1007617,CUST2923,ACC136671,2024-01-23,Bank Transfer,10366.38
TX1007618,CUST1734,ACC110282,2024-09-09,deposit,7386.17
TX1007619,CUST1082,ACC126680,2024-02-21,WITHDRAWAL,12673.45
TX1007620,CUST1448,ACC117974,2024-08-14,POS,18510.92
TX1007621,CUST2559,ACC168287,2024-12-26,Deposit,16809.58
TX1007622,CUST1998,ACC130216,2024-04-07,POS,13509.82
TX1007623,CUST1474,ACC139968,2024-03-07,Bank Transfer,9481.78
TX1007624,CUST1128,ACC197243,2024-08-25,pos,10612.71
TX1007625,CUST1541,ACC172478,2024-10-31,Deposit,11296.32
TX1007626,CUST1756,ACC127625,2024-10-08,WITHDRAWAL,18558.24
TX1007627,CUST1479,ACC116088,2024-01-26,BankTransfer,2508.44
TX1007628,CUST1087,ACC148809,2024-06-30,Withdrawal,3447.97
TX1007629,CUST2369,ACC195015,2024-12-28,DEPOSIT,8673.08
TX1007630,CUST1423,ACC118607,2024-10-29,deposit,7667.64
TX1007631,CUST2060,ACC104701,2024-12-11,POS,7624.0
TX1007632,CUST2859,ACC130815,2024-07-06,POS,3930.93
TX1007633,CUST2620,ACC191533,2024-11-25,Withdrawal,7415.41
TX1007634,CUST1739,ACC157708,2024-01-15,POS,18308.19
TX1007635,CUST1794,ACC185184,2024-04-28,Pos Purchase,8301.59
TX1007636,CUST1961,ACC159475,2024-12-07,Deposit,2850.01
TX1007637,CUST2879,ACC114973,2024-02-03,Withdrawal,9175.09
TX1007638,CUST1931,ACC102790,2024-01-25,Withdrawal,13769.9
TX1007639,CUST2805,ACC165392,2024-01-05,Withdrawal,2785.74
TX1007640,CUST1095,ACC104424,2024-07-20,Bank Transfer,8292.22
TX1007641,CUST1081,ACC135428,2024-05-27,Deposit,4726.77
TX1007642,CUST2328,ACC136433,2024-12-12,Withdrawal,16125.95
TX1007643,CUST1663,ACC177101,2024-11-14,deposit,9405.52
TX1007644,CUST1211,ACC150354,2024-04-20,Withdrawal,4621.61
TX1007645,CUST2441,ACC139375,2024-06-04,pos,5093.79
TX1007646,CUST2983,ACC111074,2024-01-07,Deposit,10653.14
TX1007647,CUST2067,ACC107827,2024-04-14,WITHDRAWAL,12264.31
TX1007648,CUST2297,ACC136581,2024-12-19,deposit,12150.66
TX1007649,CUST2699,ACC179920,2024-10-23,Bank Transfer,15054.35
TX1007650,CUST1560,ACC150323,2024-03-01,Withdrawal,
TX1007651,CUST2709,ACC164927,2024-01-02,Withdrawal,6790.9
TX1007652,CUST2519,ACC102470,2024-05-22,Withdrawal,19802.54
TX1007653,CUST1539,ACC150146,2024-06-27,Withdrawal,16702.2
TX1007654,CUST2185,ACC150418,2024-03-05,Deposit,16425.61
TX1007655,CUST2114,ACC158198,2024-01-17,Deposit,15583.81
TX1007656,CUST2167,ACC105821,2024-04-19,Withdrawal,664.0
TX1007657,CUST1356,ACC129418,2024-08-07,Withdrawal,18102.65
TX1007658,CUST1771,ACC126965,2024-01-24,Withdrawal,15670.66
TX1007659,CUST2338,ACC149719,2024-09-16,POS,16439.83
TX1007660,CUST1775,ACC124173,2024-11-09,pos,16889.61
TX1007661,CUST1748,ACC186497,2024-12-23,bank-transfer,17881.4
TX1007662,CUST2203,ACC156503,2024-05-25,Deposit,364.78
TX1007663,CUST2338,ACC169794,2024-02-02,POS,17219.26
TX1007664,CUST2839,ACC106849,2024-02-06,Deposit,9947.7
TX1007665,CUST2711,ACC186560,2024-10-04,POS,13562.1
TX1007666,CUST1159,ACC139996,2024-06-02,Bank Transfer,544.45
TX1007667,CUST2058,ACC104103,2024-11-16,Withdrawal,2607.58
TX1007668,CUST1515,ACC170981,2024-11-10,Deposit,5931.05
TX1007669,CUST1770,ACC145587,2024-02-18,POS,17352.26
TX1007670,CUST2992,ACC103406,2024-04-23,Withdrawal,364.43
TX1007671,CUST2858,ACC179788,2024-11-30,Withdrawal,14980.52
TX1007672,CUST1456,ACC198890,2024-06-21,deposit,13214.2
TX1007673,CUST2057,ACC144068,2024-11-11,,11432.12
TX1007674,CUST1831,ACC134410,2024-11-11,POS,5356.45
TX1007675,CUST1722,ACC198738,2024-03-30,Withdrawal,4471.96
TX1007676,CUST2673,ACC177458,2024-10-06,POS,7301.44
TX1007677,CUST2777,ACC128382,2024-07-02,Withdrawal,4278.81
TX1007678,CUST1706,ACC199254,2024-06-26,Bank Transfer,1918.69
TX1007679,CUST1997,ACC103584,2024-05-04,Deposit,17605.51
TX1007680,CUST2623,ACC144688,2024-07-10,Withdrawal,12854.34
TX1007681,CUST1987,ACC195130,2024-12-17,Bank Transfer,13933.38
TX1007682,CUST2816,ACC181465,2024-10-17,Withdrawal,12429.49
TX1007683,CUST2237,ACC156895,2024-06-23,POS,622.71
TX1007684,CUST1013,ACC156039,2024-03-16,Deposit,4347.08
TX1007685,CUST2027,ACC195581,2024-01-24,Deposit,18996.11
TX1007686,CUST2806,ACC196392,2024-07-04,POS,14721.76
TX1007687,CUST1284,ACC198618,2024-07-17,Bank Transfer,2482.69
TX1007688,CUST1900,ACC107486,2024-02-06,Bank Transfer,10576.48
TX1007689,CUST1339,ACC114314,2024-01-18,Pos Purchase,16761.2
TX1007690,CUST1471,ACC172521,2024-01-31,Bank Transfer,14970.81
TX1007691,CUST1157,ACC150870,2024-07-27,,19326.98
TX1007692,CUST2053,ACC194541,2024-09-06,Bank Transfer,17136.33
TX1007693,CUST2317,ACC188862,2024-10-18,Withdrawal,12746.6
TX1007694,CUST1575,ACC137672,2024-10-22,DEPOSIT,17769.83
TX1007695,CUST1433,ACC170092,2024-01-07,Deposit,8446.36
TX1007696,CUST1307,ACC160752,2024-11-25,Deposit,9732.18
TX1007697,CUST1382,ACC155552,2024-01-10,BankTransfer,14896.35
TX1007698,CUST1322,ACC175052,2024-07-22,Withdrawal,9419.18
TX1007699,CUST1741,ACC194269,2024-10-19,Bank Transfer,12921.53
TX1007700,CUST2232,ACC174488,2024-08-07,Bank Transfer,2723.51
TX1007701,CUST2469,ACC168014,2024-10-07,Bank Transfer,1044.28
TX1007702,CUST2673,ACC134091,2024-01-31,Withdrawal,18535.09
TX1007703,CUST1242,ACC121305,2024-02-07,DEPOSIT,1598.67
TX1007704,CUST2353,ACC149976,2024-10-06,Bank Transfer,17450.93
TX1007705,CUST1471,ACC161254,2024-07-17,Withdrawal,5912.56
TX1007706,CUST1849,ACC197731,2024-08-12,POS,11030.57
TX1007707,CUST2661,ACC131224,2024-09-01,POS,10190.84
TX1007708,CUST1676,ACC117284,2024-05-14,Bank Transfer,4945.52
TX1007709,CUST2475,ACC101990,2024-01-23,Withdrawal,9370.82
TX1007710,CUST1232,ACC136791,2024-12-22,bank-transfer,11160.6
TX1007711,CUST1986,ACC189469,2024-05-03,Bank Transfer,7891.67
TX1007712,CUST2382,ACC135965,2024-09-02,Deposit,15849.18
TX1007713,CUST1980,ACC111211,2024-09-13,POS,12851.8
TX1007714,CUST1981,ACC132759,2024-05-16,Deposit,8944.84
TX1007715,CUST1431,ACC171146,2024-12-21,POS,14234.28
TX1007716,CUST2209,ACC138774,2024-12-14,POS,15719.1
TX1007717,CUST1330,ACC144241,2024-03-05,DEPOSIT,15061.17
TX1007718,CUST2325,ACC174852,2024-04-21,POS,12890.56
TX1007719,CUST2706,ACC151721,2024-12-05,deposit,3775.9
TX1007720,CUST1841,ACC105060,2024-04-09,Withdrawal,18664.57
TX1007721,CUST1045,ACC180681,2024-10-18,bank-transfer,18649.12
TX1007722,CUST1499,ACC135949,2024-05-27,Withdrawal,2857.92
TX1007723,CUST1088,ACC147408,2024-06-06,Deposit,6496.8
TX1007724,CUST1261,ACC135225,2024-10-24,Bank Transfer,11833.54
TX1007725,CUST2174,ACC186406,2024-12-23,Deposit,18824.1
TX1007726,CUST2213,ACC132835,2024-07-10,pos,2602.14
TX1007727,CUST1329,ACC185594,2024-04-25,pos,5280.92
TX1007728,CUST1275,ACC179691,2024-01-11,Deposit,7208.07
TX1007729,CUST2289,ACC101617,2024-01-02,Bank Transfer,15285.88
TX1007730,CUST2049,ACC116293,2024-07-20,POS,9543.09
TX1007731,CUST1080,ACC140225,2024-09-08,POS,15401.55
TX1007732,CUST2824,ACC174506,2024-08-22,Withdrawal,9125.2
TX1007733,CUST2172,ACC186609,2024-07-12,BankTransfer,5052.56
TX1007734,CUST1300,ACC142072,2024-03-21,POS,8923.57
TX1007735,CUST1114,ACC134670,2024-06-20,POS,6788.15
TX1007736,CUST1340,ACC123433,2024-06-16,Withdrawal,3305.46
TX1007737,CUST1528,ACC158170,2024-01-05,,2141.95
TX1007738,CUST2889,ACC160650,2024-04-21,Deposit,16092.46
TX1007739,CUST1368,ACC102263,2024-03-23,Deposit,10515.55
TX1007740,CUST2058,ACC157659,2024-11-20,Bank Transfer,6892.06
TX1007741,CUST2962,ACC101162,2024-06-27,Withdrawal,1873.76
TX1007742,CUST1830,ACC161137,2024-01-06,Bank Transfer,18714.34
TX1007743,CUST2227,ACC104850,2024-02-07,Bank Transfer,5646.66
TX1007744,CUST2985,ACC147018,2024-09-09,POS,6187.15
TX1007745,CUST2154,ACC162941,2024-04-18,Withdrawal,19905.66
TX1007746,CUST2305,ACC183590,2024-07-13,Deposit,4553.21
TX1007747,CUST1038,ACC172955,2024-06-09,deposit,7575.45
TX1007748,CUST2799,ACC128553,2024-05-10,POS,10629.58
TX1007749,CUST2473,ACC153557,2024-03-07,Bank Transfer,11652.89
TX1007750,CUST2490,ACC107678,2024-07-19,Bank Transfer,7930.76
TX1007751,CUST2355,ACC175965,2024-04-04,Deposit,15319.59
TX1007752,CUST2682,ACC110426,2024-05-26,POS,9788.83
TX1007753,CUST1580,ACC136234,2024-02-24,Deposit,16645.38
TX1007754,CUST2939,ACC179996,2024-08-23,Withdrawal,17464.9
TX1007755,CUST1175,ACC172279,2024-10-02,Withdrawal,-3535.16
TX1007756,CUST1443,ACC141160,2024-05-10,Withdrawal,15677.58
TX1007757,CUST1919,ACC108394,2024-04-04,Deposit,15164.82
TX1007758,CUST2242,ACC157729,2024-10-25,Pos Purchase,15918.47
TX1007759,CUST1965,ACC123567,2024-02-01,,5714.39
TX1007760,CUST2776,ACC133817,2024-11-17,Deposit,6631.2
TX1007761,CUST1986,ACC136194,2024-04-05,Bank Transfer,13764.34
TX1007762,CUST1349,ACC134018,2024-12-04,Deposit,13841.97
TX1007763,CUST1449,ACC164871,2024-10-20,pos,11761.05
TX1007764,CUST2700,ACC116675,2024-12-25,Withdrawal,11213.31
TX1007765,CUST1841,ACC129808,2024-03-17,POS,7376.44
TX1007766,CUST2230,ACC182619,2024-04-22,Bank Transfer,10064.34
TX1007767,CUST1292,ACC122871,2024-04-23,Withdrawal,11885.24
TX1007768,CUST2627,ACC119254,2024-06-06,bank-transfer,8947.01
TX1007769,CUST2193,ACC180995,2024-06-18,Withdrawal,9501.33
TX1007770,CUST2680,ACC185980,2024-02-18,Deposit,17610.4
TX1007771,CUST2571,ACC106498,2024-02-05,WITHDRAWAL,11528.8
TX1007772,CUST1372,ACC130496,2024-01-08,Withdrawal,19044.07
TX1007773,CUST2276,ACC115000,2024-01-17,Deposit,16589.55
TX1007774,CUST2350,ACC185799,2024-10-19,Deposit,13652.56
TX1007775,CUST2046,ACC105046,2024-01-21,,3561.39
TX1007776,CUST1541,ACC124150,2024-11-25,Bank Transfer,6813.26
TX1007777,CUST1343,ACC189711,2024-08-03,Bank Transfer,2624.74
TX1007778,CUST2483,ACC166416,2024-12-12,Bank Transfer,12782.99
TX1007779,CUST2404,ACC157712,2024-01-24,Bank Transfer,3012.77
TX1007780,CUST1701,ACC176007,2024-07-01,Deposit,19467.25
TX1007781,CUST2888,ACC141593,2024-05-05,,6351.48
TX1007782,CUST1928,ACC105499,2024-01-03,,8151.97
TX1007783,CUST2221,ACC172536,2024-11-22,Bank Transfer,85224.79999999999
TX1007784,CUST2209,ACC194025,2024-10-03,Withdrawal,14256.64
TX1007785,CUST1140,ACC129878,,Bank Transfer,14084.5
TX1007786,CUST1470,ACC107970,2024-07-30,Deposit,9489.27
TX1007787,CUST1774,ACC193657,2024-09-18,Bank Transfer,19005.6
TX1007788,CUST1789,ACC133954,2024-05-09,WITHDRAWAL,8236.07
TX1007789,CUST1270,ACC133743,2024-05-04,BankTransfer,19743.3
TX1007790,CUST1222,ACC102112,2024-01-08,WITHDRAWAL,12900.45
TX1007791,CUST1033,ACC188917,2024-03-18,WITHDRAWAL,10511.53
TX1007792,CUST1414,ACC146312,2024-02-29,Bank Transfer,15864.19
TX1007793,CUST2070,ACC170836,2024-02-15,Deposit,10401.15
TX1007794,CUST2760,ACC194151,2024-07-15,Deposit,15236.67
TX1007795,CUST2862,ACC105863,2024-07-20,Bank Transfer,10340.44
TX1007796,CUST2032,ACC178719,2024-08-15,Withdrawal,8696.02
TX1007797,CUST2401,ACC130762,2024-04-22,POS,14354.41
TX1007798,CUST1859,ACC145839,2024-03-10,POS,14928.38
TX1007799,CUST2692,ACC114308,2024-11-11,Bank Transfer,1577.79
TX1007800,CUST1306,ACC110155,2024-01-04,Bank Transfer,4504.25
TX1007801,CUST2240,ACC166445,2024-05-24,Withdrawal,11488.08
TX1007802,CUST1197,ACC158171,2024-12-13,Deposit,12371.82
TX1007803,CUST1363,ACC114835,2024-06-20,Withdrawal,5818.62
TX1007804,CUST1974,ACC166982,2024-08-21,POS,12747.9
TX1007805,CUST2846,ACC110151,2024-06-20,Withdrawal,19563.06
TX1007806,CUST2259,ACC131061,2024-10-15,POS,11719.65
TX1007807,CUST2228,ACC126744,2024-10-11,deposit,14088.22
TX1007808,CUST1079,ACC142701,2024-10-05,Bank Transfer,6511.1
TX1007809,CUST2797,ACC174758,2024-08-18,WITHDRAWAL,14249.72
TX1007810,CUST2605,ACC148674,2024-06-14,Bank Transfer,6712.97
TX1007811,CUST2088,ACC189262,2024-10-16,bank-transfer,8770.17
TX1007812,CUST2030,ACC154521,2024-04-05,Bank Transfer,4600.83
TX1007813,CUST2540,ACC109357,2024-02-14,POS,12654.82
TX1007814,CUST1240,ACC184133,2024-03-28,Withdrawal,19225.05
TX1007815,CUST1190,ACC155898,2024-10-30,Withdrawal,1042.66
TX1007816,CUST1987,ACC137104,2024-10-30,Withdrawal,12379.27
TX1007817,CUST2350,ACC118753,2024-08-04,POS,9217.92
TX1007818,CUST1266,ACC103236,2024-06-08,Deposit,9891.64
TX1007819,CUST2847,ACC142800,2024-03-26,POS,11423.24
TX1007820,CUST2235,ACC179556,2024-07-21,Deposit,2761.41
TX1007821,CUST2104,ACC147223,2024-01-24,WITHDRAWAL,13496.93
TX1007822,CUST2694,ACC143907,2024-04-28,Bank Transfer,10108.58
TX1007823,CUST1002,ACC153495,2024-05-03,Bank Transfer,15640.94
TX1007824,CUST2836,ACC185456,2024-08-02,Deposit,7587.67
TX1007825,CUST2920,ACC149114,2024-12-09,DEPOSIT,16614.33
TX1007826,CUST2586,ACC161693,2024-04-01,Withdrawal,5848.27
TX1007827,CUST2389,ACC138543,2024-01-05,Withdrawal,19199.14
TX1007828,CUST2329,ACC181515,2024-12-21,POS,18873.67
TX1007829,CUST1883,ACC104083,2024-03-13,POS,17558.4
TX1007830,CUST2069,ACC121012,2024-08-22,Deposit,13582.54
TX1007831,CUST1861,ACC148274,2024-07-08,pos,11408.14
TX1007832,CUST1758,ACC105847,2024-06-30,,14162.92
TX1007833,CUST2791,ACC138125,2024-09-23,Deposit,11083.57
TX1007834,CUST1088,ACC119669,2024-04-05,POS,12636.94
TX1007835,CUST2428,ACC177493,2024-02-09,Deposit,16203.71
TX1007836,CUST2085,ACC103346,2024-05-10,BankTransfer,15888.01
TX1007837,CUST1878,ACC113924,2024-08-24,Bank Transfer,416.3
TX1007838,CUST1469,ACC179827,2024-08-25,Deposit,11007.31
TX1007839,CUST2921,ACC127719,2024-01-13,Deposit,12899.64
TX1007840,CUST2643,ACC141039,2024-12-21,Pos Purchase,474.59
TX1007841,CUST1987,ACC166951,2024-11-01,POS,612.86
TX1007842,CUST2617,ACC193817,2024-03-05,POS,14849.67
TX1007843,CUST2574,ACC197261,2024-01-01,Withdrawal,3566.34
TX1007844,CUST1780,ACC166608,2024-08-15,deposit,16341.77
TX1007845,CUST1717,ACC176216,2024-02-28,Withdrawal,13359.42
TX1007846,CUST2206,ACC193433,2024-02-16,Bank Transfer,11927.05
TX1007847,CUST2647,ACC145095,2024-06-25,Deposit,7908.3
TX1007848,CUST2518,ACC128163,2024-03-23,Withdrawal,6401.54
TX1007849,CUST2859,ACC149655,2024-04-25,Deposit,6443.01
TX1007850,CUST2559,ACC176373,2024-12-31,withdrawal,6474.03
TX1007851,CUST2714,ACC104272,2024-10-08,Withdrawal,6810.49
TX1007852,CUST2426,ACC186122,2024-01-04,Bank Transfer,5074.63
TX1007853,CUST2179,ACC195192,2024-04-02,bank-transfer,11657.99
TX1007854,CUST1200,ACC119670,2024-04-06,Withdrawal,15097.56
TX1007855,CUST1871,ACC149950,2024-08-08,Withdrawal,864.46
TX1007856,CUST1274,ACC199957,2024-12-24,Withdrawal,13988.7
TX1007857,CUST1521,ACC185093,2024-03-27,POS,8911.64
TX1007858,CUST1977,ACC110281,2024-02-20,Deposit,12653.01
TX1007859,CUST2568,ACC110133,2024-11-27,WITHDRAWAL,15692.2
TX1007860,CUST1476,ACC129436,2024-11-07,Withdrawal,19817.91
TX1007861,CUST2863,ACC174108,2024-12-04,POS,290.26
TX1007862,CUST2759,ACC165994,2024-03-28,Bank Transfer,10229.95
TX1007863,CUST1171,ACC175292,2024-02-04,Withdrawal,41.28
TX1007864,CUST1580,ACC182617,2024-06-29,Deposit,5310.73
TX1007865,CUST2225,ACC171857,2024-09-25,,18802.02
TX1007866,CUST2795,ACC196200,2024-03-04,Deposit,10301.74
TX1007867,CUST2113,ACC154798,2024-09-24,Bank Transfer,9680.11
TX1007868,CUST1836,ACC170643,2024-10-20,Deposit,3676.02
TX1007869,CUST1527,ACC196081,2024-09-07,BankTransfer,3140.97
TX1007870,CUST1387,ACC115891,2024-01-03,POS,3498.16
TX1007871,CUST1011,ACC169174,2024-12-17,Withdrawal,17157.58
TX1007872,CUST2452,ACC106741,2024-07-06,withdrawal,17997.15
TX1007873,CUST2522,ACC179574,2024-10-16,Deposit,5867.03
TX1007874,CUST2616,ACC161909,2024-02-18,WITHDRAWAL,19519.34
TX1007875,CUST1014,ACC186402,2024-08-10,Withdrawal,13848.37
TX1007876,CUST2183,ACC168740,2024-02-24,DEPOSIT,19172.51
TX1007877,CUST2070,ACC168201,2024-02-27,,8476.55
TX1007878,CUST1241,ACC157805,2024-09-14,,
TX1007879,CUST2064,ACC141541,2024-08-11,POS,2578.89
TX1007880,CUST1014,ACC135282,2024-04-18,Bank Transfer,5955.25
TX1007881,CUST1768,ACC125562,2024-10-01,Deposit,10330.32
TX1007882,CUST2340,ACC175398,2024-07-09,Bank Transfer,17071.08
TX1007883,CUST1420,ACC138412,2024-06-19,Withdrawal,18997.52
TX1007884,CUST2408,ACC131985,2024-10-08,pos,6913.17
TX1007885,CUST2647,ACC143081,2024-10-08,POS,9138.2
TX1007886,CUST1646,ACC131860,2024-02-11,Withdrawal,11730.61
TX1007887,CUST1837,ACC147443,2024-10-28,Bank Transfer,3114.22
TX1007888,CUST1741,ACC130263,2024-06-09,Withdrawal,6644.43
TX1007889,CUST1218,ACC159745,2024-10-18,POS,3609.03
TX1007890,CUST1316,ACC141263,2024-08-25,Withdrawal,4350.7
TX1007891,CUST1872,ACC198066,2024-12-19,Bank Transfer,18202.61
TX1007892,CUST2334,ACC115127,2024-08-28,Deposit,4121.38
TX1007893,CUST2198,ACC190842,2024-03-26,bank-transfer,18860.72
TX1007894,CUST1519,ACC131594,2024-12-26,BankTransfer,6557.66
TX1007895,CUST1535,ACC158328,2024-12-19,Deposit,18891.49
TX1007896,CUST2750,ACC196049,2024-02-18,Bank Transfer,9271.28
TX1007897,CUST2097,ACC153729,2024-07-14,POS,13513.51
TX1007898,CUST1867,ACC147432,2024-10-11,POS,13600.11
TX1007899,CUST2156,ACC110445,2024-09-21,Withdrawal,9959.15
TX1007900,CUST1748,ACC146135,2024-01-23,pos,4261.39
TX1007901,CUST2253,ACC173460,2024-12-28,POS,18064.98
TX1007902,CUST1564,ACC166275,2024-01-26,POS,15742.45
TX1007903,CUST2393,ACC110019,2024-06-22,DEPOSIT,2610.32
TX1007904,CUST1813,ACC147486,2024-05-01,Bank Transfer,15985.33
TX1007905,CUST2546,ACC185633,2024-09-02,Bank Transfer,15383.1
TX1007906,CUST1417,ACC163459,2024-09-30,Withdrawal,10645.33
TX1007907,CUST1846,ACC179327,2024-12-24,Bank Transfer,9647.31
TX1007908,CUST2130,ACC130192,2024-11-05,Withdrawal,971.28
TX1007909,CUST2605,ACC158847,2024-04-20,Bank Transfer,13315.66
TX1007910,CUST2141,ACC154899,,Bank Transfer,191.41
TX1007911,CUST1988,ACC130115,2024-10-07,POS,14180.1
TX1007912,CUST1366,ACC174624,2024-07-11,POS,11809.88
TX1007913,CUST1758,ACC116420,2024-11-07,Withdrawal,11989.32
TX1007914,CUST2145,ACC170466,2024-03-20,POS,5142.65
TX1007915,CUST2136,ACC132105,2024-09-17,Bank Transfer,9411.54
TX1007916,CUST1990,ACC153427,2024-10-24,Bank Transfer,9552.89
TX1007917,CUST1519,ACC188356,2024-09-02,Deposit,12594.67
TX1007918,CUST1628,ACC176645,2024-03-29,Bank Transfer,13717.61
TX1007919,CUST2183,ACC187281,2024-09-17,POS,3654.74
TX1007920,CUST1705,ACC118106,2024-05-21,DEPOSIT,10204.99
TX1007921,CUST2585,ACC179370,2024-06-18,Withdrawal,19111.87
TX1007922,CUST2444,ACC134115,2024-06-08,,8264.59
TX1007923,CUST1815,ACC137602,2024-01-28,bank-transfer,18808.01
TX1007924,CUST2506,ACC144770,2024-12-02,Deposit,19825.78
TX1007925,CUST1282,ACC141136,2024-02-19,Withdrawal,11930.64
TX1007926,CUST2751,ACC115461,2024-09-20,Bank Transfer,9632.57
TX1007927,CUST2769,ACC110683,2024-03-11,Deposit,5291.37
TX1007928,CUST2350,ACC153543,2024-03-27,Bank Transfer,7892.62
TX1007929,CUST1243,ACC155184,2024-09-01,Withdrawal,17748.92
TX1007930,CUST2531,ACC166194,2024-03-24,Bank Transfer,19587.15
TX1007931,CUST1470,ACC119450,2024-01-01,DEPOSIT,
TX1007932,CUST1914,ACC175499,2024-01-28,Bank Transfer,9955.75
TX1007933,CUST2603,ACC164775,2024-03-31,Deposit,13373.44
TX1007934,CUST2432,ACC182920,2024-10-09,Deposit,9496.6
TX1007935,CUST2944,ACC125965,2024-04-19,Deposit,15875.16
TX1007936,CUST1331,ACC123581,2024-11-10,POS,17959.49
TX1007937,CUST1205,ACC159515,2024-05-30,Deposit,15002.11
TX1007938,CUST1439,ACC102033,2024-10-01,BankTransfer,9194.67
TX1007939,CUST2041,ACC121859,2024-03-06,DEPOSIT,15016.47
TX1007940,CUST1820,ACC115832,2024-11-16,Bank Transfer,3413.86
TX1007941,CUST2609,ACC154870,2024-04-27,POS,
TX1007942,CUST1693,ACC134521,2024-03-10,Withdrawal,7371.36
TX1007943,CUST2640,ACC172689,2024-12-05,POS,8469.68
TX1007944,CUST2127,ACC193242,2024-03-20,POS,13132.11
TX1007945,CUST2257,ACC161585,2024-01-31,Withdrawal,4907.15
TX1007946,CUST2427,ACC197367,2024-05-09,Bank Transfer,19791.49
TX1007947,CUST2401,ACC113237,2024-02-15,Withdrawal,1017.85
TX1007948,CUST2447,ACC116567,2024-05-22,POS,
TX1007949,CUST1106,ACC104466,2024-05-22,POS,15145.8
TX1007950,CUST1329,ACC156547,2024-09-06,WITHDRAWAL,7743.28
TX1007951,CUST1796,ACC103136,2024-05-22,Withdrawal,19778.55
TX1007952,CUST2975,ACC190445,2024-12-01,Bank Transfer,18343.91
TX1007953,CUST2302,ACC121880,2024-04-18,DEPOSIT,7440.58
TX1007954,CUST1010,ACC109570,2024-03-08,Withdrawal,2896.72
TX1007955,CUST2647,ACC117351,2024-09-25,Deposit,7254.52
TX1007956,CUST1186,ACC167488,2024-02-26,Withdrawal,10645.06
TX1007957,CUST2686,ACC169377,2024-02-03,,14555.66
TX1007958,CUST1297,ACC150870,2024-08-03,Withdrawal,17790.18
TX1007959,CUST1965,ACC155359,2024-07-03,Deposit,9797.51
TX1007960,CUST2896,ACC146447,2024-10-22,Deposit,6410.32
TX1007961,CUST2229,ACC116705,,Bank Transfer,220.29
TX1007962,CUST1891,ACC152732,2024-12-29,pos,19392.01
TX1007963,CUST1180,ACC191347,2024-04-10,deposit,15187.82
TX1007964,CUST1131,ACC172999,2024-12-24,bank-transfer,14924.89
TX1007965,CUST1538,ACC131645,2024-01-06,Pos Purchase,-13227.11
TX1007966,CUST1454,ACC193321,2024-12-10,BankTransfer,3525.39
TX1007967,CUST1759,ACC138455,2024-03-05,Withdrawal,13774.57
TX1007968,CUST1163,ACC115601,2024-11-17,Deposit,13052.65
TX1007969,CUST2247,ACC144146,2024-01-07,Bank Transfer,5957.72
TX1007970,CUST1077,ACC144124,2024-03-06,,9230.42
TX1007971,CUST2483,ACC177526,2024-01-19,POS,7726.28
TX1007972,CUST1787,ACC179791,2024-11-20,Withdrawal,18946.27
TX1007973,CUST2906,ACC180822,2024-04-16,POS,8309.83
TX1007974,CUST1820,ACC114125,2024-01-26,Bank Transfer,13571.79
TX1007975,CUST2257,ACC194657,2024-05-21,Pos Purchase,18792.91
TX1007976,CUST2343,ACC105929,2024-12-31,Bank Transfer,3676.45
TX1007977,CUST2067,ACC109666,2024-12-22,pos,7583.76
TX1007978,CUST1586,ACC196829,2024-03-17,Deposit,5213.56
TX1007979,CUST2457,ACC146525,2024-04-22,POS,13956.41
TX1007980,CUST2973,ACC158837,2024-03-08,Deposit,15775.61
TX1007981,CUST2223,ACC153592,2024-03-07,Deposit,4100.15
TX1007982,CUST1117,ACC182684,2024-08-12,Deposit,8103.63
TX1007983,CUST2936,ACC158950,2024-09-11,Bank Transfer,18641.39
TX1007984,CUST2584,ACC197084,2024-07-02,Withdrawal,2155.26
TX1007985,CUST2679,ACC157106,2024-03-06,BankTransfer,11466.48
TX1007986,CUST1358,ACC137917,2024-12-22,Withdrawal,3529.33
TX1007987,CUST2311,ACC199308,2024-02-22,WITHDRAWAL,19241.8
TX1007988,CUST2012,ACC162535,2024-05-04,Withdrawal,8833.53
TX1007989,CUST1899,ACC191765,2024-07-09,POS,7895.31
TX1007990,CUST1021,ACC117643,2024-04-09,deposit,5969.28
TX1007991,CUST1413,ACC196133,2024-01-22,DEPOSIT,4467.07
TX1007992,CUST2741,ACC124045,2024-03-07,Withdrawal,17351.09
TX1007993,CUST2345,ACC194857,2024-09-14,Withdrawal,774.61
TX1007994,CUST2906,ACC177274,2024-02-17,WITHDRAWAL,6374.08
TX1007995,CUST2646,ACC166764,2024-08-01,POS,12594.65
TX1007996,CUST2061,ACC110982,2024-06-20,POS,16738.42
TX1007997,CUST1585,ACC119956,2024-01-25,POS,7871.04
TX1007998,CUST1398,ACC101020,2024-07-27,POS,19842.6
TX1007999,CUST1068,ACC177798,2024-05-09,Deposit,4362.06
TX1008000,CUST2605,ACC177732,2024-07-21,Bank Transfer,340.03
TX1008001,CUST2227,ACC148480,2024-04-10,Withdrawal,65211.95
TX1008002,CUST2045,ACC188330,2024-01-02,Deposit,4025.02
TX1008003,CUST2056,ACC185118,2024-12-15,Withdrawal,2910.41
TX1008004,CUST2430,ACC159444,2024-01-30,Withdrawal,18512.36
TX1008005,CUST1474,ACC149725,2024-06-25,POS,15852.92
TX1008006,CUST2259,ACC142000,2024-10-31,Withdrawal,1085.8
TX1008007,CUST1347,ACC157486,2024-04-28,Bank Transfer,13579.67
TX1008008,CUST2380,ACC123163,2024-08-13,WITHDRAWAL,7782.93
TX1008009,CUST1073,ACC166672,2024-08-21,Deposit,1139.16
TX1008010,CUST1736,ACC194703,2024-08-23,POS,10213.25
TX1008011,CUST1489,ACC177080,2024-07-01,Bank Transfer,87019.2
TX1008012,CUST2341,ACC136608,2024-07-22,Deposit,19301.43
TX1008013,CUST1000,ACC112700,2024-10-26,WITHDRAWAL,16198.21
TX1008014,CUST2998,ACC130443,2024-02-19,Withdrawal,16938.65
TX1008015,CUST1322,ACC138974,2024-11-08,Deposit,1118.91
TX1008016,CUST1177,ACC164656,2024-10-02,Deposit,6016.19
TX1008017,CUST1565,ACC144710,2024-04-24,Deposit,18190.87
TX1008018,CUST2596,ACC106329,2024-03-08,Pos Purchase,2170.8
TX1008019,CUST1818,ACC173941,2024-02-06,POS,4097.59
TX1008020,CUST1723,ACC167853,2024-12-16,Withdrawal,13084.18
TX1008021,CUST2371,ACC168838,2024-01-12,BankTransfer,15305.3
TX1008022,CUST1809,ACC175999,2024-11-29,POS,17840.98
TX1008023,CUST1830,ACC166614,2024-03-23,Deposit,3916.27
TX1008024,CUST2200,ACC155927,2024-11-02,Bank Transfer,18644.45
TX1008025,CUST1410,ACC137389,2024-02-15,Bank Transfer,14592.11
TX1008026,CUST2060,ACC142310,2024-07-31,Withdrawal,14975.01
TX1008027,CUST1031,ACC150340,2024-12-15,POS,19872.11
TX1008028,CUST2509,ACC141756,2024-12-17,POS,12623.66
TX1008029,CUST2441,ACC199260,2024-02-07,bank-transfer,12091.0
TX1008030,CUST1140,ACC123385,2024-08-28,Bank Transfer,7304.16
TX1008031,CUST2882,ACC118769,2024-06-01,Bank Transfer,3210.23
TX1008032,CUST1184,ACC105496,2024-07-12,Bank Transfer,18439.05
TX1008033,CUST2125,ACC196288,2024-11-07,Deposit,17737.9
TX1008034,CUST1582,ACC195811,2024-01-21,POS,15310.78
TX1008035,CUST2487,ACC127614,2024-03-22,pos,11917.98
TX1008036,CUST2699,ACC156431,2024-10-25,withdrawal,11619.09
TX1008037,CUST2145,ACC168044,2024-09-28,Deposit,10887.06
TX1008038,CUST2873,ACC136471,2024-04-21,POS,8818.93
TX1008039,CUST2193,ACC175384,2024-03-02,POS,9381.58
TX1008040,CUST1712,ACC180671,2024-01-15,withdrawal,1233.17
TX1008041,CUST1711,ACC141204,2024-05-14,Deposit,7217.24
TX1008042,CUST2972,ACC113037,2024-05-06,Pos Purchase,10341.41
TX1008043,CUST2670,ACC145527,2024-10-04,POS,11699.56
TX1008044,CUST1566,ACC137328,2024-05-21,Bank Transfer,15408.27
TX1008045,CUST1463,ACC121704,2024-02-04,Bank Transfer,9489.32
TX1008046,CUST2241,ACC115538,2024-11-13,Withdrawal,-19713.97
TX1008047,CUST2972,ACC137728,2024-07-17,Withdrawal,13870.97
TX1008048,CUST1398,ACC135893,2024-07-19,Bank Transfer,18399.47
TX1008049,CUST1931,ACC163784,2024-03-24,Withdrawal,7689.77
TX1008050,CUST2904,ACC157529,2024-03-18,Deposit,15313.92
TX1008051,CUST1827,ACC129312,2024-10-17,Deposit,18609.66
TX1008052,CUST2177,ACC122193,2024-02-11,Bank Transfer,6519.9
TX1008053,CUST1009,ACC137811,2024-04-13,WITHDRAWAL,14079.02
TX1008054,CUST1534,ACC134003,2024-03-01,Withdrawal,3669.78
TX1008055,CUST1358,ACC179451,2024-08-02,Withdrawal,16443.63
TX1008056,CUST1833,ACC198758,2024-09-06,Deposit,9570.38
TX1008057,CUST2036,ACC113909,2024-01-08,Withdrawal,1002.02
TX1008058,CUST1218,ACC130366,2024-09-13,deposit,2554.58
TX1008059,CUST2144,ACC187350,2024-01-29,BankTransfer,4953.27
TX1008060,CUST1148,ACC136520,2024-07-06,Bank Transfer,15520.85
TX1008061,CUST2030,ACC118481,2024-07-26,POS,16509.25
TX1008062,CUST1602,ACC112579,2024-10-12,Withdrawal,4250.77
TX1008063,CUST1696,ACC127111,2024-07-07,Withdrawal,2582.53
TX1008064,CUST2939,ACC172373,2024-08-01,Pos Purchase,10191.2
TX1008065,CUST1239,ACC166676,2024-07-20,Deposit,3908.77
TX1008066,CUST2644,ACC198941,2024-08-23,Pos Purchase,16309.26
TX1008067,CUST2051,ACC122131,2024-01-21,Deposit,8419.64
TX1008068,CUST2959,ACC103584,2024-07-15,POS,3140.51
TX1008069,CUST1527,ACC178432,2024-04-29,Withdrawal,5001.78
TX1008070,CUST2794,ACC105209,2024-12-24,Bank Transfer,15159.31
TX1008071,CUST2101,ACC170756,2024-07-20,Withdrawal,16887.68
TX1008072,CUST2665,ACC170505,2024-03-19,Withdrawal,5749.68
TX1008073,CUST2624,ACC125576,2024-02-13,Deposit,7200.53
TX1008074,CUST2177,ACC100873,2024-10-19,,9645.77
TX1008075,CUST1512,ACC164011,2024-09-19,Withdrawal,13866.84
TX1008076,CUST2421,ACC103378,2024-07-20,Withdrawal,14839.57
TX1008077,CUST1906,ACC148436,2024-07-04,Bank Transfer,19816.61
TX1008078,CUST2978,ACC126626,2024-07-04,Pos Purchase,10530.75
TX1008079,CUST1772,ACC136941,2024-01-31,Deposit,3463.91
TX1008080,CUST2153,ACC174863,2024-06-04,DEPOSIT,12511.83
TX1008081,CUST1990,ACC155902,2024-10-24,DEPOSIT,7494.46
TX1008082,CUST2576,ACC195956,2024-05-26,Bank Transfer,14451.44
TX1008083,CUST1498,ACC158304,2024-05-10,Bank Transfer,7070.34
TX1008084,CUST2551,ACC168274,2024-06-02,Bank Transfer,8279.39
TX1008085,CUST1695,ACC116538,2024-12-01,Deposit,1708.62
TX1008086,CUST2968,ACC159486,2024-01-19,Bank Transfer,8720.31
TX1008087,CUST2588,ACC138658,2024-08-13,Bank Transfer,19754.09
TX1008088,CUST1939,ACC114367,2024-08-08,Bank Transfer,7298.1
TX1008089,CUST2395,ACC193880,2024-07-19,withdrawal,11163.92
TX1008090,CUST1943,ACC192579,2024-04-10,Deposit,3138.65
TX1008091,CUST2836,ACC115720,2024-12-16,Withdrawal,4410.09
TX1008092,CUST2201,ACC158249,2024-06-05,Withdrawal,7378.34
TX1008093,CUST2765,ACC156657,2024-11-05,Bank Transfer,17659.37
TX1008094,CUST1056,ACC164651,2024-04-06,Deposit,13819.16
TX1008095,CUST1987,ACC134479,2024-04-25,Bank Transfer,6470.04
TX1008096,CUST1238,ACC111385,2024-10-17,deposit,9810.02
TX1008097,CUST1528,ACC117933,2024-08-01,POS,526.38
TX1008098,CUST1138,ACC136497,2024-06-25,Deposit,19766.51
TX1008099,CUST1783,ACC195896,2024-01-05,POS,8749.21
TX1008100,CUST2297,ACC187649,2024-06-03,Withdrawal,124.78
TX1008101,CUST2615,ACC115264,2024-11-27,BankTransfer,13341.3
TX1008102,CUST1451,ACC146362,2024-11-05,WITHDRAWAL,15357.9
TX1008103,CUST2386,ACC110363,2024-07-11,Deposit,10943.29
TX1008104,CUST2436,ACC197553,2024-03-26,Deposit,17396.68
TX1008105,CUST1470,ACC129155,2024-08-20,pos,3554.94
TX1008106,CUST2638,ACC195336,2024-04-07,Deposit,18568.44
TX1008107,CUST1646,ACC109745,2024-03-07,Pos Purchase,15949.59
TX1008108,CUST1844,ACC142875,2024-03-27,Bank Transfer,7142.72
TX1008109,CUST2956,ACC120542,2024-07-16,Bank Transfer,2882.95
TX1008110,CUST1723,ACC166461,2024-03-09,DEPOSIT,17078.7
TX1008111,CUST2057,ACC143953,2024-08-10,withdrawal,10547.83
TX1008112,CUST2097,ACC136190,2024-03-01,Bank Transfer,9962.08
TX1008113,CUST1019,ACC159436,2024-02-15,withdrawal,7497.54
TX1008114,CUST2435,ACC182657,2024-05-31,Bank Transfer,17876.52
TX1008115,CUST2704,ACC196406,2024-03-16,Bank Transfer,7021.49
TX1008116,CUST1539,ACC167219,2024-05-10,Bank Transfer,18109.95
TX1008117,CUST1508,ACC188091,2024-04-20,Bank Transfer,12981.88
TX1008118,CUST1588,ACC109710,2024-07-29,Bank Transfer,6013.41
TX1008119,CUST1190,ACC192642,2024-12-06,POS,18864.98
TX1008120,CUST1817,ACC190169,2024-03-11,bank-transfer,8216.66
TX1008121,CUST2379,ACC141262,2024-06-24,Deposit,13287.13
TX1008122,CUST2533,ACC105027,2024-12-01,Deposit,17011.35
TX1008123,CUST2681,ACC156803,2024-10-11,Withdrawal,9981.75
TX1008124,CUST1700,ACC113164,2024-12-22,Bank Transfer,8253.08
TX1008125,CUST1155,ACC192419,2024-06-13,Bank Transfer,13521.0
TX1008126,CUST2135,ACC168327,2024-05-16,Deposit,6425.97
TX1008127,CUST2907,ACC141618,2024-12-10,deposit,9102.52
TX1008128,CUST1365,ACC124955,2024-03-18,BankTransfer,3026.3
TX1008129,CUST1975,ACC173160,2024-02-21,Withdrawal,10403.22
TX1008130,CUST1642,ACC186655,2024-12-13,Pos Purchase,2063.14
TX1008131,CUST1724,ACC182061,2024-09-20,POS,
TX1008132,CUST1447,ACC104670,2024-09-19,Deposit,19298.45
TX1008133,CUST2831,ACC183164,2024-11-21,,19974.22
TX1008134,CUST2174,ACC182219,2024-01-21,Withdrawal,18984.3
TX1008135,CUST1551,ACC101044,2024-09-30,Bank Transfer,14522.23
TX1008136,CUST1374,ACC132232,2024-09-09,Deposit,995.11
TX1008137,CUST2939,ACC117940,2024-10-31,withdrawal,10931.15
TX1008138,CUST2528,ACC176853,2024-12-17,Withdrawal,18693.25
TX1008139,CUST2399,ACC149310,2024-11-12,Bank Transfer,9608.86
TX1008140,CUST2905,ACC128863,2024-02-20,Deposit,8068.39
TX1008141,CUST2863,ACC188257,2024-11-14,Deposit,6216.88
TX1008142,CUST1389,ACC125647,2024-07-27,WITHDRAWAL,18711.65
TX1008143,CUST2021,ACC134771,2024-03-16,Deposit,7018.89
TX1008144,CUST2509,ACC161618,2024-11-23,Bank Transfer,520.98
TX1008145,CUST1408,ACC119848,2024-05-02,POS,13556.21
TX1008146,CUST1480,ACC163505,2024-06-08,Bank Transfer,10863.3
TX1008147,CUST2506,ACC124524,2024-12-30,POS,13013.7
TX1008148,CUST1495,ACC196149,2024-02-13,POS,6408.01
TX1008149,CUST2787,ACC165106,2024-12-02,Deposit,220.64
TX1008150,CUST1543,ACC137040,2024-11-03,POS,40.15
TX1008151,CUST1423,ACC117274,2024-10-19,bank-transfer,18090.55
TX1008152,CUST1469,ACC126027,2024-12-15,deposit,11125.62
TX1008153,CUST1415,ACC183200,2024-07-13,Withdrawal,13611.85
TX1008154,CUST2709,ACC111627,2024-05-14,Deposit,8415.14
TX1008155,CUST1511,ACC167673,2024-04-22,Bank Transfer,11894.87
TX1008156,CUST2712,ACC194802,2024-04-12,POS,16076.28
TX1008157,CUST2266,ACC198231,2024-10-13,Withdrawal,5207.3
TX1008158,CUST1729,ACC128074,2024-06-22,Deposit,9995.97
TX1008159,CUST1319,ACC100419,2024-05-02,POS,1596.79
TX1008160,CUST2595,ACC156927,2024-03-09,Deposit,4250.79
TX1008161,CUST1218,ACC108816,2024-05-24,POS,10632.5
TX1008162,CUST1245,ACC164315,2024-08-23,Deposit,15441.25
TX1008163,CUST2884,ACC173103,2024-04-05,Deposit,10965.59
TX1008164,CUST1160,ACC180113,2024-07-06,deposit,8541.1
TX1008165,CUST2384,ACC127334,2024-12-07,POS,3885.29
TX1008166,CUST2957,ACC193059,2024-01-30,Withdrawal,7688.1
TX1008167,CUST2358,ACC123345,2024-07-05,Bank Transfer,12683.66
TX1008168,CUST2008,ACC105087,2024-09-29,Withdrawal,7779.35
TX1008169,CUST2257,ACC154808,2024-04-30,Deposit,6616.58
TX1008170,CUST1013,ACC190175,2024-04-25,Deposit,18721.09
TX1008171,CUST2565,ACC134481,2024-05-05,POS,4687.07
TX1008172,CUST2755,ACC180396,2024-05-13,POS,16346.6
TX1008173,CUST2108,ACC149845,2024-04-13,DEPOSIT,8859.29
TX1008174,CUST2961,ACC182709,2024-01-18,Bank Transfer,14877.63
TX1008175,CUST1086,ACC176532,2024-12-19,Deposit,8174.39
TX1008176,CUST2736,ACC130764,2024-05-03,Bank Transfer,4585.13
TX1008177,CUST1987,ACC183586,2024-02-09,Withdrawal,19053.93
TX1008178,CUST1760,ACC145705,2024-02-10,Deposit,11547.37
TX1008179,CUST2271,ACC163469,2024-12-27,withdrawal,17213.78
TX1008180,CUST1645,ACC169528,2024-07-06,POS,3132.78
TX1008181,CUST2008,ACC186106,2024-12-08,Bank Transfer,17307.53
TX1008182,CUST2839,ACC123601,2024-09-27,Deposit,13850.97
TX1008183,CUST2804,ACC139334,2024-09-12,withdrawal,18398.35
TX1008184,CUST2837,ACC130394,2024-07-26,POS,3413.67
TX1008185,CUST2176,ACC138288,2024-01-15,Deposit,2297.72
TX1008186,CUST2779,ACC187552,2024-07-10,Bank Transfer,18498.15
TX1008187,CUST1562,ACC163577,2024-05-16,Withdrawal,6905.11
TX1008188,CUST2005,ACC164254,2024-07-08,Withdrawal,3634.55
TX1008189,CUST1374,ACC182578,2024-08-27,POS,9703.62
TX1008190,CUST2565,ACC151407,2024-07-18,,4142.65
TX1008191,CUST2875,ACC178360,2024-12-19,Pos Purchase,17722.51
TX1008192,CUST2046,ACC146809,2024-10-15,Deposit,9979.75
TX1008193,CUST1573,ACC171226,2024-12-11,Deposit,5773.1
TX1008194,CUST1814,ACC163040,2024-05-17,Deposit,6271.32
TX1008195,CUST1454,ACC138720,2024-09-12,Deposit,6469.41
TX1008196,CUST2536,ACC112652,2024-06-18,Pos Purchase,3300.14
TX1008197,CUST2181,ACC128695,2024-08-20,POS,12009.73
TX1008198,CUST1262,ACC114728,2024-07-24,Deposit,183.38
TX1008199,CUST1110,ACC198954,2024-10-27,DEPOSIT,18166.59
TX1008200,CUST2076,ACC137653,2024-12-30,Withdrawal,88.06
TX1008201,CUST2636,ACC154997,2024-05-17,Withdrawal,9470.03
TX1008202,CUST1866,ACC158611,2024-11-21,POS,15033.46
TX1008203,CUST1979,ACC142650,2024-06-20,Deposit,-538.15
TX1008204,CUST2924,ACC132426,2024-04-12,bank-transfer,9569.24
TX1008205,CUST2107,ACC186824,2024-07-03,Deposit,18183.74
TX1008206,CUST1066,ACC155687,2024-05-02,Bank Transfer,11277.82
TX1008207,CUST2029,ACC115180,2024-08-11,POS,3285.27
TX1008208,CUST1711,ACC123094,2024-07-08,Deposit,1529.94
TX1008209,CUST1806,ACC160913,2024-10-15,DEPOSIT,7114.5
TX1008210,CUST2762,ACC141799,2024-08-29,Withdrawal,11754.09
TX1008211,CUST2405,ACC186587,2024-05-18,Deposit,9023.43
TX1008212,CUST2589,ACC114881,2024-07-20,POS,19530.37
TX1008213,CUST1357,ACC145557,2024-07-16,WITHDRAWAL,8199.7
TX1008214,CUST1936,ACC191353,2024-10-31,Withdrawal,331.33
TX1008215,CUST2999,ACC152178,2024-09-14,Bank Transfer,10657.34
TX1008216,CUST1246,ACC192382,2024-07-14,Bank Transfer,14832.24
TX1008217,CUST2430,ACC116784,2024-02-02,BankTransfer,6348.5
TX1008218,CUST2061,ACC163404,2024-08-08,Withdrawal,2305.88
TX1008219,CUST1942,ACC164117,2024-04-16,bank-transfer,11137.43
TX1008220,CUST1646,ACC178781,2024-05-23,Deposit,8787.28
TX1008221,CUST2411,ACC154002,2024-03-05,DEPOSIT,5967.8
TX1008222,CUST1017,ACC190075,2024-02-10,withdrawal,19539.9
TX1008223,CUST1024,ACC130783,2024-03-31,POS,
TX1008224,CUST2380,ACC103796,2024-06-24,bank-transfer,8722.38
TX1008225,CUST1431,ACC138132,2024-05-26,POS,4107.67
TX1008226,CUST1777,ACC135117,2024-07-08,POS,8829.99
TX1008227,CUST2189,ACC166517,2024-01-12,Withdrawal,10579.1
TX1008228,CUST1206,ACC128194,2024-10-01,Deposit,7007.99
TX1008229,CUST1666,ACC153609,2024-12-23,Deposit,9013.51
TX1008230,CUST1740,ACC107969,2024-01-05,POS,5995.78
TX1008231,CUST2254,ACC173696,2024-10-20,bank-transfer,14952.68
TX1008232,CUST2765,ACC142361,2024-06-19,bank-transfer,13663.57
TX1008233,CUST1531,ACC134289,2024-11-12,Withdrawal,6933.64
TX1008234,CUST1383,ACC188472,2024-06-05,Deposit,13095.04
TX1008235,CUST2123,ACC141630,2024-09-17,BankTransfer,7250.52
TX1008236,CUST1538,ACC153900,2024-02-14,pos,2338.2
TX1008237,CUST1485,ACC151298,2024-06-23,POS,2273.5
TX1008238,CUST1551,ACC157927,2024-04-04,Bank Transfer,12638.64
TX1008239,CUST1965,ACC155731,2024-07-23,Withdrawal,10709.05
TX1008240,CUST2963,ACC152255,2024-11-01,POS,19184.2
TX1008241,CUST2255,ACC134170,2024-03-14,DEPOSIT,5286.28
TX1008242,CUST1702,ACC107160,2024-06-14,Deposit,15854.99
TX1008243,CUST1749,ACC135168,2024-07-09,POS,12022.53
TX1008244,CUST1376,ACC163636,2024-10-21,Bank Transfer,7812.16
TX1008245,CUST2021,ACC195444,2024-07-14,Deposit,91885.95
TX1008246,CUST1868,ACC128697,2024-07-22,Deposit,4870.74
TX1008247,CUST1431,ACC144543,2024-06-03,Withdrawal,11294.1
TX1008248,CUST1858,ACC183396,2024-08-16,WITHDRAWAL,3630.0
TX1008249,CUST2435,ACC105980,2024-04-03,Withdrawal,9583.05
TX1008250,CUST2540,ACC140437,2024-02-27,Deposit,9554.66
TX1008251,CUST1762,ACC158672,2024-05-02,POS,9672.62
TX1008252,CUST1747,ACC153714,2024-01-07,POS,4747.69
TX1008253,CUST2749,ACC129007,2024-08-20,Deposit,12807.8
TX1008254,CUST1820,ACC175039,2024-05-21,Deposit,1596.38
TX1008255,CUST1572,ACC121828,2024-03-10,Bank Transfer,4452.98
TX1008256,CUST1923,ACC170256,2024-05-02,Bank Transfer,
TX1008257,CUST1368,ACC127027,2024-07-07,Bank Transfer,9107.49
TX1008258,CUST2170,ACC181957,2024-10-28,Withdrawal,7390.12
TX1008259,CUST1268,ACC114459,2024-03-01,BankTransfer,18050.27
TX1008260,CUST2179,ACC180386,2024-05-16,POS,1463.43
TX1008261,CUST2404,ACC180052,2024-04-02,Deposit,17145.42
TX1008262,CUST1468,ACC143212,2024-07-16,Deposit,12420.65
TX1008263,CUST2667,ACC116936,2024-03-03,POS,18556.18
TX1008264,CUST1204,ACC179293,2024-05-26,Bank Transfer,15121.52
TX1008265,CUST2476,ACC170748,2024-01-27,DEPOSIT,16653.8
TX1008266,CUST1552,ACC102610,2024-12-07,Deposit,9386.81
TX1008267,CUST2646,ACC194663,2024-05-15,POS,7472.52
TX1008268,CUST1482,ACC102767,2024-11-29,Withdrawal,11856.62
TX1008269,CUST2137,ACC149700,2024-10-05,Deposit,13379.59
TX1008270,CUST1885,ACC111829,2024-10-25,POS,16968.39
TX1008271,CUST2753,ACC192370,2024-04-10,Bank Transfer,4426.62
TX1008272,CUST1780,ACC143684,2024-05-06,Deposit,14612.12
TX1008273,CUST1401,ACC146229,2024-03-21,Bank Transfer,16281.37
TX1008274,CUST1298,ACC172468,2024-07-31,POS,819.4
TX1008275,CUST2638,ACC108318,2024-02-29,Deposit,15581.65
TX1008276,CUST2964,ACC185843,2024-06-03,Deposit,18363.71
TX1008277,CUST2512,ACC106450,2024-06-11,POS,6480.51
TX1008278,CUST1306,ACC167980,2024-06-07,Bank Transfer,255.78
TX1008279,CUST1968,ACC127585,2024-04-19,Bank Transfer,5740.18
TX1008280,CUST2650,ACC147460,2024-01-29,bank-transfer,14791.38
TX1008281,CUST1019,ACC170185,2024-08-19,Deposit,8768.62
TX1008282,CUST1361,ACC126009,2024-10-17,Bank Transfer,7601.88
TX1008283,CUST1863,ACC120577,2024-07-30,Bank Transfer,11015.08
TX1008284,CUST2023,ACC170215,2024-04-22,POS,5694.81
TX1008285,CUST1275,ACC151842,2024-12-02,withdrawal,6457.17
TX1008286,CUST2829,ACC194086,2024-08-22,BankTransfer,11349.83
TX1008287,CUST2739,ACC130059,2024-04-25,Withdrawal,11437.34
TX1008288,CUST2291,ACC138035,2024-02-23,DEPOSIT,5552.21
TX1008289,CUST2058,ACC121155,2024-12-14,Deposit,18511.91
TX1008290,CUST2093,ACC149005,2024-01-10,deposit,5816.09
TX1008291,CUST2475,ACC143450,2024-01-16,Withdrawal,2522.44
TX1008292,CUST1646,ACC154184,2024-09-30,Withdrawal,13157.58
TX1008293,CUST2608,ACC128261,2024-11-26,Deposit,17395.89
TX1008294,CUST1996,ACC172476,2024-12-17,Deposit,2071.94
TX1008295,CUST1614,ACC196119,2024-03-03,Withdrawal,2703.27
TX1008296,CUST1513,ACC132598,2024-09-10,Bank Transfer,12205.25
TX1008297,CUST2151,ACC101787,2024-09-28,Bank Transfer,4946.79
TX1008298,CUST2758,ACC104728,2024-07-01,POS,17668.08
TX1008299,CUST2162,ACC102625,2024-03-26,Bank Transfer,1115.94
TX1008300,CUST1097,ACC198975,2024-03-13,Withdrawal,19580.32
TX1008301,CUST1815,ACC169016,2024-03-02,Withdrawal,8134.33
TX1008302,CUST1202,ACC113437,2024-02-10,DEPOSIT,4742.54
TX1008303,CUST2414,ACC165732,2024-07-07,POS,7443.47
TX1008304,CUST1334,ACC152158,2024-10-08,POS,15830.77
TX1008305,CUST1122,ACC163556,2024-08-16,Withdrawal,17536.88
TX1008306,CUST1441,ACC105542,2024-02-17,Deposit,7374.86
TX1008307,CUST2666,ACC120571,2024-10-12,Withdrawal,18898.33
TX1008308,CUST1520,ACC137105,2024-05-23,Deposit,6282.23
TX1008309,CUST1975,ACC139513,2024-06-11,DEPOSIT,18137.85
TX1008310,CUST2718,ACC103177,2024-03-21,POS,11710.52
TX1008311,CUST2289,ACC130147,2024-04-17,Bank Transfer,10838.63
TX1008312,CUST1197,ACC182779,2024-07-04,Deposit,11410.73
TX1008313,CUST1921,ACC190186,2024-12-02,Withdrawal,19950.67
TX1008314,CUST2524,ACC132415,2024-05-23,POS,3137.05
TX1008315,CUST1685,ACC104427,2024-03-31,Deposit,3726.23
TX1008316,CUST1532,ACC135711,2024-08-09,Bank Transfer,14081.48
TX1008317,CUST1739,ACC198292,2024-09-15,Bank Transfer,11892.28
TX1008318,CUST1737,ACC116206,2024-08-23,POS,18325.38
TX1008319,CUST2147,ACC149526,2024-05-12,Withdrawal,10511.69
TX1008320,CUST2141,ACC185888,2024-05-16,Deposit,11207.2
TX1008321,CUST2908,ACC152527,2024-12-14,bank-transfer,15280.5
TX1008322,CUST2658,ACC117195,2024-11-29,Withdrawal,6511.08
TX1008323,CUST1527,ACC197062,2024-12-13,Bank Transfer,9419.08
TX1008324,CUST1704,ACC135389,2024-09-12,Deposit,13036.3
TX1008325,CUST1040,ACC111130,2024-01-25,Withdrawal,11045.09
TX1008326,CUST1843,ACC110030,2024-02-27,,15567.57
TX1008327,CUST1248,ACC109684,2024-09-11,Bank Transfer,15737.51
TX1008328,CUST1719,ACC166127,2024-04-09,pos,19684.79
TX1008329,CUST2776,ACC194648,2024-11-25,Bank Transfer,9306.74
TX1008330,CUST2391,ACC192207,2024-03-24,Deposit,18789.59
TX1008331,CUST2972,ACC199927,2024-11-27,Deposit,4958.54
TX1008332,CUST2240,ACC196028,2024-12-12,Bank Transfer,11763.91
TX1008333,CUST1407,ACC154444,2024-01-13,Bank Transfer,9382.57
TX1008334,CUST2181,ACC102641,2024-12-20,Withdrawal,4397.65
TX1008335,CUST2179,ACC101932,2024-09-27,Deposit,12828.11
TX1008336,CUST2330,ACC197340,2024-07-29,WITHDRAWAL,10314.27
TX1008337,CUST2329,ACC171001,2024-06-23,DEPOSIT,4952.71
TX1008338,CUST2102,ACC179281,2024-03-16,Pos Purchase,8752.52
TX1008339,CUST1357,ACC119902,2024-04-23,BankTransfer,7702.57
TX1008340,CUST2598,ACC112524,2024-08-15,Withdrawal,554.23
TX1008341,CUST1582,ACC196452,2024-08-24,POS,9995.37
TX1008342,CUST1727,ACC177095,2024-08-19,bank-transfer,11391.96
TX1008343,CUST1665,ACC151265,2024-03-08,Bank Transfer,9976.82
TX1008344,CUST2378,ACC125465,2024-10-22,POS,16210.17
TX1008345,CUST2045,ACC179389,2024-08-08,Pos Purchase,18599.36
TX1008346,CUST1998,ACC140919,2024-07-23,POS,19521.88
TX1008347,CUST2586,ACC142431,2024-12-15,Withdrawal,15821.35
TX1008348,CUST2508,ACC155725,2024-06-14,Deposit,15084.07
TX1008349,CUST1915,ACC167155,2024-07-27,Withdrawal,13725.5
TX1008350,CUST2821,ACC197449,2024-04-06,Bank Transfer,5853.8
TX1008351,CUST1160,ACC103071,2024-04-09,Withdrawal,-19919.11
TX1008352,CUST1780,ACC139603,2024-08-27,Withdrawal,13238.58
TX1008353,CUST2256,ACC135920,2024-01-02,Deposit,8879.37
TX1008354,CUST1586,ACC160149,2024-02-27,Deposit,2818.52
TX1008355,CUST1949,ACC126563,2024-05-22,Deposit,8000.6
TX1008356,CUST2293,ACC113065,2024-02-01,Deposit,18903.64
TX1008357,CUST2959,ACC134638,2024-11-26,Bank Transfer,17895.36
TX1008358,CUST1296,ACC185989,2024-01-24,Withdrawal,14589.38
TX1008359,CUST2778,ACC175523,2024-11-18,Bank Transfer,19415.86
TX1008360,CUST1343,ACC161787,2024-12-24,Withdrawal,14810.93
TX1008361,CUST2311,ACC149359,2024-07-01,Bank Transfer,13728.51
TX1008362,CUST2654,ACC138173,2024-03-19,Withdrawal,354.18
TX1008363,CUST2901,ACC156299,2024-08-12,pos,8834.45
TX1008364,CUST1690,ACC112197,2024-10-01,POS,4634.14
TX1008365,CUST1863,ACC129131,2024-02-02,DEPOSIT,3647.51
TX1008366,CUST2292,ACC153258,2024-01-13,deposit,18991.95
TX1008367,CUST2254,ACC173530,2024-07-07,POS,8101.18
TX1008368,CUST2170,ACC136511,2024-06-15,POS,2962.85
TX1008369,CUST1828,ACC163353,2024-11-28,Bank Transfer,10340.71
TX1008370,CUST2738,ACC137279,2024-09-22,Bank Transfer,6919.18
TX1008371,CUST2857,ACC192127,2024-12-03,POS,7722.36
TX1008372,CUST1146,ACC169888,2024-01-24,POS,323.84
TX1008373,CUST1162,ACC166400,2024-01-19,Pos Purchase,12426.83
TX1008374,CUST1331,ACC132062,2024-01-13,Deposit,13417.52
TX1008375,CUST1703,ACC150123,2024-03-18,Withdrawal,14759.34
TX1008376,CUST1467,ACC102256,2024-09-04,Withdrawal,8512.85
TX1008377,CUST1642,ACC165147,2024-12-15,Withdrawal,2430.13
TX1008378,CUST1648,ACC195362,2024-04-01,POS,9181.67
TX1008379,CUST2337,ACC151595,2024-03-06,Withdrawal,6396.56
TX1008380,CUST1596,ACC148855,2024-02-03,Withdrawal,11685.23
TX1008381,CUST2454,ACC199968,2024-06-07,Bank Transfer,16804.92
TX1008382,CUST1547,ACC171641,2024-04-05,deposit,19145.25
TX1008383,CUST2239,ACC193661,2024-06-12,POS,18912.63
TX1008384,CUST2320,ACC114195,2024-08-25,Bank Transfer,8851.6
TX1008385,CUST1809,ACC159279,2024-12-05,POS,5566.44
TX1008386,CUST1555,ACC129368,2024-04-09,Deposit,12753.81
TX1008387,CUST2817,ACC175743,2024-03-02,deposit,11076.78
TX1008388,CUST1911,ACC103262,2024-08-05,Withdrawal,14336.39
TX1008389,CUST2599,ACC152081,2024-01-14,Withdrawal,11810.3
TX1008390,CUST2767,ACC130423,2024-11-05,Withdrawal,16928.09
TX1008391,CUST2922,ACC158600,2024-06-03,Deposit,11065.83
TX1008392,CUST1743,ACC148473,2024-04-26,Withdrawal,13415.22
TX1008393,CUST2531,ACC162495,2024-10-20,POS,19644.56
TX1008394,CUST2202,ACC173813,2024-12-20,Bank Transfer,13428.41
TX1008395,CUST2066,ACC114280,2024-03-04,Deposit,6090.12
TX1008396,CUST2977,ACC184255,2024-04-21,Bank Transfer,9901.93
TX1008397,CUST1922,ACC140712,2024-07-22,POS,14239.68
TX1008398,CUST1847,ACC143572,2024-09-27,POS,15298.64
TX1008399,CUST1342,ACC118844,2024-11-17,withdrawal,13816.74
TX1008400,CUST1376,ACC182564,2024-12-21,DEPOSIT,16130.21
TX1008401,CUST2749,ACC110962,2024-02-14,Withdrawal,7297.68
TX1008402,CUST1047,ACC112502,2024-09-10,Bank Transfer,14835.67
TX1008403,CUST1256,ACC173516,2024-03-25,Deposit,6781.25
TX1008404,CUST2490,ACC122184,2024-01-18,Bank Transfer,12536.85
TX1008405,CUST1480,ACC127221,2024-04-11,Deposit,2847.28
TX1008406,CUST2355,ACC164200,2024-03-03,Bank Transfer,10436.26
TX1008407,CUST1515,ACC177779,2024-04-11,BankTransfer,17409.85
TX1008408,CUST2926,ACC132763,2024-07-12,Withdrawal,18911.67
TX1008409,CUST2523,ACC110995,2024-11-14,Pos Purchase,674.4
TX1008410,CUST2435,ACC118524,2024-06-26,Bank Transfer,9074.24
TX1008411,CUST2535,ACC152847,2024-06-28,Deposit,13967.31
TX1008412,CUST1163,ACC180804,2024-12-29,POS,490.47
TX1008413,CUST1431,ACC162064,2024-03-19,POS,1650.6
TX1008414,CUST1341,ACC168603,2024-09-22,POS,3805.74
TX1008415,CUST1813,ACC194769,2024-07-19,,918.38
TX1008416,CUST1210,ACC174270,2024-03-31,Deposit,12124.14
TX1008417,CUST1195,ACC199690,2024-01-14,Withdrawal,8974.2
TX1008418,CUST1130,ACC130465,2024-11-03,,1305.87
TX1008419,CUST2918,ACC107724,2024-11-26,Withdrawal,2578.55
TX1008420,CUST2799,ACC164673,2024-04-05,POS,2144.08
TX1008421,CUST1969,ACC133033,2024-10-21,Bank Transfer,7768.65
TX1008422,CUST2123,ACC153983,2024-11-19,Bank Transfer,4854.22
TX1008423,CUST1110,ACC140823,2024-09-05,POS,9003.55
TX1008424,CUST1053,ACC197060,2024-05-06,Deposit,571.59
TX1008425,CUST2578,ACC144285,2024-06-25,Deposit,18625.37
TX1008426,CUST1813,ACC119741,2024-03-06,withdrawal,9675.27
TX1008427,CUST2073,ACC104785,2024-07-10,POS,18887.36
TX1008428,CUST2566,ACC142132,2024-11-11,Deposit,18738.03
TX1008429,CUST1170,ACC190308,2024-06-29,Bank Transfer,4495.65
TX1008430,CUST1212,ACC174096,2024-12-03,Withdrawal,11387.56
TX1008431,CUST1537,ACC178476,2024-12-15,Bank Transfer,16286.3
TX1008432,CUST2265,ACC153285,2024-04-19,POS,15420.43
TX1008433,CUST1318,ACC100730,2024-04-30,Bank Transfer,
TX1008434,CUST1172,ACC135146,2024-03-16,Bank Transfer,19570.69
TX1008435,CUST2341,ACC190491,2024-03-27,Bank Transfer,14503.66
TX1008436,CUST2907,ACC127423,2024-03-18,WITHDRAWAL,3421.28
TX1008437,CUST2813,ACC198964,2024-11-23,Withdrawal,8492.9
TX1008438,CUST1798,ACC173716,,Deposit,9467.95
TX1008439,CUST1633,ACC164058,2024-08-14,Withdrawal,9594.07
TX1008440,CUST1469,ACC171511,2024-04-26,Withdrawal,60.42
TX1008441,CUST1506,ACC165511,2024-12-24,Bank Transfer,17728.44
TX1008442,CUST2510,ACC141027,2024-11-11,pos,13772.91
TX1008443,CUST1581,ACC185460,2024-04-07,Bank Transfer,11331.51
TX1008444,CUST1907,ACC130898,2024-09-24,POS,16579.25
TX1008445,CUST2283,ACC142183,2024-11-04,Withdrawal,10588.35
TX1008446,CUST1258,ACC160472,2024-11-07,Deposit,10618.59
TX1008447,CUST1268,ACC192912,2024-03-30,Withdrawal,676.45
TX1008448,CUST2078,ACC163307,2024-01-01,POS,11189.75
TX1008449,CUST2717,ACC167427,2024-05-27,WITHDRAWAL,13672.53
TX1008450,CUST1349,ACC172719,2024-07-05,POS,10042.18
TX1008451,CUST1058,ACC196951,2024-08-30,Deposit,19555.77
TX1008452,CUST1071,ACC196084,2024-12-19,Bank Transfer,8506.79
TX1008453,CUST2358,ACC110673,2024-12-21,Bank Transfer,18668.84
TX1008454,CUST1730,ACC113768,2024-04-23,Deposit,10322.65
TX1008455,CUST2762,ACC155797,2024-06-30,bank-transfer,2481.21
TX1008456,CUST2874,ACC191652,2024-04-25,Deposit,8866.48
TX1008457,CUST1666,ACC110158,2024-03-07,Deposit,3987.04
TX1008458,CUST2769,ACC149241,2024-04-26,Deposit,7899.37
TX1008459,CUST1975,ACC116683,2024-08-04,Withdrawal,6726.08
TX1008460,CUST1956,ACC199206,2024-08-06,,8281.13
TX1008461,CUST2996,ACC101785,2024-02-14,POS,18686.8
TX1008462,CUST2783,ACC121245,2024-09-16,Deposit,9501.32
TX1008463,CUST2107,ACC168149,2024-06-28,Bank Transfer,7434.15
TX1008464,CUST2914,ACC198061,2024-01-18,Deposit,18681.34
TX1008465,CUST1557,ACC115922,2024-08-28,Withdrawal,11286.8
TX1008466,CUST2123,ACC121783,2024-07-22,POS,8983.56
TX1008467,CUST1911,ACC125869,2024-02-16,Deposit,-4877.84
TX1008468,CUST1276,ACC157357,2024-01-26,POS,18281.13
TX1008469,CUST2985,ACC114898,2024-10-09,Deposit,15817.16
TX1008470,CUST2942,ACC105119,2024-08-23,Deposit,5819.31
TX1008471,CUST2428,ACC155598,2024-01-24,Bank Transfer,16219.57
TX1008472,CUST2104,ACC164904,2024-09-18,POS,6375.84
TX1008473,CUST1362,ACC122376,2024-04-05,Deposit,14903.55
TX1008474,CUST2210,ACC182072,2024-07-18,Deposit,12779.69
TX1008475,CUST2223,ACC168758,2024-11-06,deposit,17767.86
TX1008476,CUST1935,ACC163857,2024-09-11,Withdrawal,9633.0
TX1008477,CUST2292,ACC118332,2024-03-02,,13182.21
TX1008478,CUST2533,ACC198172,2024-09-15,DEPOSIT,7082.29
TX1008479,CUST2302,ACC171707,2024-03-22,Withdrawal,248.65
TX1008480,CUST2796,ACC154807,2024-04-12,Bank Transfer,791.59
TX1008481,CUST2155,ACC152350,2024-07-14,Deposit,6570.91
TX1008482,CUST1890,ACC101213,2024-01-20,POS,
TX1008483,CUST2072,ACC138895,2024-02-20,Withdrawal,14977.73
TX1008484,CUST2310,ACC115411,2024-01-08,Bank Transfer,13023.22
TX1008485,CUST2309,ACC157079,2024-09-08,BankTransfer,14750.39
TX1008486,CUST2093,ACC138564,2024-03-04,Deposit,10966.97
TX1008487,CUST1634,ACC194364,2024-03-20,Bank Transfer,525.56
TX1008488,CUST2861,ACC188694,2024-07-21,BankTransfer,10816.19
TX1008489,CUST1711,ACC135534,2024-02-21,WITHDRAWAL,6409.93
TX1008490,CUST1986,ACC168482,2024-06-30,Bank Transfer,6513.41
TX1008491,CUST2105,ACC142255,2024-11-26,Deposit,8956.61
TX1008492,CUST1465,ACC180622,2024-10-10,Withdrawal,4232.49
TX1008493,CUST2648,ACC148710,2024-04-23,Pos Purchase,9693.77
TX1008494,CUST1183,ACC173899,2024-10-12,Deposit,29231.5
TX1008495,CUST1904,ACC185225,2024-12-13,Deposit,7202.18
TX1008496,CUST1630,ACC121750,2024-10-13,Deposit,9457.89
TX1008497,CUST1749,ACC118548,2024-11-19,Bank Transfer,2988.09
TX1008498,CUST1844,ACC138036,2024-04-03,deposit,10532.63
TX1008499,CUST1532,ACC168583,2024-12-27,Bank Transfer,3066.79
TX1008500,CUST1318,ACC189787,2024-02-15,Deposit,
TX1008501,CUST1621,ACC126799,2024-09-09,Withdrawal,338.16
TX1008502,CUST1021,ACC180478,2024-12-07,Withdrawal,5732.3
TX1008503,CUST1000,ACC193647,2024-11-18,Bank Transfer,7403.27
TX1008504,CUST2071,ACC148660,2024-08-10,Deposit,15786.3
TX1008505,CUST2669,ACC168076,2024-12-28,POS,14705.5
TX1008506,CUST2552,ACC179235,2024-05-14,Deposit,18727.03
TX1008507,CUST2736,ACC132930,2024-09-30,Bank Transfer,6066.47
TX1008508,CUST1279,ACC161880,2024-05-12,Bank Transfer,4901.46
TX1008509,CUST1704,ACC160670,2024-07-25,POS,8127.28
TX1008510,CUST1587,ACC127606,2024-09-01,DEPOSIT,285.41
TX1008511,CUST1960,ACC143276,2024-04-12,Bank Transfer,13425.63
TX1008512,CUST2095,ACC197879,2024-06-15,POS,8568.16
TX1008513,CUST1017,ACC194388,2024-08-14,Deposit,13613.83
TX1008514,CUST2408,ACC117739,2024-05-14,Bank Transfer,2300.47
TX1008515,CUST2888,ACC121527,2024-03-08,BankTransfer,6872.09
TX1008516,CUST2007,ACC168731,2024-03-15,POS,7340.81
TX1008517,CUST2939,ACC193727,2024-04-17,,7654.31
TX1008518,CUST2547,ACC162111,2024-04-20,Deposit,8740.15
TX1008519,CUST1977,ACC101287,2024-12-19,Bank Transfer,4626.85
TX1008520,CUST1613,ACC141640,2024-03-19,POS,5697.81
TX1008521,CUST1018,ACC154565,2024-03-13,Withdrawal,14095.51
TX1008522,CUST2568,ACC123491,2024-03-23,Deposit,8814.61
TX1008523,CUST1881,ACC119706,2024-12-30,Deposit,13091.55
TX1008524,CUST2634,ACC161668,2024-09-17,Withdrawal,910.33
TX1008525,CUST1599,ACC108788,2024-01-09,Deposit,838.21
TX1008526,CUST2222,ACC100734,2024-11-20,Bank Transfer,16586.9
TX1008527,CUST1473,ACC140873,2024-02-24,Bank Transfer,6720.95
TX1008528,CUST2631,ACC191942,2024-11-07,DEPOSIT,6024.37
TX1008529,CUST1014,ACC124598,2024-05-29,Deposit,18979.77
TX1008530,CUST2122,ACC126118,2024-05-09,Bank Transfer,11079.08
TX1008531,CUST1765,ACC190969,2024-03-19,POS,2764.2
TX1008532,CUST1386,ACC112300,2024-06-26,pos,12527.6
TX1008533,CUST1843,ACC170481,2024-10-13,withdrawal,471.84
TX1008534,CUST2806,ACC160108,2024-12-09,POS,17484.07
TX1008535,CUST2148,ACC143389,2024-10-16,Bank Transfer,11417.88
TX1008536,CUST1895,ACC112414,2024-03-19,POS,13638.6
TX1008537,CUST1808,ACC108009,2024-12-06,Bank Transfer,18537.79
TX1008538,CUST1511,ACC181916,2024-12-16,Deposit,7694.7
TX1008539,CUST1334,ACC161432,2024-11-19,POS,12143.57
TX1008540,CUST2464,ACC177916,2024-04-04,POS,6161.93
TX1008541,CUST2509,ACC120506,2024-04-01,pos,4847.5
TX1008542,CUST2322,ACC108751,2024-06-30,Withdrawal,8747.52
TX1008543,CUST1798,ACC145934,2024-07-26,Withdrawal,6972.2
TX1008544,CUST2696,ACC183406,,POS,13923.28
TX1008545,CUST1774,ACC173289,2024-07-12,Bank Transfer,17913.72
TX1008546,CUST1451,ACC129626,2024-04-03,Bank Transfer,16489.62
TX1008547,CUST1538,ACC145214,2024-11-12,bank-transfer,18909.22
TX1008548,CUST1162,ACC182420,2024-06-21,Deposit,18407.08
TX1008549,CUST1864,ACC101851,2024-04-18,DEPOSIT,4513.03
TX1008550,CUST2280,ACC125249,2024-07-09,Withdrawal,13111.76
TX1008551,CUST1490,ACC135989,2024-12-01,Deposit,4231.2
TX1008552,CUST2058,ACC137249,2024-01-26,Bank Transfer,4358.51
TX1008553,CUST2565,ACC155858,2024-07-18,POS,5864.7
TX1008554,CUST2638,ACC176607,2024-05-04,Deposit,2810.69
TX1008555,CUST2863,ACC195593,2024-11-21,Deposit,3303.21
TX1008556,CUST2255,ACC140075,2024-09-02,Withdrawal,7262.77
TX1008557,CUST2653,ACC148139,2024-05-05,POS,15426.6
TX1008558,CUST2421,ACC181854,2024-02-04,Bank Transfer,18326.93
TX1008559,CUST2402,ACC152857,2024-11-27,DEPOSIT,1954.6
TX1008560,CUST1556,ACC133390,2024-02-28,Deposit,777.25
TX1008561,CUST1583,ACC173546,2024-09-29,POS,14593.7
TX1008562,CUST2328,ACC170912,2024-01-29,Deposit,4721.89
TX1008563,CUST2521,ACC184095,2024-05-19,Withdrawal,1301.78
TX1008564,CUST2089,ACC186424,2024-07-22,Withdrawal,15265.91
TX1008565,CUST2656,ACC126553,2024-12-16,POS,5942.77
TX1008566,CUST1550,ACC110154,2024-09-08,POS,12860.02
TX1008567,CUST1845,ACC177678,2024-05-21,Bank Transfer,3687.72
TX1008568,CUST1385,ACC119978,2024-02-23,Withdrawal,5450.22
TX1008569,CUST2747,ACC113497,2024-04-30,Deposit,12724.67
TX1008570,CUST1140,ACC195768,2024-01-04,Bank Transfer,15670.72
TX1008571,CUST1373,ACC128369,2024-09-05,Bank Transfer,12617.14
TX1008572,CUST1279,ACC136698,2024-12-08,deposit,14206.77
TX1008573,CUST1593,ACC123373,2024-06-10,Pos Purchase,8033.54
TX1008574,CUST1226,ACC134463,2024-04-27,Withdrawal,4963.22
TX1008575,CUST2304,ACC173880,2024-10-13,Deposit,12153.3
TX1008576,CUST1932,ACC113411,2024-06-05,Deposit,15410.58
TX1008577,CUST2265,ACC116607,2024-03-03,Deposit,14595.33
TX1008578,CUST1927,ACC168461,2024-11-30,Deposit,5204.4
TX1008579,CUST1557,ACC176980,2024-10-14,POS,4242.26
TX1008580,CUST2434,ACC184519,2024-06-14,BankTransfer,18144.56
TX1008581,CUST2275,ACC150193,2024-03-17,Bank Transfer,14204.0
TX1008582,CUST2007,ACC143274,2024-01-07,POS,373.38
TX1008583,CUST1384,ACC175452,2024-12-03,Deposit,14032.5
TX1008584,CUST1656,ACC177616,2024-02-06,Withdrawal,17460.94
TX1008585,CUST1039,ACC179269,2024-04-22,POS,14488.22
TX1008586,CUST1311,ACC136338,2024-07-16,Withdrawal,17356.92
TX1008587,CUST1101,ACC196634,2024-03-30,Bank Transfer,10879.22
TX1008588,CUST2985,ACC180725,2024-07-24,Deposit,14735.49
TX1008589,CUST2095,ACC187621,2024-12-04,POS,9921.35
TX1008590,CUST1045,ACC162050,2024-01-30,Bank Transfer,3322.68
TX1008591,CUST1380,ACC127434,2024-09-17,DEPOSIT,6330.39
TX1008592,CUST2991,ACC122033,2024-05-26,Deposit,6038.81
TX1008593,CUST1209,ACC100350,2024-12-05,Bank Transfer,13751.62
TX1008594,CUST1577,ACC130386,2024-07-23,,-37679.15
TX1008595,CUST1551,ACC128369,2024-04-27,Bank Transfer,14777.42
TX1008596,CUST1256,ACC111971,2024-10-19,POS,1028.08
TX1008597,CUST2464,ACC180599,2024-08-30,POS,11595.2
TX1008598,CUST1897,ACC119200,2024-12-02,Pos Purchase,18904.97
TX1008599,CUST2489,ACC118786,2024-07-06,POS,4223.03
TX1008600,CUST1016,ACC121603,2024-07-16,Bank Transfer,9961.35
TX1008601,CUST1476,ACC162320,2024-02-02,Withdrawal,288.09
TX1008602,CUST1184,ACC100032,2024-06-09,Deposit,11803.82
TX1008603,CUST1308,ACC142380,2024-05-21,POS,19372.42
TX1008604,CUST1030,ACC110195,2024-08-31,Deposit,17751.92
TX1008605,CUST2010,ACC106840,2024-01-24,deposit,19392.97
TX1008606,CUST1444,ACC117953,2024-07-04,POS,19185.35
TX1008607,CUST1700,ACC167070,2024-06-12,bank-transfer,18221.5
TX1008608,CUST1860,ACC157630,2024-05-08,withdrawal,2061.92
TX1008609,CUST1638,ACC155758,2024-10-18,Pos Purchase,17867.42
TX1008610,CUST2609,ACC187142,2024-02-07,POS,4604.16
TX1008611,CUST2637,ACC161825,2024-03-30,POS,12537.87
TX1008612,CUST2020,ACC142872,2024-11-16,DEPOSIT,5888.21
TX1008613,CUST1760,ACC139656,2024-12-03,Deposit,12058.74
TX1008614,CUST1949,ACC165585,2024-02-04,POS,13590.48
TX1008615,CUST2427,ACC199615,2024-07-07,bank-transfer,10994.82
TX1008616,CUST2620,ACC115374,2024-02-14,Withdrawal,7303.04
TX1008617,CUST1064,ACC131558,2024-08-07,POS,2031.95
TX1008618,CUST1676,ACC173419,2024-05-17,Bank Transfer,5055.12
TX1008619,CUST1164,ACC151543,2024-02-06,Bank Transfer,5229.57
TX1008620,CUST2727,ACC149454,2024-02-09,Withdrawal,8182.99
TX1008621,CUST2537,ACC150532,2024-10-16,Withdrawal,19906.61
TX1008622,CUST2948,ACC192568,2024-12-10,Deposit,7400.15
TX1008623,CUST1299,ACC162190,2024-06-24,bank-transfer,4640.37
TX1008624,CUST1114,ACC146529,2024-06-17,bank-transfer,3104.2
TX1008625,CUST1545,ACC140863,2024-08-07,DEPOSIT,6990.13
TX1008626,CUST2588,ACC168417,2024-05-19,Deposit,8439.86
TX1008627,CUST1803,ACC141546,2024-01-09,POS,2553.34
TX1008628,CUST1146,ACC169558,2024-10-18,,8054.67
TX1008629,CUST2112,ACC110249,2024-12-09,POS,10016.57
TX1008630,CUST1962,ACC179348,2024-02-16,Deposit,7899.3
TX1008631,CUST1371,ACC128036,2024-10-22,Deposit,15407.83
TX1008632,CUST1393,ACC121773,2024-07-11,Bank Transfer,3244.39
TX1008633,CUST2834,ACC183069,2024-10-30,deposit,15120.76
TX1008634,CUST2723,ACC136403,2024-04-18,Withdrawal,17728.72
TX1008635,CUST1512,ACC193237,2024-10-29,Deposit,7099.56
TX1008636,CUST2673,ACC118728,2024-06-13,Bank Transfer,9968.45
TX1008637,CUST1781,ACC157310,2024-08-18,pos,14914.67
TX1008638,CUST2696,ACC173464,2024-10-07,Bank Transfer,11691.37
TX1008639,CUST1025,ACC157887,2024-09-11,WITHDRAWAL,6188.49
TX1008640,CUST1249,ACC164237,2024-07-02,Bank Transfer,5609.16
TX1008641,CUST2995,ACC191108,2024-04-04,Bank Transfer,752.12
TX1008642,CUST2573,ACC132838,2024-01-31,POS,1207.94
TX1008643,CUST2463,ACC189832,2024-09-01,POS,11285.74
TX1008644,CUST1509,ACC115760,2024-01-01,bank-transfer,
TX1008645,CUST1788,ACC173125,2024-03-11,BankTransfer,15675.05
TX1008646,CUST2579,ACC157070,2024-01-10,Withdrawal,2403.46
TX1008647,CUST2996,ACC185471,2024-05-09,deposit,18075.82
TX1008648,CUST1907,ACC145636,2024-03-27,Bank Transfer,13044.06
TX1008649,CUST1506,ACC123332,2024-08-10,POS,1800.13
TX1008650,CUST2510,ACC103315,2024-03-22,Bank Transfer,6743.66
TX1008651,CUST1068,ACC147931,2024-12-07,Bank Transfer,9925.76
TX1008652,CUST1407,ACC161089,2024-01-08,Withdrawal,18657.4
TX1008653,CUST1943,ACC187823,2024-02-06,Bank Transfer,746.09
TX1008654,CUST2505,ACC145349,2024-11-14,Deposit,5562.12
TX1008655,CUST2578,ACC195484,2024-11-29,POS,7659.26
TX1008656,CUST1192,ACC155584,2024-09-11,Deposit,18875.35
TX1008657,CUST2067,ACC128020,2024-02-19,Withdrawal,1658.9
TX1008658,CUST2363,ACC180868,2024-03-10,bank-transfer,16687.2
TX1008659,CUST1426,ACC173373,2024-12-04,Bank Transfer,15402.25
TX1008660,CUST1968,ACC125032,2024-02-15,Withdrawal,8961.47
TX1008661,CUST1796,ACC150129,2024-03-17,Deposit,17934.12
TX1008662,CUST2395,ACC149047,2024-06-06,deposit,6666.04
TX1008663,CUST2968,ACC123462,2024-02-07,Bank Transfer,16964.8
TX1008664,CUST1639,ACC197993,2024-04-13,deposit,5257.22
TX1008665,CUST2917,ACC101398,2024-10-19,POS,2104.73
TX1008666,CUST1661,ACC125668,2024-05-04,withdrawal,3715.25
TX1008667,CUST1324,ACC157944,2024-08-08,Bank Transfer,5232.1
TX1008668,CUST2288,ACC147315,2024-11-13,Deposit,19371.23
TX1008669,CUST2491,ACC168944,2024-07-25,WITHDRAWAL,13646.92
TX1008670,CUST1086,ACC125544,2024-08-24,DEPOSIT,10009.5
TX1008671,CUST2525,ACC100735,2024-09-29,POS,12661.12
TX1008672,CUST2919,ACC176832,2024-10-17,Withdrawal,11995.91
TX1008673,CUST2125,ACC140683,2024-11-27,BankTransfer,15833.13
TX1008674,CUST2066,ACC143050,2024-08-20,Deposit,14773.42
TX1008675,CUST1250,ACC112334,2024-07-26,POS,5723.27
TX1008676,CUST1518,ACC148348,2024-01-19,Withdrawal,19720.62
TX1008677,CUST1985,ACC133260,2024-10-16,Bank Transfer,5146.46
TX1008678,CUST2307,ACC165902,2024-09-24,POS,13200.59
TX1008679,CUST1611,ACC101703,2024-08-30,bank-transfer,16787.2
TX1008680,CUST1406,ACC179531,2024-04-20,Bank Transfer,15965.25
TX1008681,CUST1738,ACC135786,2024-02-07,POS,2298.93
TX1008682,CUST2817,ACC104394,2024-03-25,Withdrawal,4391.7
TX1008683,CUST1106,ACC184832,2024-08-06,Withdrawal,14608.57
TX1008684,CUST2768,ACC136038,2024-09-08,pos,9263.52
TX1008685,CUST2365,ACC184105,2024-09-04,POS,900.29
TX1008686,CUST1446,ACC162748,2024-04-28,Bank Transfer,11902.79
TX1008687,CUST2993,ACC152205,2024-02-10,Withdrawal,9707.27
TX1008688,CUST1231,ACC105756,2024-11-04,Withdrawal,8577.15
TX1008689,CUST1483,ACC191160,2024-04-04,pos,428.15
TX1008690,CUST2296,ACC192309,2024-03-08,POS,3795.12
TX1008691,CUST1889,ACC133166,2024-08-12,POS,10956.14
TX1008692,CUST1664,ACC135936,2024-11-29,Deposit,3854.73
TX1008693,CUST1030,ACC181955,2024-07-18,Bank Transfer,4938.14
TX1008694,CUST1342,ACC107500,2024-12-11,Deposit,7849.62
TX1008695,CUST2626,ACC174996,2024-01-15,Withdrawal,6512.0
TX1008696,CUST1565,ACC103988,2024-08-23,Bank Transfer,3303.97
TX1008697,CUST2197,ACC194113,2024-06-22,Withdrawal,17980.1
TX1008698,CUST1245,ACC161709,2024-12-22,Deposit,16336.88
TX1008699,CUST1810,ACC179632,2024-10-22,Pos Purchase,13405.65
TX1008700,CUST2616,ACC182868,2024-09-28,POS,58.59
TX1008701,CUST1497,ACC159569,2024-09-30,POS,16034.94
TX1008702,CUST1018,ACC164264,2024-11-14,Deposit,5633.55
TX1008703,CUST2984,ACC122776,2024-08-31,POS,13520.71
TX1008704,CUST1086,ACC162055,2024-11-28,Deposit,6226.75
TX1008705,CUST2190,ACC198295,2024-10-05,Bank Transfer,5237.98
TX1008706,CUST2604,ACC184875,2024-08-03,POS,15260.36
TX1008707,CUST2414,ACC198380,2024-06-29,Deposit,5412.51
TX1008708,CUST1973,ACC171511,2024-05-01,POS,15937.18
TX1008709,CUST2409,ACC113616,2024-11-22,Withdrawal,8712.26
TX1008710,CUST2221,ACC105006,2024-04-16,Bank Transfer,2488.24
TX1008711,CUST1317,ACC148435,2024-11-19,Deposit,-7052.55
TX1008712,CUST1760,ACC103779,2024-12-16,withdrawal,5655.47
TX1008713,CUST2578,ACC180336,2024-10-19,pos,6517.74
TX1008714,CUST1183,ACC193495,2024-12-23,Deposit,6836.32
TX1008715,CUST1509,ACC120079,2024-12-20,POS,1735.4
TX1008716,CUST1322,ACC192489,2024-06-07,DEPOSIT,3957.17
TX1008717,CUST2023,ACC196494,2024-04-13,DEPOSIT,16346.93
TX1008718,CUST1187,ACC123187,2024-02-29,DEPOSIT,8610.54
TX1008719,CUST2404,ACC117255,2024-11-04,WITHDRAWAL,3057.19
TX1008720,CUST2266,ACC110855,2024-02-16,Withdrawal,1774.81
TX1008721,CUST1693,ACC154994,2024-11-18,deposit,10671.92
TX1008722,CUST2906,ACC115653,2024-07-14,Bank Transfer,18777.69
TX1008723,CUST2985,ACC107346,2024-06-17,Withdrawal,17263.14
TX1008724,CUST2555,ACC158114,2024-06-07,Bank Transfer,7208.1
TX1008725,CUST2280,ACC183555,2024-04-06,POS,1457.16
TX1008726,CUST1122,ACC193138,2024-01-16,pos,187.79
TX1008727,CUST1122,ACC108169,2024-09-19,POS,13343.59
TX1008728,CUST1728,ACC141187,2024-12-10,Deposit,5470.68
TX1008729,CUST2320,ACC112776,2024-10-23,withdrawal,2659.16
TX1008730,CUST1315,ACC171314,,Bank Transfer,19355.16
TX1008731,CUST2436,ACC136369,2024-06-20,Deposit,7246.94
TX1008732,CUST2098,ACC125451,2024-04-03,Bank Transfer,2835.85
TX1008733,CUST2620,ACC185865,2024-04-29,POS,9630.04
TX1008734,CUST1219,ACC180478,2024-03-04,Deposit,142.5
TX1008735,CUST1257,ACC196659,2024-03-15,Withdrawal,8045.24
TX1008736,CUST1999,ACC102185,2024-01-24,Withdrawal,10827.94
TX1008737,CUST1476,ACC143603,2024-03-22,Bank Transfer,12775.87
TX1008738,CUST1648,ACC188079,2024-03-02,,10215.97
TX1008739,CUST2143,ACC141481,2024-10-27,POS,5484.67
TX1008740,CUST2614,ACC192970,2024-02-05,Deposit,17537.52
TX1008741,CUST2320,ACC122179,2024-06-29,POS,18453.99
TX1008742,CUST2549,ACC176919,2024-01-13,POS,13945.5
TX1008743,CUST1711,ACC194651,2024-06-27,pos,8777.65
TX1008744,CUST2649,ACC148005,2024-09-05,Bank Transfer,9421.55
TX1008745,CUST2826,ACC167677,2024-07-12,Bank Transfer,3034.43
TX1008746,CUST1898,ACC101857,2024-05-19,deposit,3771.07
TX1008747,CUST2501,ACC187096,2024-05-24,pos,6143.99
TX1008748,CUST1395,ACC152844,2024-10-15,bank-transfer,13848.4
TX1008749,CUST1043,ACC154575,2024-11-23,Deposit,3694.77
TX1008750,CUST2411,ACC187519,2024-08-21,Withdrawal,12369.88
TX1008751,CUST1773,ACC187771,2024-05-25,POS,9779.37
TX1008752,CUST1733,ACC108058,2024-09-02,Deposit,18726.6
TX1008753,CUST2483,ACC108513,2024-01-04,Deposit,14668.73
TX1008754,CUST1275,ACC125289,2024-12-30,BankTransfer,4972.13
TX1008755,CUST1513,ACC199784,2024-01-26,pos,8140.13
TX1008756,CUST2840,ACC165735,2024-01-01,Deposit,3175.56
TX1008757,CUST1080,ACC119334,2024-03-12,Deposit,4956.69
TX1008758,CUST1993,ACC195545,2024-08-03,Deposit,3101.47
TX1008759,CUST2447,ACC134948,2024-10-14,Bank Transfer,8194.43
TX1008760,CUST1896,ACC111005,2024-08-25,POS,8982.02
TX1008761,CUST2144,ACC122621,2024-07-21,Deposit,18318.64
TX1008762,CUST1603,ACC158117,2024-06-05,DEPOSIT,8596.6
TX1008763,CUST2111,ACC105833,2024-06-07,Deposit,5835.49
TX1008764,CUST2427,ACC136113,2024-10-05,POS,17642.95
TX1008765,CUST2003,ACC179761,2024-12-06,Withdrawal,6721.5
TX1008766,CUST1388,ACC126041,2024-08-10,Bank Transfer,10137.11
TX1008767,CUST2160,ACC190271,2024-09-11,Bank Transfer,10178.87
TX1008768,CUST1382,ACC166252,2024-07-24,Deposit,2481.19
TX1008769,CUST2113,ACC153641,2024-06-01,Withdrawal,12694.83
TX1008770,CUST1712,ACC122671,2024-10-20,Deposit,5865.01
TX1008771,CUST1662,ACC183270,2024-08-17,Withdrawal,7702.22
TX1008772,CUST2499,ACC197888,2024-10-30,Deposit,19390.93
TX1008773,CUST1959,ACC100422,2024-08-18,Deposit,12806.9
TX1008774,CUST1563,ACC140784,2024-06-07,Withdrawal,9161.51
TX1008775,CUST2776,ACC135882,2024-02-15,WITHDRAWAL,5891.51
TX1008776,CUST2702,ACC173473,2024-08-02,Bank Transfer,13723.05
TX1008777,CUST2226,ACC145964,2024-04-13,POS,19512.86
TX1008778,CUST2872,ACC115429,2024-07-16,Deposit,5797.68
TX1008779,CUST2762,ACC144754,2024-06-26,POS,12145.87
TX1008780,CUST2135,ACC161112,2024-08-06,POS,3885.71
TX1008781,CUST1328,ACC174471,2024-12-19,Withdrawal,1467.75
TX1008782,CUST1141,ACC191264,2024-01-18,Bank Transfer,8347.46
TX1008783,CUST2087,ACC111284,2024-05-11,Withdrawal,6938.09
TX1008784,CUST1317,ACC174211,2024-06-18,Deposit,17697.67
TX1008785,CUST1920,ACC160687,2024-01-17,Deposit,3148.09
TX1008786,CUST1605,ACC111555,2024-01-12,Bank Transfer,17327.99
TX1008787,CUST2678,ACC115238,2024-07-27,Bank Transfer,14556.41
TX1008788,CUST1539,ACC111870,2024-05-05,Deposit,17690.74
TX1008789,CUST2109,ACC123920,2024-06-29,POS,8183.3
TX1008790,CUST1751,ACC195623,2024-06-10,deposit,5220.08
TX1008791,CUST1929,ACC111326,2024-12-23,Withdrawal,16301.52
TX1008792,CUST1001,ACC124334,2024-04-22,POS,19279.09
TX1008793,CUST2589,ACC141615,2024-08-28,Bank Transfer,101.49
TX1008794,CUST2306,ACC177483,2024-04-11,Bank Transfer,13738.03
TX1008795,CUST2036,ACC182132,2024-01-20,POS,4605.9
TX1008796,CUST1776,ACC102635,2024-10-28,withdrawal,12986.21
TX1008797,CUST2502,ACC122195,2024-07-16,Withdrawal,17952.31
TX1008798,CUST1379,ACC101368,2024-05-19,Withdrawal,12926.88
TX1008799,CUST2808,ACC128511,2024-10-16,pos,4192.65
TX1008800,CUST1038,ACC183616,2024-08-06,deposit,3742.64
TX1008801,CUST2269,ACC149090,2024-11-11,Withdrawal,3835.88
TX1008802,CUST2754,ACC160338,2024-04-05,Pos Purchase,7942.68
TX1008803,CUST1745,ACC110652,2024-08-25,Withdrawal,18039.81
TX1008804,CUST2589,ACC194932,2024-08-13,Withdrawal,14227.71
TX1008805,CUST2270,ACC132339,2024-02-10,Deposit,4135.8
TX1008806,CUST1489,ACC140341,2024-02-26,POS,2154.99
TX1008807,CUST1656,ACC189245,2024-11-21,Bank Transfer,9009.19
TX1008808,CUST2476,ACC184189,2024-10-16,Deposit,306.13
TX1008809,CUST1129,ACC125046,2024-11-28,POS,4874.08
TX1008810,CUST2348,ACC197964,2024-07-02,POS,834.2
TX1008811,CUST2980,ACC199068,2024-03-11,Deposit,4155.37
TX1008812,CUST2103,ACC196745,2024-10-18,Withdrawal,13614.96
TX1008813,CUST2677,ACC117397,2024-12-22,DEPOSIT,4439.95
TX1008814,CUST1793,ACC140696,2024-07-13,Withdrawal,4002.11
TX1008815,CUST1388,ACC106990,2024-04-24,Withdrawal,13087.16
TX1008816,CUST2073,ACC149716,2024-06-13,WITHDRAWAL,15911.82
TX1008817,CUST2399,ACC192525,2024-04-15,Bank Transfer,13298.29
TX1008818,CUST2018,ACC137627,2024-01-26,Deposit,17741.87
TX1008819,CUST2568,ACC123331,2024-12-21,POS,1925.76
TX1008820,CUST2129,ACC136564,2024-07-08,Withdrawal,324.33
TX1008821,CUST1315,ACC118405,2024-10-30,POS,7966.28
TX1008822,CUST2255,ACC174060,2024-08-26,Withdrawal,5598.16
TX1008823,CUST1579,ACC141358,2024-01-05,Bank Transfer,16357.91
TX1008824,CUST1660,ACC154261,2024-04-01,BankTransfer,3158.81
TX1008825,CUST1839,ACC129617,2024-07-07,POS,8473.26
TX1008826,CUST2312,ACC124673,2024-06-28,POS,10759.53
TX1008827,CUST1659,ACC135756,2024-02-26,DEPOSIT,17375.61
TX1008828,CUST1226,ACC126112,2024-03-23,Bank Transfer,17427.37
TX1008829,CUST1197,ACC123214,2024-09-27,Deposit,4449.41
TX1008830,CUST2071,ACC138657,2024-03-23,Withdrawal,10574.83
TX1008831,CUST2349,ACC133994,2024-08-24,Withdrawal,13865.53
TX1008832,CUST1136,ACC191430,2024-07-30,Withdrawal,18289.85
TX1008833,CUST1089,ACC157619,2024-12-11,WITHDRAWAL,12892.57
TX1008834,CUST2710,ACC134674,2024-04-15,Withdrawal,7313.64
TX1008835,CUST2920,ACC112112,2024-08-06,Withdrawal,3887.01
TX1008836,CUST1265,ACC164210,2024-06-02,Bank Transfer,2215.87
TX1008837,CUST1365,ACC146550,2024-04-30,Withdrawal,27639.35
TX1008838,CUST2788,ACC175850,2024-02-10,Withdrawal,17707.06
TX1008839,CUST1064,ACC147659,2024-06-09,WITHDRAWAL,17882.94
TX1008840,CUST1413,ACC145725,2024-11-10,POS,11271.72
TX1008841,CUST1219,ACC184125,2024-05-28,deposit,10888.11
TX1008842,CUST1994,ACC168556,2024-09-25,Withdrawal,1894.0
TX1008843,CUST1392,ACC158939,2024-11-13,Withdrawal,9698.9
TX1008844,CUST1202,ACC182709,2024-10-13,Withdrawal,5209.21
TX1008845,CUST1065,ACC190051,2024-10-18,bank-transfer,1740.87
TX1008846,CUST2169,ACC122344,2024-06-20,deposit,6357.24
TX1008847,CUST2314,ACC104814,2024-11-09,Bank Transfer,-16071.31
TX1008848,CUST2712,ACC176706,2024-07-20,Withdrawal,439.56
TX1008849,CUST1795,ACC150551,2024-06-27,Withdrawal,7557.82
TX1008850,CUST2347,ACC120408,2024-05-24,Bank Transfer,8531.88
TX1008851,CUST2003,ACC170510,2024-07-30,pos,10007.16
TX1008852,CUST2076,ACC174542,2024-12-02,POS,16922.18
TX1008853,CUST2277,ACC127611,2024-08-10,Bank Transfer,4721.25
TX1008854,CUST2436,ACC192037,2024-05-06,Bank Transfer,7607.32
TX1008855,CUST2208,ACC156866,2024-06-01,WITHDRAWAL,1201.5
TX1008856,CUST1524,ACC145471,2024-06-18,DEPOSIT,7949.59
TX1008857,CUST1100,ACC184673,2024-05-14,Withdrawal,19011.98
TX1008858,CUST1750,ACC189393,2024-05-29,Bank Transfer,8213.86
TX1008859,CUST1452,ACC137839,2024-04-23,POS,19777.32
TX1008860,CUST2240,ACC127190,2024-06-06,Deposit,3500.04
TX1008861,CUST2470,ACC144850,2024-12-29,Withdrawal,2879.6
TX1008862,CUST1145,ACC191705,2024-05-11,Deposit,17257.85
TX1008863,CUST1026,ACC166029,2024-02-07,Bank Transfer,9894.19
TX1008864,CUST2905,ACC172300,2024-06-05,Withdrawal,12785.56
TX1008865,CUST2886,ACC197403,2024-11-09,Withdrawal,2645.23
TX1008866,CUST1427,ACC135251,2024-03-03,Deposit,18662.67
TX1008867,CUST2342,ACC111895,2024-07-21,POS,19184.41
TX1008868,CUST2006,ACC167275,2024-10-18,POS,2104.26
TX1008869,CUST2901,ACC127619,2024-11-04,Deposit,15638.59
TX1008870,CUST2822,ACC133844,2024-10-28,Deposit,19862.67
TX1008871,CUST2704,ACC128607,2024-05-05,Bank Transfer,2936.87
TX1008872,CUST1163,ACC161300,2024-11-07,POS,19166.16
TX1008873,CUST1958,ACC134189,2024-05-04,Deposit,8530.97
TX1008874,CUST2640,ACC104121,2024-12-27,Deposit,12828.07
TX1008875,CUST2308,ACC115112,2024-05-12,Bank Transfer,18855.87
TX1008876,CUST1124,ACC167768,2024-05-21,Bank Transfer,15529.22
TX1008877,CUST1739,ACC186288,2024-10-23,Bank Transfer,6753.64
TX1008878,CUST2142,ACC182721,2024-08-18,Deposit,19109.81
TX1008879,CUST2522,ACC124435,2024-05-25,POS,2516.2
TX1008880,CUST2921,ACC162286,2024-04-25,withdrawal,1216.31
TX1008881,CUST2823,ACC118325,2024-10-21,POS,5788.92
TX1008882,CUST1851,ACC161242,2024-05-18,POS,1556.96
TX1008883,CUST2683,ACC176915,2024-07-28,Deposit,17330.29
TX1008884,CUST1755,ACC142335,2024-05-15,DEPOSIT,16888.6
TX1008885,CUST2626,ACC148795,2024-01-09,deposit,17801.27
TX1008886,CUST2450,ACC173894,2024-09-26,Deposit,9933.42
TX1008887,CUST1119,ACC149533,2024-12-12,Withdrawal,13035.7
TX1008888,CUST2686,ACC186285,2024-12-02,Deposit,7899.73
TX1008889,CUST2263,ACC177121,2024-12-24,Bank Transfer,14184.84
TX1008890,CUST1544,ACC104436,2024-10-14,POS,17686.65
TX1008891,CUST2083,ACC142253,2024-03-28,POS,1295.27
TX1008892,CUST1083,ACC191919,2024-03-15,POS,11290.98
TX1008893,CUST2503,ACC113711,2024-04-24,Withdrawal,12239.62
TX1008894,CUST1144,ACC182506,2024-01-25,WITHDRAWAL,12854.92
TX1008895,CUST2708,ACC147039,2024-10-30,POS,3686.87
TX1008896,CUST1622,ACC101035,2024-06-17,pos,19120.76
TX1008897,CUST1159,ACC120807,2024-09-13,,10624.19
TX1008898,CUST2934,ACC155234,2024-08-03,POS,8373.8
TX1008899,CUST1442,ACC162324,2024-03-06,Deposit,-7489.64
TX1008900,CUST2967,ACC143871,2024-11-05,,19612.59
TX1008901,CUST2063,ACC144128,2024-09-01,Withdrawal,4296.33
TX1008902,CUST1198,ACC184919,2024-04-21,deposit,11051.37
TX1008903,CUST1207,ACC113134,2024-10-21,Bank Transfer,15258.38
TX1008904,CUST2485,ACC124525,2024-12-08,deposit,11147.49
TX1008905,CUST1473,ACC146924,2024-09-29,Deposit,16192.38
TX1008906,CUST2088,ACC140144,2024-11-24,Deposit,18657.78
TX1008907,CUST1789,ACC121331,2024-09-24,Withdrawal,2283.08
TX1008908,CUST1388,ACC161189,2024-10-25,Bank Transfer,849.02
TX1008909,CUST1395,ACC171667,2024-05-18,Bank Transfer,19076.82
TX1008910,CUST2077,ACC124400,2024-02-21,POS,9426.18
TX1008911,CUST2345,ACC198572,2024-05-07,POS,3927.34
TX1008912,CUST1509,ACC102850,2024-03-21,Withdrawal,10513.83
TX1008913,CUST2167,ACC157541,2024-02-23,POS,19473.5
TX1008914,CUST2280,ACC180820,2024-01-05,Withdrawal,1664.31
TX1008915,CUST2940,ACC159827,2024-10-19,Bank Transfer,5618.66
TX1008916,CUST1366,ACC177801,2024-08-16,POS,3961.69
TX1008917,CUST2143,ACC175492,2024-03-07,Bank Transfer,367.63
TX1008918,CUST2534,ACC191029,2024-02-01,BankTransfer,12386.23
TX1008919,CUST2143,ACC157012,2024-12-19,Deposit,12059.41
TX1008920,CUST1850,ACC195807,2024-03-29,Withdrawal,19081.46
TX1008921,CUST2528,ACC152341,2024-02-28,Bank Transfer,
TX1008922,CUST1216,ACC162072,2024-09-02,POS,1050.46
TX1008923,CUST2569,ACC131927,2024-01-23,Bank Transfer,16911.93
TX1008924,CUST2307,ACC133105,2024-09-02,Deposit,14781.24
TX1008925,CUST2180,ACC194813,2024-06-16,withdrawal,7829.13
TX1008926,CUST1733,ACC148918,2024-06-03,Deposit,-7962.1
TX1008927,CUST2381,ACC178766,2024-09-22,POS,800.86
TX1008928,CUST1939,ACC144286,2024-06-27,Withdrawal,155.37
TX1008929,CUST2438,ACC163249,2024-04-08,POS,3553.65
TX1008930,CUST2362,ACC188939,2024-05-26,POS,13042.92
TX1008931,CUST1874,ACC152579,2024-11-18,Pos Purchase,5698.06
TX1008932,CUST2808,ACC139344,2024-12-29,Withdrawal,5715.47
TX1008933,CUST1213,ACC105259,2024-07-30,POS,16508.24
TX1008934,CUST1341,ACC130710,2024-07-08,Withdrawal,17857.32
TX1008935,CUST2622,ACC166448,2024-06-21,Bank Transfer,8983.19
TX1008936,CUST1369,ACC114136,2024-08-29,POS,10473.48
TX1008937,CUST2126,ACC155179,2024-10-26,POS,10689.88
TX1008938,CUST1822,ACC155822,2024-03-08,POS,10597.7
TX1008939,CUST2033,ACC135305,2024-03-05,Deposit,3443.96
TX1008940,CUST1691,ACC175692,2024-01-20,Deposit,4628.42
TX1008941,CUST2346,ACC152527,2024-05-05,bank-transfer,9242.31
TX1008942,CUST1323,ACC177735,2024-01-06,Bank Transfer,10663.66
TX1008943,CUST2093,ACC103742,2024-01-22,withdrawal,17796.26
TX1008944,CUST2228,ACC121499,2024-06-03,Withdrawal,18786.31
TX1008945,CUST1907,ACC167135,2024-05-22,POS,3062.0
TX1008946,CUST2911,ACC121808,2024-10-17,Withdrawal,15695.56
TX1008947,CUST1721,ACC139397,2024-08-09,DEPOSIT,4152.19
TX1008948,CUST2848,ACC178230,2024-06-04,Deposit,2712.33
TX1008949,CUST1645,ACC191439,2024-07-14,Deposit,9075.74
TX1008950,CUST2126,ACC168692,2024-02-02,Bank Transfer,13583.24
TX1008951,CUST1664,ACC126012,2024-03-16,POS,19281.78
TX1008952,CUST2730,ACC174447,2024-11-08,Withdrawal,6566.2
TX1008953,CUST1761,ACC198546,2024-04-24,Deposit,753.08
TX1008954,CUST1844,ACC118290,2024-10-17,withdrawal,5941.33
TX1008955,CUST2565,ACC117025,2024-01-28,Withdrawal,13418.62
TX1008956,CUST2296,ACC186954,2024-01-15,Bank Transfer,13522.68
TX1008957,CUST1881,ACC143666,2024-03-13,Withdrawal,11017.84
TX1008958,CUST2691,ACC107051,2024-07-01,POS,19014.99
TX1008959,CUST2486,ACC111848,2024-02-24,Withdrawal,17859.43
TX1008960,CUST1662,ACC140537,2024-03-10,DEPOSIT,9791.16
TX1008961,CUST2246,ACC118541,2024-02-28,Deposit,17667.87
TX1008962,CUST1492,ACC145364,2024-04-14,Deposit,5839.9
TX1008963,CUST2153,ACC160124,2024-08-24,POS,12821.27
TX1008964,CUST2117,ACC151903,2024-06-19,Withdrawal,10122.14
TX1008965,CUST1438,ACC121671,2024-07-20,withdrawal,8042.35
TX1008966,CUST1768,ACC160370,2024-07-01,Withdrawal,6232.61
TX1008967,CUST2568,ACC100110,2024-09-27,POS,12007.08
TX1008968,CUST2126,ACC186325,2024-12-27,Withdrawal,9095.89
TX1008969,CUST2896,ACC119331,2024-10-31,POS,1051.72
TX1008970,CUST2524,ACC126267,2024-07-19,DEPOSIT,9516.28
TX1008971,CUST1520,ACC122553,2024-04-07,Pos Purchase,12587.19
TX1008972,CUST1737,ACC139489,2024-06-18,BankTransfer,16605.04
TX1008973,CUST2969,ACC140308,2024-10-25,withdrawal,3482.26
TX1008974,CUST1926,ACC110534,2024-06-21,Withdrawal,19646.85
TX1008975,CUST1916,ACC124195,2024-11-17,Deposit,15072.89
TX1008976,CUST2965,ACC130957,2024-12-12,POS,4341.54
TX1008977,CUST1813,ACC126649,2024-08-29,Withdrawal,8227.71
TX1008978,CUST1000,ACC157219,2024-01-02,bank-transfer,11977.08
TX1008979,CUST2487,ACC111818,2024-10-11,BankTransfer,10469.58
TX1008980,CUST1070,ACC194913,2024-08-08,Bank Transfer,9566.04
TX1008981,CUST1582,ACC132077,2024-02-10,Deposit,7014.22
TX1008982,CUST2220,ACC120203,2024-10-20,Bank Transfer,19561.62
TX1008983,CUST1033,ACC189746,2024-11-08,Withdrawal,12994.85
TX1008984,CUST2060,ACC172790,2024-04-21,BankTransfer,12970.0
TX1008985,CUST1276,ACC149054,2024-02-05,WITHDRAWAL,5610.05
TX1008986,CUST2823,ACC100648,2024-05-13,DEPOSIT,18363.1
TX1008987,CUST1618,ACC162566,2024-12-27,POS,10887.65
TX1008988,CUST1013,ACC120883,2024-07-03,Withdrawal,10797.85
TX1008989,CUST1615,ACC145182,2024-10-09,Deposit,7223.8
TX1008990,CUST1454,ACC113095,2024-06-01,Withdrawal,282.08
TX1008991,CUST1439,ACC161708,2024-04-06,DEPOSIT,14836.26
TX1008992,CUST2752,ACC172067,2024-05-12,POS,14956.06
TX1008993,CUST1644,ACC190018,2024-12-22,Bank Transfer,19386.43
TX1008994,CUST1044,ACC151648,2024-06-16,Deposit,12345.28
TX1008995,CUST2580,ACC191590,2024-07-22,bank-transfer,1093.69
TX1008996,CUST2683,ACC127851,2024-07-17,withdrawal,3773.82
TX1008997,CUST2931,ACC161906,2024-04-23,Bank Transfer,8881.58
TX1008998,CUST2412,ACC187613,2024-02-13,Bank Transfer,2904.76
TX1008999,CUST2684,ACC149321,2024-02-07,Deposit,12606.68
TX1009000,CUST1565,ACC160749,2024-04-24,Deposit,1565.28
TX1009001,CUST2882,ACC192566,2024-10-04,POS,4548.16
TX1009002,CUST2133,ACC131816,2024-10-08,DEPOSIT,7257.77
TX1009003,CUST2047,ACC112559,2024-07-08,Deposit,11755.33
TX1009004,CUST2139,ACC150800,,Deposit,10011.48
TX1009005,CUST2168,ACC116843,2024-04-14,Deposit,5662.23
TX1009006,CUST2896,ACC141727,2024-05-31,Bank Transfer,4197.46
TX1009007,CUST2170,ACC117501,2024-04-03,Bank Transfer,2208.73
TX1009008,CUST1316,ACC152413,2024-04-07,Withdrawal,15149.68
TX1009009,CUST1193,ACC142875,2024-07-27,Withdrawal,13469.86
TX1009010,CUST1077,ACC137118,2024-03-21,POS,11617.92
TX1009011,CUST1942,ACC188440,2024-12-09,Deposit,5300.19
TX1009012,CUST1728,ACC195731,2024-03-10,BankTransfer,2319.48
TX1009013,CUST1319,ACC155652,2024-01-18,,1677.09
TX1009014,CUST1283,ACC178241,2024-05-07,,8120.05
TX1009015,CUST1542,ACC151622,2024-04-09,Withdrawal,1821.8
TX1009016,CUST1751,ACC170007,2024-06-07,BankTransfer,12365.55
TX1009017,CUST2821,ACC109392,2024-08-22,Deposit,4005.93
TX1009018,CUST2192,ACC145464,2024-05-29,POS,18426.48
TX1009019,CUST1511,ACC164003,2024-04-03,BankTransfer,4183.93
TX1009020,CUST1477,ACC187802,2024-05-15,Deposit,3720.0
TX1009021,CUST1524,ACC197049,2024-07-27,Withdrawal,16985.66
TX1009022,CUST2661,ACC176864,2024-04-16,Deposit,8701.23
TX1009023,CUST1615,ACC103525,2024-12-01,BankTransfer,19724.49
TX1009024,CUST1188,ACC129057,2024-02-25,Pos Purchase,16190.95
TX1009025,CUST2168,ACC179760,2024-01-10,Withdrawal,7670.51
TX1009026,CUST1818,ACC123351,2024-06-03,Deposit,13734.65
TX1009027,CUST2165,ACC130822,2024-04-28,Withdrawal,4149.28
TX1009028,CUST2879,ACC148382,2024-12-05,Bank Transfer,19793.95
TX1009029,CUST1445,ACC147484,2024-08-18,Withdrawal,14867.39
TX1009030,CUST2503,ACC144544,2024-12-31,POS,2617.75
TX1009031,CUST1158,ACC165726,2024-10-23,Withdrawal,7732.72
TX1009032,CUST2481,ACC100208,2024-07-31,POS,16759.21
TX1009033,CUST1664,ACC180028,2024-09-15,Bank Transfer,4542.04
TX1009034,CUST2623,ACC178534,2024-12-20,bank-transfer,2348.26
TX1009035,CUST1988,ACC198524,2024-12-11,Deposit,1898.87
TX1009036,CUST1354,ACC152190,2024-12-02,POS,1059.17
TX1009037,CUST1999,ACC110127,2024-07-21,Withdrawal,10999.19
TX1009038,CUST2691,ACC184617,2024-10-03,Deposit,3131.71
TX1009039,CUST2841,ACC130156,2024-01-15,Deposit,2117.02
TX1009040,CUST2412,ACC118098,2024-01-17,deposit,1285.49
TX1009041,CUST2439,ACC165529,2024-10-09,POS,1723.44
TX1009042,CUST2180,ACC124637,2024-11-29,bank-transfer,8983.07
TX1009043,CUST2678,ACC105799,2024-06-09,POS,12045.29
TX1009044,CUST2858,ACC127686,2024-12-29,Withdrawal,11645.83
TX1009045,CUST1195,ACC139575,2024-12-28,Pos Purchase,6335.55
TX1009046,CUST2219,ACC157068,2024-03-13,POS,18425.6
TX1009047,CUST2315,ACC112170,2024-10-18,POS,5008.47
TX1009048,CUST1615,ACC144510,2024-05-23,deposit,6695.64
TX1009049,CUST1076,ACC150340,2024-07-14,Deposit,2211.58
TX1009050,CUST2496,ACC185726,2024-10-25,BankTransfer,13320.89
TX1009051,CUST2655,ACC123576,2024-01-26,Withdrawal,11457.42
TX1009052,CUST2180,ACC155798,2024-03-19,Deposit,586.54
TX1009053,CUST1781,ACC119758,2024-11-30,Bank Transfer,1481.32
TX1009054,CUST1160,ACC137350,2024-02-15,deposit,89603.9
TX1009055,CUST2597,ACC140775,2024-11-27,Pos Purchase,242.18
TX1009056,CUST1114,ACC150700,2024-12-05,Bank Transfer,16831.69
TX1009057,CUST2887,ACC188509,2024-09-06,Deposit,15144.13
TX1009058,CUST2578,ACC163000,2024-08-12,Deposit,6660.97
TX1009059,CUST1684,ACC104564,2024-05-26,,15429.35
TX1009060,CUST1712,ACC134212,2024-02-02,Deposit,15960.52
TX1009061,CUST2801,ACC155277,2024-08-26,DEPOSIT,4662.68
TX1009062,CUST2673,ACC123529,2024-05-14,POS,7168.64
TX1009063,CUST1889,ACC121435,2024-04-06,POS,16053.36
TX1009064,CUST1853,ACC152194,2024-01-20,POS,19954.92
TX1009065,CUST2905,ACC189435,2024-06-03,DEPOSIT,7302.38
TX1009066,CUST2777,ACC167809,2024-04-16,BankTransfer,7387.91
TX1009067,CUST1246,ACC113950,2024-06-12,Bank Transfer,9442.13
TX1009068,CUST2781,ACC160938,2024-01-30,Bank Transfer,8649.64
TX1009069,CUST2577,ACC110831,2024-03-20,Bank Transfer,7236.61
TX1009070,CUST1464,ACC145388,2024-04-26,Deposit,5282.02
TX1009071,CUST2531,ACC189923,2024-10-01,Deposit,4803.76
TX1009072,CUST2336,ACC196032,2024-07-06,Bank Transfer,18905.2
TX1009073,CUST2739,ACC113291,2024-01-25,,3009.95
TX1009074,CUST2233,ACC185966,2024-03-24,POS,3722.54
TX1009075,CUST2901,ACC153015,2024-03-23,deposit,18569.82
TX1009076,CUST1023,ACC101602,2024-10-13,POS,10549.85
TX1009077,CUST2298,ACC121087,2024-11-08,POS,15144.34
TX1009078,CUST2592,ACC141815,2024-05-23,POS,9583.95
TX1009079,CUST2294,ACC116874,2024-08-04,Withdrawal,1965.32
TX1009080,CUST1783,ACC175324,2024-07-19,Deposit,7943.08
TX1009081,CUST1110,ACC166449,2024-06-22,Withdrawal,6537.4
TX1009082,CUST1624,ACC150330,2024-04-02,Bank Transfer,8474.39
TX1009083,CUST2073,ACC189954,2024-08-17,BankTransfer,3378.95
TX1009084,CUST1084,ACC159597,2024-06-21,Deposit,11626.58
TX1009085,CUST1653,ACC101518,2024-03-22,Bank Transfer,19337.57
TX1009086,CUST2105,ACC163719,2024-04-11,Deposit,7332.99
TX1009087,CUST2156,ACC185697,2024-04-12,POS,8920.57
TX1009088,CUST1306,ACC187843,2024-03-09,bank-transfer,8881.46
TX1009089,CUST1669,ACC152652,2024-09-23,POS,1632.26
TX1009090,CUST2028,ACC155372,2024-03-19,Pos Purchase,6027.27
TX1009091,CUST2429,ACC107144,2024-11-15,,886.46
TX1009092,CUST1452,ACC139708,2024-04-29,Withdrawal,9421.67
TX1009093,CUST1313,ACC155703,2024-01-05,Deposit,9972.53
TX1009094,CUST1103,ACC133901,2024-03-10,Bank Transfer,3840.94
TX1009095,CUST2379,ACC197263,2024-01-09,Withdrawal,2578.82
TX1009096,CUST2498,ACC183115,2024-03-09,BankTransfer,9924.84
TX1009097,CUST1804,ACC115198,2024-06-18,Bank Transfer,13648.57
TX1009098,CUST2988,ACC179119,2024-07-24,Withdrawal,18600.06
TX1009099,CUST1912,ACC159017,2024-10-20,WITHDRAWAL,16942.33
TX1009100,CUST2541,ACC165806,2024-02-25,deposit,9869.1
TX1009101,CUST2218,ACC148866,2024-04-20,Withdrawal,15849.67
TX1009102,CUST2178,ACC162068,2024-04-14,Deposit,15370.99
TX1009103,CUST2033,ACC193326,2024-01-06,Bank Transfer,3272.66
TX1009104,CUST1184,ACC143917,2024-04-27,Withdrawal,19700.73
TX1009105,CUST1454,ACC170126,2024-01-12,POS,6325.01
TX1009106,CUST1884,ACC147823,2024-04-22,POS,9297.15
TX1009107,CUST1593,ACC114637,2024-04-11,Bank Transfer,-18254.55
TX1009108,CUST2610,ACC123440,2024-05-09,,12492.69
TX1009109,CUST1807,ACC155583,2024-07-28,Bank Transfer,18203.2
TX1009110,CUST1303,ACC169692,2024-08-27,Bank Transfer,18491.21
TX1009111,CUST1270,ACC199563,2024-08-13,Deposit,11899.57
TX1009112,CUST1688,ACC150262,2024-02-04,,14286.91
TX1009113,CUST1169,ACC188436,2024-12-20,POS,8026.87
TX1009114,CUST1974,ACC110486,2024-03-03,POS,14576.64
TX1009115,CUST2170,ACC119711,2024-12-09,Withdrawal,17238.72
TX1009116,CUST2526,ACC100911,2024-08-07,BankTransfer,1981.69
TX1009117,CUST1100,ACC144186,2024-08-21,BankTransfer,
TX1009118,CUST2122,ACC192741,2024-07-05,Deposit,6351.8
TX1009119,CUST1817,ACC177352,2024-01-06,Deposit,19142.44
TX1009120,CUST1537,ACC133795,2024-08-12,Pos Purchase,1881.39
TX1009121,CUST1174,ACC125901,2024-08-06,Deposit,5168.58
TX1009122,CUST1816,ACC167488,2024-03-13,Deposit,14469.14
TX1009123,CUST2027,ACC180546,2024-09-01,bank-transfer,2329.03
TX1009124,CUST1889,ACC195371,2024-11-08,DEPOSIT,5862.33
TX1009125,CUST2584,ACC159636,2024-11-08,Bank Transfer,16121.26
TX1009126,CUST2429,ACC157001,2024-06-26,Bank Transfer,6241.96
TX1009127,CUST1267,ACC106362,2024-06-10,POS,7291.58
TX1009128,CUST2560,ACC160917,2024-05-07,Withdrawal,6114.02
TX1009129,CUST1276,ACC136924,2024-01-30,POS,8335.21
TX1009130,CUST1984,ACC105222,2024-03-29,Deposit,4344.5
TX1009131,CUST2145,ACC115931,2024-05-22,withdrawal,18306.98
TX1009132,CUST1405,ACC164175,2024-11-24,POS,18705.31
TX1009133,CUST1999,ACC160325,2024-07-08,BankTransfer,8878.95
TX1009134,CUST1809,ACC148117,2024-04-17,Withdrawal,18462.55
TX1009135,CUST2335,ACC106563,2024-01-29,Deposit,9404.56
TX1009136,CUST2170,ACC178555,2024-02-10,POS,16832.69
TX1009137,CUST1401,ACC189966,2024-03-29,bank-transfer,14282.02
TX1009138,CUST2149,ACC148404,2024-04-28,Deposit,1857.24
TX1009139,CUST2261,ACC133072,2024-10-24,Withdrawal,17828.19
TX1009140,CUST2506,ACC155797,2024-10-11,Deposit,20.92
TX1009141,CUST2073,ACC144231,2024-05-12,BankTransfer,8203.24
TX1009142,CUST1504,ACC188473,2024-09-06,Bank Transfer,11946.25
TX1009143,CUST1496,ACC138816,2024-03-28,DEPOSIT,6212.2
TX1009144,CUST1146,ACC103084,2024-04-30,POS,18879.19
TX1009145,CUST1545,ACC171139,2024-01-15,POS,13096.53
TX1009146,CUST2590,ACC135027,2024-04-20,POS,10859.55
TX1009147,CUST1880,ACC123426,2024-05-18,deposit,9516.96
TX1009148,CUST1662,ACC138435,2024-03-08,Deposit,16289.67
TX1009149,CUST2402,ACC146777,2024-01-24,Withdrawal,3849.2
TX1009150,CUST2892,ACC154664,2024-03-06,Withdrawal,158.72
TX1009151,CUST2179,ACC102296,2024-10-03,Pos Purchase,2453.7
TX1009152,CUST1183,ACC158559,2024-05-31,Bank Transfer,19609.69
TX1009153,CUST1230,ACC142550,2024-08-22,Bank Transfer,1824.32
TX1009154,CUST2375,ACC139017,2024-02-04,Bank Transfer,9863.48
TX1009155,CUST1847,ACC183359,2024-10-24,Bank Transfer,17659.83
TX1009156,CUST1867,ACC104668,2024-01-09,Withdrawal,8979.05
TX1009157,CUST1748,ACC178089,2024-02-16,Deposit,588.25
TX1009158,CUST1713,ACC114638,2024-08-20,Withdrawal,2094.28
TX1009159,CUST1390,ACC146824,2024-03-24,Bank Transfer,13008.52
TX1009160,CUST1656,ACC195932,2024-03-24,POS,745.05
TX1009161,CUST1705,ACC104798,2024-12-04,POS,2079.54
TX1009162,CUST2216,ACC169634,2024-03-08,Bank Transfer,2523.19
TX1009163,CUST2342,ACC196820,2024-05-29,POS,4272.21
TX1009164,CUST1049,ACC151932,2024-01-27,BankTransfer,4440.92
TX1009165,CUST2576,ACC132588,2024-07-10,WITHDRAWAL,1818.58
TX1009166,CUST1624,ACC122968,2024-01-30,deposit,19047.78
TX1009167,CUST1346,ACC111016,2024-08-12,Withdrawal,12633.0
TX1009168,CUST1716,ACC170121,2024-07-30,POS,13003.04
TX1009169,CUST2262,ACC112395,2024-05-12,deposit,9106.99
TX1009170,CUST2682,ACC116522,2024-12-04,Deposit,601.97
TX1009171,CUST2644,ACC195261,2024-10-06,pos,4895.37
TX1009172,CUST1905,ACC118958,2024-08-24,WITHDRAWAL,6364.84
TX1009173,CUST2276,ACC182958,2024-02-22,POS,11746.76
TX1009174,CUST1298,ACC164677,2024-08-31,POS,7159.54
TX1009175,CUST1902,ACC156505,2024-11-24,bank-transfer,16773.25
TX1009176,CUST1091,ACC136004,2024-11-21,POS,5197.97
TX1009177,CUST2892,ACC145270,2024-12-19,Bank Transfer,622.75
TX1009178,CUST2675,ACC160035,2024-09-10,Bank Transfer,11399.03
TX1009179,CUST1478,ACC190307,2024-06-13,Deposit,13317.42
TX1009180,CUST1408,ACC180903,2024-05-13,DEPOSIT,17043.2
TX1009181,CUST2403,ACC131994,2024-07-30,POS,18598.42
TX1009182,CUST1765,ACC196034,2024-02-24,Deposit,18219.66
TX1009183,CUST1319,ACC168623,2024-11-14,Bank Transfer,5822.48
TX1009184,CUST2551,ACC174588,2024-11-03,POS,2606.31
TX1009185,CUST2491,ACC160085,2024-04-03,WITHDRAWAL,7982.23
TX1009186,CUST2746,ACC105326,2024-05-15,Deposit,1154.44
TX1009187,CUST1175,ACC110031,2024-01-26,Bank Transfer,17887.92
TX1009188,CUST1230,ACC142806,2024-07-16,Withdrawal,8759.37
TX1009189,CUST2514,ACC148863,2024-07-03,Deposit,16399.9
TX1009190,CUST1111,ACC105018,2024-11-23,Withdrawal,2979.56
TX1009191,CUST1497,ACC119234,2024-10-04,WITHDRAWAL,5825.25
TX1009192,CUST2943,ACC179869,2024-04-26,pos,2468.21
TX1009193,CUST2271,ACC194871,2024-10-01,POS,17402.69
TX1009194,CUST2897,ACC183599,2024-08-13,bank-transfer,4123.45
TX1009195,CUST1302,ACC113254,2024-03-19,deposit,15248.41
TX1009196,CUST2779,ACC150058,2024-12-12,Deposit,3458.83
TX1009197,CUST2704,ACC167191,2024-08-28,Withdrawal,19208.27
TX1009198,CUST2679,ACC195079,2024-11-18,POS,14150.2
TX1009199,CUST1589,ACC110323,2024-03-16,POS,16849.24
TX1009200,CUST1028,ACC144272,2024-06-22,POS,16725.96
TX1009201,CUST1703,ACC183458,2024-09-15,Deposit,5077.04
TX1009202,CUST2420,ACC198207,2024-02-02,DEPOSIT,19971.33
TX1009203,CUST2647,ACC139581,2024-04-02,Withdrawal,6348.9
TX1009204,CUST1227,ACC155381,2024-03-20,Deposit,5839.91
TX1009205,CUST1624,ACC152525,2024-06-11,POS,7921.16
TX1009206,CUST1921,ACC102933,2024-11-02,Bank Transfer,8735.6
TX1009207,CUST1964,ACC124108,2024-01-21,POS,5502.26
TX1009208,CUST1046,ACC197880,2024-10-26,Deposit,15060.35
TX1009209,CUST1679,ACC133666,2024-12-18,Deposit,2925.65
TX1009210,CUST1428,ACC194580,2024-06-24,POS,4584.2
TX1009211,CUST2515,ACC185576,2024-07-16,WITHDRAWAL,16860.75
TX1009212,CUST2101,ACC197345,2024-07-20,Withdrawal,12887.97
TX1009213,CUST1433,ACC110391,2024-09-30,pos,17892.17
TX1009214,CUST1417,ACC156811,2024-05-24,Deposit,17647.33
TX1009215,CUST2119,ACC115260,2024-12-30,bank-transfer,-2534.66
TX1009216,CUST2071,ACC125119,2024-05-10,POS,1475.01
TX1009217,CUST2536,ACC174828,2024-09-16,POS,1593.89
TX1009218,CUST1529,ACC134206,2024-03-16,Withdrawal,18412.1
TX1009219,CUST2123,ACC139741,2024-05-06,Withdrawal,5241.61
TX1009220,CUST1989,ACC180685,2024-09-05,Withdrawal,1105.73
TX1009221,CUST2275,ACC167376,2024-05-07,Bank Transfer,10375.2
TX1009222,CUST2494,ACC170668,2024-11-17,deposit,18986.0
TX1009223,CUST1289,ACC131949,2024-04-06,DEPOSIT,11955.97
TX1009224,CUST2423,ACC190997,2024-08-19,POS,6960.65
TX1009225,CUST2431,ACC106400,2024-10-20,withdrawal,12561.99
TX1009226,CUST2368,ACC149051,2024-02-09,Pos Purchase,6765.42
TX1009227,CUST1037,ACC175148,2024-04-05,Withdrawal,2984.67
TX1009228,CUST1771,ACC161986,2024-02-21,Bank Transfer,5588.76
TX1009229,CUST2193,ACC128207,2024-03-07,Deposit,13792.0
TX1009230,CUST2855,ACC199708,2024-02-13,Withdrawal,7824.3
TX1009231,CUST2358,ACC157271,2024-02-14,Deposit,2945.78
TX1009232,CUST2078,ACC136016,2024-01-25,Deposit,16911.57
TX1009233,CUST1089,ACC197893,2024-03-02,Deposit,9909.98
TX1009234,CUST1523,ACC190290,2024-09-28,Bank Transfer,8499.51
TX1009235,CUST1348,ACC124341,2024-08-22,Withdrawal,6501.79
TX1009236,CUST1123,ACC136287,2024-09-19,POS,15227.38
TX1009237,CUST1581,ACC165740,2024-01-22,Bank Transfer,4680.08
TX1009238,CUST1411,ACC188006,2024-04-30,Bank Transfer,18931.77
TX1009239,CUST2616,ACC105995,2024-12-22,Bank Transfer,15043.74
TX1009240,CUST2426,ACC179249,2024-06-26,Bank Transfer,5414.03
TX1009241,CUST2265,ACC152254,2024-12-18,POS,15852.29
TX1009242,CUST1555,ACC123758,2024-10-10,pos,200.89
TX1009243,CUST1108,ACC188894,2024-07-31,Bank Transfer,684.32
TX1009244,CUST1952,ACC137344,2024-11-10,Bank Transfer,6478.33
TX1009245,CUST2340,ACC135740,2024-01-26,Deposit,16432.33
TX1009246,CUST2935,ACC100662,,Deposit,2076.97
TX1009247,CUST1017,ACC153370,2024-02-07,POS,13823.7
TX1009248,CUST1136,ACC127149,2024-08-20,POS,4271.76
TX1009249,CUST1795,ACC102453,2024-01-26,Withdrawal,19608.19
TX1009250,CUST2352,ACC154306,2024-09-05,POS,18569.71
TX1009251,CUST1555,ACC186142,2024-05-29,Bank Transfer,2093.47
TX1009252,CUST2357,ACC117008,2024-12-21,withdrawal,4483.07
TX1009253,CUST2745,ACC136014,2024-01-19,Withdrawal,
TX1009254,CUST2869,ACC135003,2024-11-18,Bank Transfer,12818.94
TX1009255,CUST2351,ACC160613,2024-04-25,Withdrawal,14859.17
TX1009256,CUST1737,ACC178522,2024-11-02,Bank Transfer,15797.21
TX1009257,CUST2770,ACC183211,2024-03-18,pos,12658.4
TX1009258,CUST1220,ACC141701,2024-06-29,bank-transfer,15140.72
TX1009259,CUST1039,ACC112733,2024-02-23,bank-transfer,247.52
TX1009260,CUST1599,ACC129009,2024-10-27,DEPOSIT,9932.36
TX1009261,CUST2776,ACC129468,2024-11-13,Deposit,11976.45
TX1009262,CUST2809,ACC102368,2024-11-12,POS,13681.99
TX1009263,CUST2329,ACC192931,2024-05-08,Withdrawal,12783.1
TX1009264,CUST1791,ACC142547,2024-12-21,Bank Transfer,10715.22
TX1009265,CUST1473,ACC128974,2024-06-30,Withdrawal,11536.29
TX1009266,CUST1779,ACC108352,2024-04-01,bank-transfer,13693.17
TX1009267,CUST2041,ACC180135,2024-11-02,Deposit,6431.38
TX1009268,CUST2453,ACC137726,2024-06-11,POS,14956.36
TX1009269,CUST1203,ACC195441,2024-02-26,POS,1079.73
TX1009270,CUST2851,ACC193327,2024-09-09,Bank Transfer,11152.99
TX1009271,CUST1646,ACC179864,2024-02-22,WITHDRAWAL,15321.58
TX1009272,CUST1992,ACC160377,2024-03-29,POS,4556.16
TX1009273,CUST2775,ACC177059,2024-03-30,Withdrawal,283.68
TX1009274,CUST2222,ACC155150,2024-03-13,POS,2138.49
TX1009275,CUST2088,ACC183200,2024-09-09,Bank Transfer,13476.86
TX1009276,CUST1180,ACC178018,2024-07-17,Pos Purchase,12683.63
TX1009277,CUST1381,ACC143090,2024-05-10,bank-transfer,19338.52
TX1009278,CUST1407,ACC170969,2024-05-07,deposit,12778.13
TX1009279,CUST2025,ACC150992,2024-04-22,POS,9774.19
TX1009280,CUST2979,ACC162338,2024-10-12,withdrawal,16757.9
TX1009281,CUST1937,ACC173093,2024-08-20,Withdrawal,4816.49
TX1009282,CUST2148,ACC101647,2024-04-03,Bank Transfer,5356.62
TX1009283,CUST2897,ACC144951,2024-03-24,Withdrawal,4465.7
TX1009284,CUST2459,ACC144642,2024-01-11,POS,19714.73
TX1009285,CUST1044,ACC141896,2024-07-03,Withdrawal,16597.31
TX1009286,CUST1081,ACC145398,2024-05-28,Deposit,17132.48
TX1009287,CUST1506,ACC158246,2024-03-17,POS,9381.26
TX1009288,CUST2888,ACC119893,2024-03-14,Withdrawal,
TX1009289,CUST2084,ACC160548,2024-02-27,DEPOSIT,12063.6
TX1009290,CUST1624,ACC197330,2024-07-11,POS,698.22
TX1009291,CUST1683,ACC165401,2024-03-31,POS,13300.42
TX1009292,CUST2003,ACC127608,2024-07-11,Bank Transfer,10044.24
TX1009293,CUST1805,ACC169761,2024-12-13,withdrawal,7211.42
TX1009294,CUST2524,ACC191452,2024-06-13,BankTransfer,16723.66
TX1009295,CUST1321,ACC122283,2024-12-16,Deposit,7262.61
TX1009296,CUST1037,ACC188209,2024-05-13,Deposit,4835.98
TX1009297,CUST1710,ACC151126,2024-10-29,POS,13318.56
TX1009298,CUST2401,ACC133514,2024-11-26,bank-transfer,16836.23
TX1009299,CUST1720,ACC152813,2024-07-14,POS,9678.91
TX1009300,CUST1727,ACC104229,2024-04-08,Withdrawal,17253.32
TX1009301,CUST2280,ACC186599,2024-04-09,BankTransfer,985.14
TX1009302,CUST1619,ACC174883,2024-01-01,Withdrawal,19669.95
TX1009303,CUST1483,ACC110303,2024-12-20,Withdrawal,15905.3
TX1009304,CUST2026,ACC182756,2024-10-03,Bank Transfer,4293.19
TX1009305,CUST1564,ACC163771,2024-04-10,Bank Transfer,380.64
TX1009306,CUST2662,ACC173574,2024-04-13,Deposit,91198.05
TX1009307,CUST1126,ACC145259,2024-05-28,Withdrawal,2320.35
TX1009308,CUST2281,ACC110891,2024-05-30,Withdrawal,6556.2
TX1009309,CUST1527,ACC127204,2024-06-03,WITHDRAWAL,7962.58
TX1009310,CUST2799,ACC198043,2024-08-14,Bank Transfer,11450.24
TX1009311,CUST1792,ACC169414,2024-01-10,Withdrawal,8959.29
TX1009312,CUST2823,ACC148390,2024-06-05,Withdrawal,12888.83
TX1009313,CUST2668,ACC139850,2024-09-14,Deposit,14757.65
TX1009314,CUST1060,ACC138249,2024-09-22,Withdrawal,7175.79
TX1009315,CUST2933,ACC198416,2024-09-12,BankTransfer,11297.54
TX1009316,CUST2136,ACC141331,2024-09-17,deposit,6557.73
TX1009317,CUST2943,ACC159178,2024-11-02,Withdrawal,15758.97
TX1009318,CUST1573,ACC188408,2024-10-24,POS,18762.3
TX1009319,CUST1461,ACC161260,2024-06-18,Bank Transfer,659.86
TX1009320,CUST1310,ACC103875,2024-01-07,Withdrawal,7008.51
TX1009321,CUST1699,ACC120434,2024-05-18,Withdrawal,18434.8
TX1009322,CUST2837,ACC181902,2024-08-25,POS,-3071.69
TX1009323,CUST1804,ACC176668,2024-01-11,pos,1357.74
TX1009324,CUST2345,ACC121854,2024-03-26,Bank Transfer,5345.36
TX1009325,CUST1281,ACC181823,2024-01-06,Bank Transfer,14601.13
TX1009326,CUST1179,ACC146088,2024-07-10,bank-transfer,7817.52
TX1009327,CUST2494,ACC174041,2024-11-10,Bank Transfer,10111.48
TX1009328,CUST1782,ACC156561,2024-12-15,BankTransfer,7940.6
TX1009329,CUST2066,ACC154446,2024-07-12,Withdrawal,4117.74
TX1009330,CUST2967,ACC103068,2024-09-16,Bank Transfer,17576.49
TX1009331,CUST2388,ACC198485,2024-12-16,DEPOSIT,12116.01
TX1009332,CUST2254,ACC137209,2024-06-27,BankTransfer,17835.86
TX1009333,CUST2787,ACC172933,2024-02-06,Withdrawal,5767.52
TX1009334,CUST2281,ACC197524,2024-11-09,Withdrawal,8526.16
TX1009335,CUST2405,ACC164324,2024-06-09,BankTransfer,12712.6
TX1009336,CUST1465,ACC130765,2024-04-07,WITHDRAWAL,1816.8
TX1009337,CUST1854,ACC149189,2024-12-15,BankTransfer,6933.12
TX1009338,CUST1492,ACC170463,2024-08-17,POS,5395.48
TX1009339,CUST2173,ACC117261,2024-09-11,Deposit,16251.83
TX1009340,CUST1312,ACC149601,2024-05-11,Pos Purchase,14423.98
TX1009341,CUST1873,ACC179576,2024-11-15,POS,18445.79
TX1009342,CUST2987,ACC116186,2024-12-25,Bank Transfer,12728.79
TX1009343,CUST1639,ACC112711,2024-04-03,Deposit,18606.59
TX1009344,CUST2863,ACC151871,2024-07-22,Withdrawal,7630.78
TX1009345,CUST2239,ACC128613,2024-08-06,Bank Transfer,14796.07
TX1009346,CUST1674,ACC127696,2024-11-20,pos,10260.86
TX1009347,CUST1919,ACC114500,2024-12-02,Bank Transfer,17839.87
TX1009348,CUST2110,ACC174808,2024-04-17,Pos Purchase,12232.17
TX1009349,CUST1269,ACC137925,2024-03-22,POS,10215.34
TX1009350,CUST1423,ACC123412,2024-11-02,Deposit,10659.49
TX1009351,CUST2336,ACC120855,2024-06-11,deposit,14716.79
TX1009352,CUST1283,ACC196267,2024-07-31,Deposit,13126.02
TX1009353,CUST2189,ACC152575,2024-04-29,Bank Transfer,7881.12
TX1009354,CUST2108,ACC172098,2024-05-17,BankTransfer,15983.2
TX1009355,CUST2400,ACC153545,2024-04-04,Deposit,
TX1009356,CUST2638,ACC146140,2024-08-19,POS,2463.54
TX1009357,CUST1414,ACC198471,2024-09-11,Bank Transfer,19200.93
TX1009358,CUST2766,ACC128541,2024-08-30,Deposit,16435.38
TX1009359,CUST1282,ACC154811,2024-06-12,Withdrawal,9212.4
TX1009360,CUST1632,ACC178544,2024-03-28,POS,11655.53
TX1009361,CUST2410,ACC136553,2024-03-22,Bank Transfer,12057.49
TX1009362,CUST2444,ACC141864,2024-07-02,Pos Purchase,17565.16
TX1009363,CUST2840,ACC147602,2024-10-17,pos,2978.92
TX1009364,CUST2072,ACC182611,2024-03-19,Bank Transfer,-16521.71
TX1009365,CUST2862,ACC113846,2024-01-09,POS,3212.21
TX1009366,CUST1276,ACC187062,2024-08-02,POS,4835.92
TX1009367,CUST1880,ACC190026,2024-02-11,Deposit,1635.4
TX1009368,CUST2861,ACC182984,2024-07-23,Withdrawal,6593.18
TX1009369,CUST2998,ACC199844,2024-06-27,DEPOSIT,-9726.05
TX1009370,CUST2577,ACC183389,2024-10-04,Withdrawal,2748.7
TX1009371,CUST1297,ACC141651,2024-02-12,bank-transfer,56.16
TX1009372,CUST2343,ACC165838,2024-03-13,withdrawal,13805.72
TX1009373,CUST2910,ACC170205,2024-11-05,pos,16666.27
TX1009374,CUST2156,ACC169796,2024-03-09,Deposit,10386.87
TX1009375,CUST2878,ACC151402,2024-01-15,bank-transfer,6887.24
TX1009376,CUST1323,ACC129504,2024-11-30,Bank Transfer,15135.8
TX1009377,CUST1650,ACC152948,2024-07-07,BankTransfer,8584.09
TX1009378,CUST1138,ACC164858,2024-10-20,POS,8498.12
TX1009379,CUST2141,ACC199198,2024-03-21,withdrawal,13784.45
TX1009380,CUST2091,ACC160806,2024-03-18,Deposit,13989.09
TX1009381,CUST2942,ACC137523,2024-10-30,Pos Purchase,19159.89
TX1009382,CUST2473,ACC158911,2024-05-26,Withdrawal,5231.5
TX1009383,CUST1242,ACC120574,2024-02-29,Withdrawal,3797.7
TX1009384,CUST1377,ACC123281,2024-02-06,Withdrawal,15825.24
TX1009385,CUST1650,ACC152435,2024-06-14,Deposit,9941.13
TX1009386,CUST2719,ACC137802,2024-07-29,Withdrawal,14170.76
TX1009387,CUST2801,ACC100437,2024-04-21,BankTransfer,3780.69
TX1009388,CUST1298,ACC169817,2024-01-22,Bank Transfer,4038.99
TX1009389,CUST2489,ACC143785,2024-03-18,Bank Transfer,13014.66
TX1009390,CUST1060,ACC199999,2024-10-29,Deposit,4658.14
TX1009391,CUST2567,ACC160820,2024-06-11,Bank Transfer,9806.59
TX1009392,CUST1652,ACC186008,2024-06-10,Withdrawal,5095.06
TX1009393,CUST2802,ACC122579,2024-12-06,POS,18164.96
TX1009394,CUST2992,ACC189568,2024-12-24,Bank Transfer,2033.62
TX1009395,CUST1847,ACC112887,2024-10-24,Bank Transfer,17918.87
TX1009396,CUST2968,ACC150246,2024-07-24,BankTransfer,14451.36
TX1009397,CUST1842,ACC176042,2024-04-29,Bank Transfer,247.19
TX1009398,CUST1621,ACC185603,2024-08-11,BankTransfer,5060.09
TX1009399,CUST1907,ACC154801,2024-05-05,Bank Transfer,703.38
TX1009400,CUST2527,ACC154823,2024-08-25,POS,11882.43
TX1009401,CUST2912,ACC153778,2024-12-08,bank-transfer,17928.7
TX1009402,CUST2682,ACC124756,2024-03-19,POS,5225.47
TX1009403,CUST2831,ACC183416,2024-11-26,Deposit,7398.62
TX1009404,CUST2304,ACC103806,2024-07-28,Bank Transfer,10168.62
TX1009405,CUST2911,ACC181117,2024-03-29,POS,1319.46
TX1009406,CUST2512,ACC129385,2024-11-14,Deposit,14181.09
TX1009407,CUST1560,ACC118162,2024-05-31,POS,5756.89
TX1009408,CUST1311,ACC179915,2024-12-06,POS,6854.17
TX1009409,CUST2595,ACC181254,2024-04-02,POS,19550.91
TX1009410,CUST1384,ACC165976,2024-01-22,Bank Transfer,13253.6
TX1009411,CUST1218,ACC110552,2024-08-08,Withdrawal,19927.53
TX1009412,CUST1269,ACC178586,2024-07-12,Withdrawal,2727.47
TX1009413,CUST1378,ACC174787,2024-02-08,POS,19185.51
TX1009414,CUST1053,ACC195964,2024-06-20,POS,15873.82
TX1009415,CUST2561,ACC153578,2024-12-05,deposit,4532.24
TX1009416,CUST2253,ACC102992,2024-05-12,Withdrawal,17399.36
TX1009417,CUST2263,ACC142601,2024-11-15,Deposit,12823.52
TX1009418,CUST1546,ACC179929,2024-09-20,Bank Transfer,18140.53
TX1009419,CUST2240,ACC132760,2024-01-14,POS,17271.67
TX1009420,CUST2161,ACC121818,2024-11-26,Deposit,11497.81
TX1009421,CUST2254,ACC174620,2024-12-08,Deposit,7184.29
TX1009422,CUST1472,ACC181984,2024-10-09,Pos Purchase,16969.24
TX1009423,CUST2221,ACC161854,2024-06-22,Withdrawal,13680.65
TX1009424,CUST1475,ACC189700,2024-02-19,POS,9839.01
TX1009425,CUST1472,ACC111923,2024-04-09,POS,12159.83
TX1009426,CUST2407,ACC148535,2024-04-14,pos,19355.52
TX1009427,CUST1053,ACC102977,2024-02-24,POS,12141.48
TX1009428,CUST1735,ACC197381,2024-04-24,pos,-7913.67
TX1009429,CUST1162,ACC178819,2024-12-01,Withdrawal,13431.4
TX1009430,CUST2409,ACC185736,2024-10-02,Withdrawal,3650.88
TX1009431,CUST2597,ACC151031,2024-01-21,Pos Purchase,4225.0
TX1009432,CUST1976,ACC172359,2024-01-23,Deposit,11703.57
TX1009433,CUST1274,ACC167021,2024-05-19,POS,9082.09
TX1009434,CUST2028,ACC125301,2024-10-20,Bank Transfer,4458.32
TX1009435,CUST2732,ACC121152,2024-09-30,Bank Transfer,14435.99
TX1009436,CUST2238,ACC160000,2024-04-24,bank-transfer,1999.9
TX1009437,CUST1960,ACC148373,2024-12-26,deposit,19218.28
TX1009438,CUST2458,ACC194772,2024-03-21,Deposit,15699.66
TX1009439,CUST2330,ACC131367,2024-02-02,BankTransfer,1438.14
TX1009440,CUST1765,ACC122965,2024-11-24,Deposit,11664.08
TX1009441,CUST1376,ACC161888,2024-02-12,POS,1710.49
TX1009442,CUST2745,ACC193427,2024-03-31,Pos Purchase,6419.18
TX1009443,CUST1793,ACC126186,2024-03-18,POS,2048.53
TX1009444,CUST2006,ACC142300,2024-02-18,Deposit,17764.04
TX1009445,CUST1970,ACC117386,2024-03-29,Bank Transfer,1482.31
TX1009446,CUST1281,ACC138401,2024-02-09,BankTransfer,13115.5
TX1009447,CUST1335,ACC108495,2024-07-09,Withdrawal,1023.99
TX1009448,CUST1395,ACC104048,2024-05-31,pos,597.33
TX1009449,CUST1463,ACC127132,2024-09-18,deposit,6570.18
TX1009450,CUST1066,ACC175707,2024-12-05,Withdrawal,7465.38
TX1009451,CUST1836,ACC160447,2024-02-27,pos,15301.21
TX1009452,CUST2565,ACC160187,2024-12-30,Bank Transfer,896.58
TX1009453,CUST2984,ACC132118,2024-07-09,Bank Transfer,17370.43
TX1009454,CUST1030,ACC189610,2024-10-02,Deposit,8106.06
TX1009455,CUST2895,ACC179069,2024-03-19,Deposit,11539.68
TX1009456,CUST1552,ACC158150,2024-08-10,POS,19094.03
TX1009457,CUST2946,ACC131704,2024-10-05,POS,16647.39
TX1009458,CUST1845,ACC123183,2024-08-01,Deposit,16251.98
TX1009459,CUST1455,ACC160477,2024-10-01,Deposit,14232.2
TX1009460,CUST2520,ACC165564,2024-09-12,POS,17538.37
TX1009461,CUST2374,ACC184066,2024-07-24,Withdrawal,3418.91
TX1009462,CUST1415,ACC114569,2024-06-01,,2797.28
TX1009463,CUST2551,ACC179168,2024-01-05,Withdrawal,14588.4
TX1009464,CUST1418,ACC143418,2024-02-23,Withdrawal,3635.38
TX1009465,CUST1135,ACC120875,2024-10-25,bank-transfer,17123.48
TX1009466,CUST1362,ACC132094,2024-02-26,bank-transfer,18127.91
TX1009467,CUST2898,ACC160583,2024-09-28,deposit,11158.74
TX1009468,CUST2955,ACC194640,2024-06-16,DEPOSIT,15709.19
TX1009469,CUST1899,ACC109154,2024-05-14,Withdrawal,10479.21
TX1009470,CUST2775,ACC100902,2024-10-11,POS,6441.87
TX1009471,CUST2263,ACC198121,2024-10-02,Deposit,14080.4
TX1009472,CUST2003,ACC104236,2024-01-30,Bank Transfer,16108.55
TX1009473,CUST2408,ACC189394,2024-07-18,Bank Transfer,1194.1
TX1009474,CUST1665,ACC188719,2024-06-07,Deposit,15365.04
TX1009475,CUST2775,ACC153260,2024-06-05,POS,15284.95
TX1009476,CUST1937,ACC168126,2024-03-09,deposit,11514.67
TX1009477,CUST2817,ACC161631,2024-12-10,Withdrawal,4151.92
TX1009478,CUST1505,ACC150504,2024-01-01,Withdrawal,16621.02
TX1009479,CUST1875,ACC109222,2024-01-22,POS,2105.49
TX1009480,CUST1829,ACC154668,2024-07-17,pos,9605.96
TX1009481,CUST2589,ACC134082,2024-03-31,Deposit,19679.78
TX1009482,CUST1085,ACC193844,2024-10-18,Withdrawal,19499.15
TX1009483,CUST2245,ACC170430,2024-09-14,Withdrawal,11241.52
TX1009484,CUST2505,ACC115857,2024-09-11,Withdrawal,8797.73
TX1009485,CUST2688,ACC193820,2024-08-14,DEPOSIT,10388.4
TX1009486,CUST1779,ACC179557,2024-11-22,POS,9599.7
TX1009487,CUST2474,ACC184815,2024-09-25,Bank Transfer,3397.43
TX1009488,CUST1640,ACC170014,2024-09-02,Withdrawal,4511.57
TX1009489,CUST1807,ACC193685,2024-05-05,POS,19748.88
TX1009490,CUST2252,ACC103109,,Deposit,8490.78
TX1009491,CUST2923,ACC157477,2024-09-23,pos,18927.04
TX1009492,CUST2520,ACC163020,2024-06-16,bank-transfer,11082.32
TX1009493,CUST2171,ACC195162,2024-07-17,Bank Transfer,2819.77
TX1009494,CUST2216,ACC107836,2024-11-22,POS,12993.55
TX1009495,CUST2098,ACC138399,2024-07-24,POS,10322.13
TX1009496,CUST2075,ACC152218,2024-05-24,Withdrawal,12349.25
TX1009497,CUST2313,ACC195046,2024-07-23,Withdrawal,16196.07
TX1009498,CUST2793,ACC105230,2024-06-08,Deposit,4190.71
TX1009499,CUST2442,ACC147628,2024-03-01,Bank Transfer,1361.45
TX1009500,CUST2611,ACC152354,2024-11-01,Withdrawal,2143.12
TX1009501,CUST1078,ACC193929,2024-08-10,Withdrawal,4645.38
TX1009502,CUST2066,ACC167051,2024-03-07,POS,18508.91
TX1009503,CUST1223,ACC182479,2024-04-21,Deposit,16850.58
TX1009504,CUST1924,ACC185148,2024-05-31,Deposit,6038.91
TX1009505,CUST1935,ACC157677,2024-12-03,WITHDRAWAL,14290.24
TX1009506,CUST2693,ACC156175,2024-04-02,POS,10893.85
TX1009507,CUST2797,ACC116260,2024-02-27,Deposit,15736.91
TX1009508,CUST1086,ACC113582,2024-11-08,BankTransfer,16083.61
TX1009509,CUST2797,ACC119134,2024-03-13,Bank Transfer,10810.84
TX1009510,CUST1503,ACC134406,2024-08-11,POS,3954.87
TX1009511,CUST2062,ACC199344,2024-03-15,POS,12762.61
TX1009512,CUST2101,ACC175997,2024-04-01,Bank Transfer,19692.29
TX1009513,CUST1810,ACC198772,2024-02-08,Bank Transfer,8759.04
TX1009514,CUST2505,ACC114651,2024-04-08,Withdrawal,14811.18
TX1009515,CUST1080,ACC194633,2024-04-03,pos,4633.88
TX1009516,CUST2142,ACC122145,2024-01-09,pos,2474.79
TX1009517,CUST1793,ACC148033,2024-06-05,WITHDRAWAL,4474.41
TX1009518,CUST2057,ACC154118,2024-12-19,Deposit,4185.22
TX1009519,CUST2567,ACC186053,2024-02-02,POS,1233.39
TX1009520,CUST2291,ACC144542,2024-01-24,Deposit,5011.65
TX1009521,CUST2971,ACC118605,2024-05-25,withdrawal,5338.99
TX1009522,CUST1100,ACC131859,2024-03-24,Bank Transfer,-3389.32
TX1009523,CUST1388,ACC163254,2024-11-09,BankTransfer,16847.86
TX1009524,CUST1596,ACC127536,2024-05-09,Withdrawal,6270.06
TX1009525,CUST1900,ACC134669,2024-09-29,Bank Transfer,633.16
TX1009526,CUST1815,ACC112730,2024-04-21,Bank Transfer,17127.87
TX1009527,CUST2811,ACC143257,2024-02-27,Withdrawal,17647.82
TX1009528,CUST1623,ACC184152,2024-05-24,Bank Transfer,314.97
TX1009529,CUST2584,ACC190926,2024-09-05,withdrawal,6424.25
TX1009530,CUST2694,ACC109708,2024-09-18,Withdrawal,4660.43
TX1009531,CUST1585,ACC160062,2024-10-17,POS,7127.98
TX1009532,CUST1944,ACC192940,2024-12-24,bank-transfer,13003.74
TX1009533,CUST1340,ACC164431,2024-02-27,Bank Transfer,10159.03
TX1009534,CUST1865,ACC198632,2024-02-16,POS,2612.07
TX1009535,CUST1602,ACC132077,2024-08-29,POS,4097.24
TX1009536,CUST2255,ACC199218,2024-11-10,bank-transfer,5283.38
TX1009537,CUST2882,ACC134078,2024-08-16,Deposit,14473.63
TX1009538,CUST1111,ACC144884,2024-03-19,POS,13346.05
TX1009539,CUST2413,ACC138704,2024-07-27,withdrawal,15583.3
TX1009540,CUST2058,ACC190334,2024-10-28,Pos Purchase,558.4
TX1009541,CUST2850,ACC158284,2024-11-08,,11112.57
TX1009542,CUST1291,ACC143340,2024-10-31,Bank Transfer,3592.19
TX1009543,CUST1949,ACC159031,2024-11-09,Withdrawal,13041.68
TX1009544,CUST2699,ACC191692,2024-05-22,POS,23272.600000000002
TX1009545,CUST2323,ACC133806,2024-10-21,POS,19848.72
TX1009546,CUST1925,ACC174479,2024-12-19,Deposit,1168.6
TX1009547,CUST1185,ACC136083,2024-09-26,POS,18610.3
TX1009548,CUST2479,ACC177912,2024-02-19,DEPOSIT,14585.91
TX1009549,CUST2025,ACC104685,2024-11-29,Withdrawal,10703.5
TX1009550,CUST1231,ACC199788,2024-03-23,POS,9848.17
TX1009551,CUST1368,ACC118352,2024-09-20,Withdrawal,11835.27
TX1009552,CUST2594,ACC119401,2024-12-23,Bank Transfer,11071.14
TX1009553,CUST2198,ACC168390,2024-04-11,Withdrawal,3327.74
TX1009554,CUST2920,ACC137805,2024-02-26,POS,6818.82
TX1009555,CUST2831,ACC103400,2024-10-08,Deposit,9731.69
TX1009556,CUST2425,ACC128969,2024-01-11,Withdrawal,7088.59
TX1009557,CUST2119,ACC148608,2024-01-30,Withdrawal,9295.29
TX1009558,CUST1277,ACC173864,2024-04-22,POS,19842.16
TX1009559,CUST1805,ACC147542,2024-08-09,Deposit,8529.11
TX1009560,CUST1846,ACC193559,2024-08-04,POS,5902.79
TX1009561,CUST1662,ACC138170,2024-07-28,Bank Transfer,
TX1009562,CUST1923,ACC140194,2024-01-11,Deposit,16998.15
TX1009563,CUST1051,ACC193826,2024-12-18,POS,18944.81
TX1009564,CUST1366,ACC120749,2024-03-27,Deposit,4335.13
TX1009565,CUST1929,ACC174401,2024-12-27,Deposit,676.08
TX1009566,CUST2208,ACC183085,2024-01-02,Bank Transfer,15438.4
TX1009567,CUST2836,ACC139943,2024-02-01,Withdrawal,7632.7
TX1009568,CUST2459,ACC162296,2024-01-03,withdrawal,8327.69
TX1009569,CUST2834,ACC193464,2024-06-27,Deposit,17835.12
TX1009570,CUST1413,ACC157653,2024-04-10,POS,1226.47
TX1009571,CUST2807,ACC188247,2024-03-23,Deposit,17804.44
TX1009572,CUST1931,ACC138650,2024-10-03,WITHDRAWAL,13965.11
TX1009573,CUST1184,ACC120242,2024-06-21,POS,4271.16
TX1009574,CUST1512,ACC197482,2024-04-09,bank-transfer,18109.37
TX1009575,CUST1663,ACC191105,2024-10-05,Deposit,1821.31
TX1009576,CUST2416,ACC116849,2024-07-21,pos,11465.68
TX1009577,CUST2328,ACC119205,2024-04-06,Deposit,19738.46
TX1009578,CUST2857,ACC179619,2024-02-19,withdrawal,14375.49
TX1009579,CUST2457,ACC138316,2024-01-02,POS,13942.27
TX1009580,CUST2631,ACC150361,2024-06-13,DEPOSIT,19978.0
TX1009581,CUST1335,ACC133725,2024-11-19,POS,19784.28
TX1009582,CUST2471,ACC183461,2024-01-24,Bank Transfer,11809.75
TX1009583,CUST2501,ACC129873,2024-06-16,Deposit,6745.82
TX1009584,CUST1253,ACC103670,2024-04-01,Withdrawal,4412.17
TX1009585,CUST1186,ACC127742,2024-05-18,pos,11903.45
TX1009586,CUST1233,ACC176445,2024-05-05,withdrawal,9806.59
TX1009587,CUST2446,ACC139709,2024-09-28,Deposit,14530.68
TX1009588,CUST1920,ACC119446,2024-04-30,Withdrawal,16822.06
TX1009589,CUST2298,ACC176576,2024-10-08,Bank Transfer,5120.12
TX1009590,CUST1743,ACC101581,2024-12-29,withdrawal,1150.88
TX1009591,CUST1174,ACC134002,2024-01-01,deposit,9758.44
TX1009592,CUST2072,ACC147731,2024-06-30,Withdrawal,12459.15
TX1009593,CUST2448,ACC194521,2024-10-10,Bank Transfer,19450.87
TX1009594,CUST1786,ACC166662,2024-12-18,Bank Transfer,178.34
TX1009595,CUST2488,ACC197708,2024-03-23,Withdrawal,18958.82
TX1009596,CUST2620,ACC167740,2024-08-01,POS,9718.05
TX1009597,CUST2997,ACC153194,2024-11-11,Deposit,12624.18
TX1009598,CUST2047,ACC162517,2024-03-28,Deposit,4232.04
TX1009599,CUST2253,ACC181062,2024-12-03,Deposit,8289.23
TX1009600,CUST2945,ACC122335,2024-10-16,Bank Transfer,16216.9
TX1009601,CUST1327,ACC145116,2024-11-09,Deposit,11618.39
TX1009602,CUST1775,ACC184390,2024-02-01,POS,17583.59
TX1009603,CUST2127,ACC120431,2024-01-31,Deposit,17924.16
TX1009604,CUST1779,ACC176957,2024-08-18,Deposit,5743.05
TX1009605,CUST1089,ACC165679,2024-07-22,deposit,18391.64
TX1009606,CUST2573,ACC141195,2024-09-30,Deposit,10352.02
TX1009607,CUST1349,ACC168594,2024-12-23,Bank Transfer,911.22
TX1009608,CUST2868,ACC149068,2024-08-09,POS,2886.17
TX1009609,CUST1686,ACC149542,2024-03-24,Pos Purchase,1939.04
TX1009610,CUST2158,ACC163602,2024-08-22,Bank Transfer,3658.41
TX1009611,CUST2784,ACC184984,2024-08-11,bank-transfer,5413.32
TX1009612,CUST2350,ACC122167,2024-05-04,Deposit,19475.75
TX1009613,CUST2766,ACC168843,2024-04-26,Deposit,5978.39
TX1009614,CUST1307,ACC163183,2024-03-31,POS,5978.1
TX1009615,CUST1332,ACC122988,2024-10-11,Deposit,11182.02
TX1009616,CUST2779,ACC163438,2024-04-15,Deposit,18634.24
TX1009617,CUST1296,ACC149790,2024-09-13,POS,4884.25
TX1009618,CUST1366,ACC101865,2024-11-08,Bank Transfer,7210.11
TX1009619,CUST2575,ACC187653,2024-07-16,Deposit,15788.91
TX1009620,CUST2458,ACC108487,2024-12-10,Bank Transfer,6432.15
TX1009621,CUST1105,ACC144874,2024-04-14,Withdrawal,15357.74
TX1009622,CUST1859,ACC129468,2024-04-19,Withdrawal,18901.05
TX1009623,CUST1630,ACC140541,2024-09-04,POS,16691.22
TX1009624,CUST1633,ACC127057,2024-07-27,Bank Transfer,11514.91
TX1009625,CUST2495,ACC129400,2024-02-12,DEPOSIT,12122.03
TX1009626,CUST2574,ACC119672,2024-09-15,POS,6712.42
TX1009627,CUST2968,ACC136479,2024-06-21,Withdrawal,17823.23
TX1009628,CUST1913,ACC179775,2024-11-21,Withdrawal,7697.95
TX1009629,CUST1591,ACC195520,2024-02-28,,18304.73
TX1009630,CUST2282,ACC115675,2024-11-19,POS,8828.73
TX1009631,CUST1370,ACC185196,2024-10-04,Withdrawal,12718.36
TX1009632,CUST1240,ACC125813,2024-07-25,Deposit,2596.42
TX1009633,CUST2840,ACC146727,2024-03-31,Deposit,16290.75
TX1009634,CUST1269,ACC165377,2024-07-22,Deposit,19732.37
TX1009635,CUST2966,ACC160204,2024-08-20,bank-transfer,18131.44
TX1009636,CUST1415,ACC174633,2024-02-23,WITHDRAWAL,14963.28
TX1009637,CUST1007,ACC183707,2024-05-06,Deposit,693.78
TX1009638,CUST2275,ACC101599,2024-08-10,Deposit,6918.22
TX1009639,CUST2567,ACC197813,2024-10-09,POS,10979.17
TX1009640,CUST1518,ACC168697,2024-06-05,Deposit,13232.04
TX1009641,CUST1025,ACC129933,2024-02-25,WITHDRAWAL,12110.73
TX1009642,CUST1939,ACC197173,2024-01-01,POS,16943.65
TX1009643,CUST2019,ACC126546,2024-02-08,Bank Transfer,6282.39
TX1009644,CUST2751,ACC147652,2024-04-07,Deposit,19506.32
TX1009645,CUST2021,ACC187063,2024-03-20,Withdrawal,6423.22
TX1009646,CUST2113,ACC104304,2024-12-05,WITHDRAWAL,18408.66
TX1009647,CUST2653,ACC152231,2024-09-15,,10746.82
TX1009648,CUST1011,ACC182103,,Deposit,11371.72
TX1009649,CUST2245,ACC112955,2024-04-12,Withdrawal,15073.05
TX1009650,CUST2807,ACC143190,2024-04-25,Bank Transfer,15794.63
TX1009651,CUST2010,ACC166508,2024-11-07,Bank Transfer,16998.18
TX1009652,CUST1487,ACC108807,2024-03-19,POS,10796.74
TX1009653,CUST1444,ACC135582,2024-02-20,Withdrawal,16016.64
TX1009654,CUST2205,ACC172520,2024-12-10,Withdrawal,18682.47
TX1009655,CUST2350,ACC170091,2024-10-03,BankTransfer,5268.44
TX1009656,CUST1974,ACC197158,2024-09-17,Deposit,6443.45
TX1009657,CUST1929,ACC170481,2024-04-24,Deposit,6539.57
TX1009658,CUST1839,ACC110413,2024-06-27,Withdrawal,14083.84
TX1009659,CUST1904,ACC107336,2024-04-05,Withdrawal,19977.97
TX1009660,CUST1162,ACC158541,2024-08-24,WITHDRAWAL,14884.9
TX1009661,CUST2231,ACC174278,2024-11-03,Bank Transfer,14388.33
TX1009662,CUST2229,ACC168543,2024-02-02,POS,15598.02
TX1009663,CUST1013,ACC132502,2024-09-27,Bank Transfer,16489.19
TX1009664,CUST1501,ACC132072,2024-09-01,Bank Transfer,8950.78
TX1009665,CUST2806,ACC133563,2024-06-15,Bank Transfer,5895.53
TX1009666,CUST2120,ACC196919,2024-12-28,deposit,3717.14
TX1009667,CUST1569,ACC123944,2024-12-24,POS,19394.96
TX1009668,CUST2269,ACC190400,2024-01-11,Bank Transfer,5213.4
TX1009669,CUST2287,ACC185302,2024-07-26,POS,18531.68
TX1009670,CUST2141,ACC132124,2024-09-03,Bank Transfer,12720.49
TX1009671,CUST2679,ACC129928,2024-09-09,deposit,18084.64
TX1009672,CUST2690,ACC190392,2024-07-16,deposit,19475.16
TX1009673,CUST1425,ACC194028,2024-02-18,Bank Transfer,18425.14
TX1009674,CUST1100,ACC159777,2024-11-29,Withdrawal,18465.58
TX1009675,CUST1378,ACC123256,2024-01-23,Pos Purchase,13322.97
TX1009676,CUST1303,ACC105273,2024-08-04,Bank Transfer,8402.35
TX1009677,CUST1112,ACC179840,2024-11-18,Withdrawal,15953.31
TX1009678,CUST2337,ACC134834,2024-07-08,Deposit,5619.36
TX1009679,CUST1714,ACC172348,2024-10-24,Pos Purchase,11283.89
TX1009680,CUST1075,ACC136369,2024-03-26,Deposit,3494.04
TX1009681,CUST1297,ACC111974,2024-01-04,POS,2349.69
TX1009682,CUST2748,ACC197400,2024-11-21,Bank Transfer,7877.23
TX1009683,CUST1066,ACC124905,2024-10-02,Deposit,9973.31
TX1009684,CUST2366,ACC196119,2024-09-24,Bank Transfer,6326.02
TX1009685,CUST2183,ACC108345,2024-02-21,Withdrawal,14729.08
TX1009686,CUST2716,ACC117373,2024-11-30,POS,13594.27
TX1009687,CUST2235,ACC168492,2024-05-16,Bank Transfer,718.35
TX1009688,CUST1611,ACC139683,2024-05-06,Deposit,19619.54
TX1009689,CUST1678,ACC107977,2024-02-08,Bank Transfer,1440.37
TX1009690,CUST2884,ACC127227,2024-11-14,pos,17686.44
TX1009691,CUST1179,ACC129830,2024-03-06,DEPOSIT,17283.26
TX1009692,CUST1100,ACC131973,2024-08-27,Withdrawal,1577.98
TX1009693,CUST1223,ACC176765,2024-11-06,POS,17463.81
TX1009694,CUST1853,ACC199834,2024-08-15,Withdrawal,6988.8
TX1009695,CUST1365,ACC176188,2024-07-28,POS,12586.64
TX1009696,CUST1330,ACC162558,2024-02-29,POS,1052.74
TX1009697,CUST2376,ACC160852,2024-08-23,POS,12605.27
TX1009698,CUST1582,ACC112880,2024-09-14,Pos Purchase,1959.5500000000002
TX1009699,CUST2251,ACC170376,2024-12-21,POS,1452.5
TX1009700,CUST2353,ACC106695,2024-02-26,Deposit,5104.31
TX1009701,CUST2416,ACC141793,2024-06-29,Pos Purchase,15706.09
TX1009702,CUST2433,ACC183087,2024-10-30,withdrawal,19069.13
TX1009703,CUST2218,ACC109575,2024-08-02,POS,-7193.42
TX1009704,CUST2172,ACC125745,2024-10-23,Bank Transfer,10387.75
TX1009705,CUST2612,ACC162691,2024-09-30,POS,121.09
TX1009706,CUST2151,ACC115257,2024-11-25,Deposit,989.99
TX1009707,CUST1363,ACC157920,2024-05-06,POS,813.6
TX1009708,CUST2978,ACC110929,2024-10-04,WITHDRAWAL,5883.03
TX1009709,CUST1932,ACC162394,2024-12-20,Deposit,459.75
TX1009710,CUST2534,ACC125873,2024-06-02,Bank Transfer,14267.08
TX1009711,CUST2185,ACC113090,2024-06-28,Bank Transfer,5104.85
TX1009712,CUST1737,ACC171089,2024-12-04,withdrawal,7182.11
TX1009713,CUST2907,ACC177250,2024-09-11,Deposit,12469.17
TX1009714,CUST1073,ACC128179,2024-04-01,Bank Transfer,7707.03
TX1009715,CUST1190,ACC178419,2024-12-11,WITHDRAWAL,15840.78
TX1009716,CUST2573,ACC163862,2024-01-09,Deposit,5920.86
TX1009717,CUST1612,ACC139316,2024-03-18,Deposit,19355.71
TX1009718,CUST1661,ACC174623,2024-12-25,Withdrawal,16196.48
TX1009719,CUST1754,ACC101258,2024-07-19,Bank Transfer,7026.63
TX1009720,CUST2838,ACC176246,2024-07-11,POS,7232.02
TX1009721,CUST1776,ACC156328,2024-07-07,Withdrawal,
TX1009722,CUST2679,ACC114617,2024-12-22,Bank Transfer,19870.53
TX1009723,CUST1138,ACC194369,2024-07-23,Deposit,11036.42
TX1009724,CUST2553,ACC158017,2024-09-30,Bank Transfer,12104.18
TX1009725,CUST1875,ACC184230,2024-07-15,,17194.95
TX1009726,CUST2727,ACC125532,2024-03-28,Bank Transfer,7932.34
TX1009727,CUST2127,ACC177193,2024-11-09,,2699.68
TX1009728,CUST1132,ACC183221,2024-06-30,Bank Transfer,8875.23
TX1009729,CUST1599,ACC180532,2024-10-21,Deposit,1219.77
TX1009730,CUST1964,ACC199030,2024-02-18,POS,19324.12
TX1009731,CUST1275,ACC159802,2024-03-11,Withdrawal,10611.58
TX1009732,CUST1249,ACC100064,2024-06-14,DEPOSIT,13936.64
TX1009733,CUST2422,ACC132997,2024-08-17,Bank Transfer,12052.74
TX1009734,CUST2760,ACC198901,2024-04-14,Withdrawal,14772.2
TX1009735,CUST1562,ACC153368,2024-06-06,bank-transfer,1792.65
TX1009736,CUST1674,ACC178820,2024-11-11,Bank Transfer,10147.78
TX1009737,CUST2079,ACC135486,2024-09-16,Withdrawal,3421.06
TX1009738,CUST1847,ACC164566,2024-10-30,POS,17850.1
TX1009739,CUST2074,ACC182723,2024-10-16,Deposit,15854.47
TX1009740,CUST1429,ACC123138,2024-03-24,DEPOSIT,7687.3
TX1009741,CUST2425,ACC143075,2024-06-24,DEPOSIT,3545.89
TX1009742,CUST1428,ACC166491,2024-06-15,Deposit,13160.93
TX1009743,CUST2253,ACC163344,2024-04-24,Deposit,1206.97
TX1009744,CUST1119,ACC167397,2024-11-04,DEPOSIT,13503.99
TX1009745,CUST1223,ACC137192,2024-05-19,Deposit,7369.03
TX1009746,CUST2170,ACC184578,2024-12-09,Bank Transfer,6604.72
TX1009747,CUST2494,ACC139274,2024-08-10,POS,459.69
TX1009748,CUST2288,ACC134629,2024-11-17,POS,4812.89
TX1009749,CUST2083,ACC169755,2024-11-21,Bank Transfer,6770.58
TX1009750,CUST1179,ACC132639,2024-01-05,Withdrawal,440.47
TX1009751,CUST1990,ACC144714,2024-08-15,Withdrawal,17361.68
TX1009752,CUST2482,ACC136082,2024-06-01,Deposit,18594.29
TX1009753,CUST2410,ACC188846,2024-03-10,Deposit,1422.06
TX1009754,CUST2238,ACC173566,2024-10-23,Bank Transfer,9950.21
TX1009755,CUST2912,ACC165937,2024-11-07,WITHDRAWAL,1432.41
TX1009756,CUST2614,ACC140475,2024-01-12,Deposit,8662.42
TX1009757,CUST2447,ACC182040,2024-08-15,Withdrawal,5497.71
TX1009758,CUST1588,ACC157677,2024-05-17,Deposit,18988.62
TX1009759,CUST1874,ACC114610,2024-11-17,POS,9689.02
TX1009760,CUST2246,ACC199170,2024-08-31,Withdrawal,15327.15
TX1009761,CUST2736,ACC123878,2024-03-14,Bank Transfer,14437.38
TX1009762,CUST1648,ACC163908,2024-11-12,Deposit,7751.71
TX1009763,CUST1531,ACC100854,2024-07-29,Pos Purchase,3781.93
TX1009764,CUST2076,ACC141839,2024-08-04,Withdrawal,15408.73
TX1009765,CUST2177,ACC166787,2024-10-29,bank-transfer,16295.95
TX1009766,CUST2276,ACC161670,2024-06-04,POS,12520.61
TX1009767,CUST1724,ACC164983,2024-02-02,Bank Transfer,13818.72
TX1009768,CUST2898,ACC121381,2024-08-12,Withdrawal,17855.34
TX1009769,CUST1265,ACC123435,2024-10-20,BankTransfer,15540.1
TX1009770,CUST2258,ACC108593,2024-11-12,POS,3134.63
TX1009771,CUST2152,ACC199672,2024-07-21,Withdrawal,4957.62
TX1009772,CUST2016,ACC156625,2024-09-05,withdrawal,11682.93
TX1009773,CUST2064,ACC188208,2024-01-12,Bank Transfer,8045.99
TX1009774,CUST2493,ACC139929,2024-10-14,pos,1167.64
TX1009775,CUST2294,ACC112395,2024-01-02,Bank Transfer,7250.81
TX1009776,CUST2019,ACC158090,2024-10-10,Withdrawal,19268.54
TX1009777,CUST2008,ACC144883,2024-10-31,pos,2001.81
TX1009778,CUST2654,ACC183608,2024-08-22,Deposit,10202.82
TX1009779,CUST1368,ACC190041,2024-06-06,Withdrawal,18413.4
TX1009780,CUST2809,ACC170594,2024-12-17,Deposit,5568.49
TX1009781,CUST2248,ACC123941,2024-12-14,,11878.35
TX1009782,CUST1476,ACC125374,2024-09-11,POS,5664.3
TX1009783,CUST2451,ACC114249,2024-05-10,Bank Transfer,15223.99
TX1009784,CUST1594,ACC199988,2024-10-13,Bank Transfer,12876.22
TX1009785,CUST1396,ACC130382,2024-06-29,POS,12142.71
TX1009786,CUST1003,ACC127946,2024-12-17,Bank Transfer,15184.54
TX1009787,CUST1242,ACC140265,2024-11-12,POS,5033.39
TX1009788,CUST1049,ACC165769,2024-10-19,Pos Purchase,6173.13
TX1009789,CUST1952,ACC140027,2024-05-25,Bank Transfer,18830.07
TX1009790,CUST2280,ACC141945,2024-07-26,,10849.42
TX1009791,CUST2631,ACC169520,2024-05-21,Withdrawal,3712.55
TX1009792,CUST1241,ACC161849,2024-02-08,POS,17895.69
TX1009793,CUST2510,ACC113489,2024-09-17,Deposit,1355.54
TX1009794,CUST2736,ACC189751,2024-04-09,POS,1769.49
TX1009795,CUST1424,ACC139329,2024-11-07,withdrawal,15982.63
TX1009796,CUST2637,ACC179891,2024-09-15,withdrawal,4849.16
TX1009797,CUST2260,ACC127563,2024-06-03,Withdrawal,8884.21
TX1009798,CUST1849,ACC174843,2024-02-27,Deposit,2548.63
TX1009799,CUST1847,ACC188065,2024-07-29,withdrawal,18835.11
TX1009800,CUST1093,ACC120263,2024-08-24,POS,13660.15
TX1009801,CUST1683,ACC142436,2024-05-04,Deposit,5588.12
TX1009802,CUST1716,ACC120498,2024-05-27,DEPOSIT,9867.35
TX1009803,CUST2147,ACC125153,2024-08-22,Withdrawal,14250.5
TX1009804,CUST2650,ACC151935,2024-09-22,POS,16342.24
TX1009805,CUST2305,ACC122515,2024-11-18,BankTransfer,3150.81
TX1009806,CUST1434,ACC120701,2024-06-24,DEPOSIT,11569.75
TX1009807,CUST1023,ACC179970,2024-04-15,BankTransfer,14965.84
TX1009808,CUST2311,ACC186847,2024-07-23,Bank Transfer,6499.05
TX1009809,CUST1412,ACC120595,2024-10-24,Withdrawal,11498.15
TX1009810,CUST2413,ACC142687,2024-10-01,Withdrawal,14354.53
TX1009811,CUST1576,ACC167694,2024-09-30,POS,5330.43
TX1009812,CUST1521,ACC162098,2024-02-24,POS,16690.11
TX1009813,CUST2618,ACC185654,2024-07-13,withdrawal,19428.47
TX1009814,CUST1138,ACC178017,2024-05-29,POS,18190.68
TX1009815,CUST1630,ACC154645,2024-10-26,POS,11509.33
TX1009816,CUST1614,ACC195219,2024-09-30,POS,6121.93
TX1009817,CUST2037,ACC135308,2024-01-15,Bank Transfer,17782.52
TX1009818,CUST2126,ACC129979,2024-05-15,bank-transfer,11492.91
TX1009819,CUST1663,ACC134452,2024-05-28,Bank Transfer,6197.63
TX1009820,CUST2570,ACC161863,2024-06-10,Bank Transfer,6801.74
TX1009821,CUST1012,ACC139795,2024-01-06,,15217.2
TX1009822,CUST1233,ACC148600,2024-11-05,BankTransfer,10892.85
TX1009823,CUST2404,ACC119003,2024-03-26,Bank Transfer,17941.84
TX1009824,CUST1682,ACC140138,2024-12-05,Deposit,4700.2
TX1009825,CUST1699,ACC143741,2024-11-23,Withdrawal,19410.03
TX1009826,CUST1811,ACC195251,2024-09-20,Bank Transfer,11604.99
TX1009827,CUST2483,ACC146390,2024-07-20,Deposit,12890.77
TX1009828,CUST2165,ACC197676,2024-01-06,Deposit,5791.03
TX1009829,CUST2261,ACC141333,2024-06-16,Withdrawal,14831.6
TX1009830,CUST2966,ACC158944,2024-03-28,Withdrawal,16013.01
TX1009831,CUST1059,ACC140372,2024-03-01,Deposit,9891.69
TX1009832,CUST2704,ACC155744,2024-01-17,Deposit,375.5
TX1009833,CUST1359,ACC173831,2024-03-24,Bank Transfer,19151.8
TX1009834,CUST1397,ACC151582,2024-07-23,POS,15041.36
TX1009835,CUST1676,ACC199967,2024-03-12,Withdrawal,9573.59
TX1009836,CUST2707,ACC154673,2024-08-22,POS,13324.93
TX1009837,CUST1692,ACC100743,2024-01-21,Bank Transfer,13474.73
TX1009838,CUST2888,ACC199906,2024-07-22,bank-transfer,9552.05
TX1009839,CUST2377,ACC152963,2024-07-23,Withdrawal,16058.09
TX1009840,CUST1981,ACC107249,2024-05-28,Bank Transfer,17075.47
TX1009841,CUST2876,ACC153580,2024-10-10,deposit,9405.73
TX1009842,CUST1971,ACC146348,2024-11-04,bank-transfer,4123.5
TX1009843,CUST2632,ACC184645,2024-02-01,Deposit,10627.31
TX1009844,CUST1072,ACC118340,2024-01-10,Deposit,6439.36
TX1009845,CUST2322,ACC159885,2024-10-05,WITHDRAWAL,5490.98
TX1009846,CUST1278,ACC135940,2024-04-01,deposit,2968.83
TX1009847,CUST1986,ACC102553,2024-05-18,withdrawal,2239.18
TX1009848,CUST1318,ACC192319,2024-09-30,Withdrawal,2001.32
TX1009849,CUST2284,ACC126504,2024-05-09,POS,10765.01
TX1009850,CUST1943,ACC127342,2024-07-02,POS,2461.16
TX1009851,CUST2826,ACC186776,2024-09-23,Deposit,2544.67
TX1009852,CUST2771,ACC193935,2024-02-23,Bank Transfer,10769.19
TX1009853,CUST2099,ACC133545,2024-04-23,POS,8932.87
TX1009854,CUST2834,ACC138639,2024-01-01,Deposit,8836.38
TX1009855,CUST1686,ACC148952,2024-10-11,Withdrawal,16136.56
TX1009856,CUST1947,ACC103103,2024-10-03,Bank Transfer,8656.29
TX1009857,CUST2605,ACC142184,2024-10-20,POS,13887.06
TX1009858,CUST2667,ACC156033,2024-10-11,POS,8011.55
TX1009859,CUST1847,ACC150122,2024-04-07,Withdrawal,1156.86
TX1009860,CUST2900,ACC142688,2024-12-06,withdrawal,12216.2
TX1009861,CUST2520,ACC173147,2024-01-22,Withdrawal,58853.35
TX1009862,CUST1114,ACC173396,2024-06-17,Deposit,12031.75
TX1009863,CUST2710,ACC196864,2024-09-04,POS,17883.62
TX1009864,CUST2067,ACC126142,2024-06-05,Deposit,3282.0
TX1009865,CUST1613,ACC128177,2024-12-07,withdrawal,16773.69
TX1009866,CUST2157,ACC180944,2024-10-03,Pos Purchase,2532.33
TX1009867,CUST2484,ACC165921,2024-10-09,Bank Transfer,11541.55
TX1009868,CUST2388,ACC157685,2024-05-01,Deposit,12976.38
TX1009869,CUST1646,ACC135908,2024-11-12,Bank Transfer,4219.79
TX1009870,CUST2137,ACC114003,2024-10-31,Withdrawal,8972.01
TX1009871,CUST2097,ACC109755,2024-08-30,Withdrawal,17294.78
TX1009872,CUST1038,ACC131868,2024-05-14,POS,9929.39
TX1009873,CUST1426,ACC121026,2024-02-24,Bank Transfer,18567.7
TX1009874,CUST2182,ACC142661,2024-10-10,Withdrawal,319.75
TX1009875,CUST2403,ACC194745,2024-06-26,Withdrawal,15873.06
TX1009876,CUST1679,ACC162872,2024-07-31,POS,8415.0
TX1009877,CUST2637,ACC194537,2024-05-01,Bank Transfer,17148.46
TX1009878,CUST2876,ACC177717,2024-01-08,Withdrawal,6377.99
TX1009879,CUST2818,ACC161587,2024-03-17,Withdrawal,2344.35
TX1009880,CUST2629,ACC106029,2024-08-16,deposit,62853.649999999994
TX1009881,CUST1724,ACC186431,2024-07-08,Withdrawal,16915.85
TX1009882,CUST1135,ACC151126,2024-01-07,POS,8727.06
TX1009883,CUST2985,ACC190151,2024-01-25,deposit,15726.83
TX1009884,CUST1305,ACC192600,2024-01-01,POS,15932.11
TX1009885,CUST1574,ACC163837,2024-04-18,Deposit,14676.37
TX1009886,CUST2721,ACC132747,2024-01-24,BankTransfer,13045.85
TX1009887,CUST1063,ACC136718,2024-12-13,,16486.56
TX1009888,CUST1694,ACC179522,2024-06-25,DEPOSIT,8319.24
TX1009889,CUST1768,ACC176823,2024-07-18,WITHDRAWAL,937.7
TX1009890,CUST2283,ACC149154,2024-12-13,POS,6067.19
TX1009891,CUST2094,ACC107774,2024-07-25,Deposit,5556.68
TX1009892,CUST2725,ACC113295,2024-02-22,POS,8912.2
TX1009893,CUST1339,ACC107355,2024-10-30,Withdrawal,19319.79
TX1009894,CUST2169,ACC183837,2024-11-01,deposit,18334.87
TX1009895,CUST2240,ACC144917,2024-07-01,Deposit,19887.21
TX1009896,CUST1797,ACC136181,2024-11-26,Withdrawal,5441.12
TX1009897,CUST1383,ACC170503,2024-04-14,Deposit,7115.2
TX1009898,CUST2218,ACC148424,2024-01-09,Pos Purchase,9011.13
TX1009899,CUST1239,ACC157425,2024-07-02,Deposit,16950.51
TX1009900,CUST2770,ACC137255,2024-07-17,DEPOSIT,18893.36
TX1009901,CUST2602,ACC114553,2024-05-29,Withdrawal,1117.55
TX1009902,CUST2539,ACC161845,2024-02-19,POS,19385.57
TX1009903,CUST1631,ACC117600,2024-10-12,Deposit,19920.48
TX1009904,CUST2444,ACC198281,2024-05-13,POS,14999.86
TX1009905,CUST2756,ACC109697,2024-10-16,withdrawal,13947.27
TX1009906,CUST1644,ACC142538,2024-04-08,Deposit,7205.91
TX1009907,CUST2453,ACC196003,2024-08-12,Bank Transfer,19254.59
TX1009908,CUST1064,ACC154234,2024-10-04,BankTransfer,5128.39
TX1009909,CUST1556,ACC119893,2024-12-06,Bank Transfer,5650.66
TX1009910,CUST1847,ACC119715,2024-05-30,Bank Transfer,12801.59
TX1009911,CUST1177,ACC177307,2024-08-09,BankTransfer,15686.94
TX1009912,CUST2017,ACC139171,2024-08-17,POS,13842.51
TX1009913,CUST2796,ACC175246,2024-10-18,Withdrawal,17562.39
TX1009914,CUST1486,ACC126213,2024-01-27,pos,6420.97
TX1009915,CUST1761,ACC173641,2024-09-14,POS,16246.73
TX1009916,CUST1925,ACC111535,2024-09-02,Bank Transfer,2652.39
TX1009917,CUST2698,ACC157443,2024-01-10,Bank Transfer,7794.96
TX1009918,CUST2947,ACC132142,2024-11-30,DEPOSIT,12602.31
TX1009919,CUST1619,ACC142970,2024-03-01,Deposit,9817.32
TX1009920,CUST1442,ACC175069,2024-09-28,Withdrawal,18996.05
TX1009921,CUST2075,ACC171642,2024-08-29,Withdrawal,5349.66
TX1009922,CUST1619,ACC199980,2024-03-23,Bank Transfer,14928.86
TX1009923,CUST1358,ACC186598,2024-07-31,POS,5389.04
TX1009924,CUST1229,ACC134172,2024-11-25,Deposit,6739.28
TX1009925,CUST1766,ACC172964,2024-01-18,pos,6743.21
TX1009926,CUST2607,ACC169602,2024-01-16,DEPOSIT,13385.39
TX1009927,CUST1076,ACC138196,2024-02-27,POS,9473.25
TX1009928,CUST2592,ACC190383,2024-11-19,Deposit,18845.24
TX1009929,CUST1413,ACC102864,2024-04-14,Bank Transfer,18791.14
TX1009930,CUST2870,ACC118411,2024-08-06,Bank Transfer,13465.49
TX1009931,CUST1189,ACC108913,2024-07-09,POS,4218.33
TX1009932,CUST1908,ACC191652,2024-12-18,Bank Transfer,16563.23
TX1009933,CUST2036,ACC193244,2024-03-03,Pos Purchase,13800.07
TX1009934,CUST1051,ACC196869,2024-01-25,Withdrawal,19431.47
TX1009935,CUST2636,ACC141151,2024-04-28,Bank Transfer,74.45
TX1009936,CUST1988,ACC147347,2024-05-18,POS,18094.6
TX1009937,CUST2853,ACC158437,2024-05-31,Deposit,6685.95
TX1009938,CUST2024,ACC197946,2024-06-04,Bank Transfer,19993.74
TX1009939,CUST1315,ACC128155,2024-05-09,,17970.96
TX1009940,CUST1389,ACC124135,2024-03-08,pos,19040.77
TX1009941,CUST1696,ACC142109,2024-11-03,DEPOSIT,15609.14
TX1009942,CUST2891,ACC161384,2024-10-31,Deposit,13719.66
TX1009943,CUST1990,ACC129842,2024-01-23,Withdrawal,3219.37
TX1009944,CUST2500,ACC160398,2024-07-20,withdrawal,18571.43
TX1009945,CUST2789,ACC147474,2024-09-04,WITHDRAWAL,9408.28
TX1009946,CUST2072,ACC143648,2024-05-20,pos,10564.16
TX1009947,CUST1635,ACC126081,2024-12-06,Withdrawal,14138.43
TX1009948,CUST2588,ACC188823,2024-06-24,Withdrawal,15495.07
TX1009949,CUST1670,ACC192282,2024-08-04,Withdrawal,9501.31
TX1009950,CUST1293,ACC133951,2024-10-13,Bank Transfer,11439.97
TX1009951,CUST2575,ACC133470,2024-07-24,Withdrawal,13448.31
TX1009952,CUST2785,ACC179117,2024-07-10,POS,17615.85
TX1009953,CUST1201,ACC197996,2024-03-25,,9964.61
TX1009954,CUST2683,ACC103032,2024-06-03,POS,18935.67
TX1009955,CUST2921,ACC118385,2024-01-20,Bank Transfer,11110.9
TX1009956,CUST2057,ACC115622,2024-07-12,Bank Transfer,19819.64
TX1009957,CUST2385,ACC184179,2024-03-13,POS,16831.5
TX1009958,CUST1271,ACC153841,2024-03-05,POS,17268.39
TX1009959,CUST1420,ACC156011,2024-02-29,POS,14710.27
TX1009960,CUST2483,ACC151944,2024-06-14,Deposit,12905.83
TX1009961,CUST1074,ACC163747,2024-06-25,POS,8533.32
TX1009962,CUST1940,ACC106295,2024-11-08,WITHDRAWAL,8067.63
TX1009963,CUST1793,ACC169258,2024-11-01,Withdrawal,4702.76
TX1009964,CUST2461,ACC107901,2024-08-11,deposit,18503.25
TX1009965,CUST2771,ACC167143,2024-09-01,Withdrawal,16221.02
TX1009966,CUST2069,ACC148952,2024-03-11,Withdrawal,10810.72
TX1009967,CUST1237,ACC102123,2024-06-10,POS,15761.3
TX1009968,CUST1008,ACC174149,2024-08-05,DEPOSIT,3756.14
TX1009969,CUST1636,ACC157305,2024-04-01,Withdrawal,9299.03
TX1009970,CUST2909,ACC104205,2024-04-04,Withdrawal,13630.06
TX1009971,CUST1090,ACC166088,2024-04-02,DEPOSIT,6131.58
TX1009972,CUST2407,ACC142869,2024-03-04,POS,10823.74
TX1009973,CUST2736,ACC170622,2024-11-07,Pos Purchase,12832.08
TX1009974,CUST2217,ACC164488,2024-01-05,Withdrawal,15407.78
TX1009975,CUST2785,ACC137047,2024-06-18,Bank Transfer,19248.69
TX1009976,CUST1178,ACC175342,2024-04-30,POS,16081.48
TX1009977,CUST1682,ACC143745,2024-04-20,Withdrawal,5716.56
TX1009978,CUST1956,ACC183148,2024-11-21,Pos Purchase,13842.36
TX1009979,CUST2821,ACC108796,2024-11-27,POS,933.2
TX1009980,CUST1094,ACC196263,2024-12-03,Withdrawal,19210.51
TX1009981,CUST1211,ACC109902,2024-05-30,Withdrawal,12067.11
TX1009982,CUST2066,ACC174095,2024-08-13,Withdrawal,7968.08
TX1009983,CUST2569,ACC112077,2024-01-16,deposit,2061.18
TX1009984,CUST2349,ACC173176,2024-05-12,,7104.19
TX1009985,CUST2526,ACC114723,2024-09-12,withdrawal,9569.2
TX1009986,CUST1639,ACC169699,2024-06-06,withdrawal,17414.69
TX1009987,CUST1046,ACC120738,2024-09-02,Withdrawal,9346.02
TX1009988,CUST2182,ACC167305,2024-07-18,Bank Transfer,10514.81
TX1009989,CUST2553,ACC111498,2024-06-04,POS,2799.93
TX1009990,CUST1639,ACC175225,2024-10-04,Pos Purchase,9824.54
TX1009991,CUST2308,ACC161400,2024-05-27,BankTransfer,8407.3
TX1009992,CUST2827,ACC179958,2024-12-16,Withdrawal,5765.65
TX1009993,CUST1429,ACC185219,2024-06-15,POS,19899.57
TX1009994,CUST1657,ACC125020,2024-07-09,Bank Transfer,11732.52
TX1009995,CUST1410,ACC198554,2024-11-01,Deposit,7797.93
TX1009996,CUST1394,ACC109579,2024-04-24,WITHDRAWAL,18897.43
TX1009997,CUST1586,ACC189647,2024-11-03,Bank Transfer,8572.26
TX1009998,CUST1566,ACC156485,2024-08-11,Withdrawal,6680.12
TX1009999,CUST2090,ACC136289,2024-06-16,Withdrawal,17092.05
TX1000739,CUST1255,ACC117481,2024-10-18,Deposit,13376.04
TX1009426,CUST2407,ACC148535,2024-04-14,pos,19355.52
TX1008200,CUST2076,ACC137653,2024-12-30,Withdrawal,88.06
TX1005880,CUST1190,ACC151418,2024-01-17,POS,6304.87
TX1009114,CUST1974,ACC110486,2024-03-03,POS,14576.64
TX1001060,CUST1221,ACC181389,2024-11-22,Deposit,3962.07
TX1001841,CUST2528,ACC123671,2024-01-09,Deposit,19436.68
TX1005105,CUST1605,ACC189800,2024-07-25,Pos Purchase,1925.05
TX1002109,CUST1847,ACC106525,2024-01-07,POS,10423.14
TX1004597,CUST1137,ACC128885,2024-05-02,POS,1466.43
TX1003446,CUST2142,ACC125228,2024-10-28,BankTransfer,12045.68
TX1008776,CUST2702,ACC173473,2024-08-02,Bank Transfer,13723.05
TX1008745,CUST2826,ACC167677,2024-07-12,Bank Transfer,3034.43
TX1002158,CUST2476,ACC148449,2024-07-24,bank-transfer,11086.08
TX1004261,CUST2386,ACC149508,2024-03-22,Bank Transfer,2567.44
TX1000175,CUST2763,ACC199231,2024-06-13,POS,12462.99
TX1009892,CUST2725,ACC113295,2024-02-22,POS,8912.2
TX1007136,CUST1415,ACC174130,2024-08-12,Bank Transfer,6642.96
TX1001619,CUST2781,ACC162367,2024-10-27,POS,12715.05
TX1005619,CUST1368,ACC110957,2024-08-21,Deposit,4464.53
TX1001550,CUST1279,ACC192370,2024-10-04,Bank Transfer,10083.66
TX1003457,CUST2443,ACC183540,2024-04-24,Withdrawal,14401.1
TX1005786,CUST1066,ACC138626,2024-07-09,Withdrawal,3359.9
TX1001735,CUST1707,ACC112759,2024-04-09,Withdrawal,3959.25
TX1003911,CUST2801,ACC160319,2024-11-24,bank-transfer,13711.53
TX1004718,CUST2906,ACC186409,2024-10-20,POS,299.51
TX1000058,CUST2236,ACC199405,2024-12-02,Deposit,1420.36
TX1002917,CUST1562,ACC195907,2024-09-30,DEPOSIT,19564.08
TX1003011,CUST2453,ACC187876,2024-01-09,Withdrawal,19698.24
TX1008267,CUST2646,ACC194663,2024-05-15,POS,7472.52
TX1006101,CUST1968,ACC141587,2024-01-28,Deposit,9762.27
TX1008967,CUST2568,ACC100110,2024-09-27,POS,12007.08
TX1005219,CUST1023,ACC146365,2024-07-24,bank-transfer,14988.51
TX1004369,CUST2145,ACC121158,2024-04-09,WITHDRAWAL,547.01
TX1007304,CUST2584,ACC186303,2024-03-08,Bank Transfer,6961.34
TX1005538,CUST2322,ACC102049,2024-11-20,WITHDRAWAL,4779.85
TX1000884,CUST1530,ACC136779,2024-02-21,POS,3958.3
TX1008065,CUST1239,ACC166676,2024-07-20,Deposit,3908.77
TX1005203,CUST1237,ACC129634,2024-05-25,pos,7693.76
TX1009798,CUST1849,ACC174843,2024-02-27,Deposit,2548.63
TX1008134,CUST2174,ACC182219,2024-01-21,Withdrawal,18984.3
TX1006673,CUST2665,ACC157105,2024-12-01,Deposit,3585.27
TX1005086,CUST2476,ACC131462,2024-02-28,Bank Transfer,3820.37
TX1008407,CUST1515,ACC177779,2024-04-11,BankTransfer,17409.85
TX1009859,CUST1847,ACC150122,2024-04-07,Withdrawal,1156.86
TX1008396,CUST2977,ACC184255,2024-04-21,Bank Transfer,9901.93
TX1000329,CUST2104,ACC167195,2024-09-15,Withdrawal,16706.61
TX1002327,CUST1855,ACC159388,2024-01-18,Withdrawal,13284.3
TX1002938,CUST2600,ACC173272,2024-07-07,POS,9352.39
TX1004064,CUST1471,ACC101908,2024-02-19,deposit,14505.48
TX1007203,CUST2617,ACC162094,2024-09-23,bank-transfer,19837.1
TX1004943,CUST1703,ACC172069,2024-08-17,POS,1411.03
TX1009644,CUST2751,ACC147652,2024-04-07,Deposit,19506.32
TX1002852,CUST1585,ACC175030,2024-10-26,Bank Transfer,9419.31
TX1005813,CUST2451,ACC162498,2024-04-17,POS,19847.74
TX1004247,CUST2680,ACC123125,2024-11-18,POS,13658.61
TX1005116,CUST1493,ACC193606,2024-09-22,Withdrawal,12746.82
TX1008377,CUST1642,ACC165147,2024-12-15,Withdrawal,2430.13
TX1002718,CUST2260,ACC162084,2024-05-03,Deposit,8945.76
TX1002098,CUST2333,ACC173207,2024-02-03,Bank Transfer,3206.81
TX1001498,CUST1589,ACC121044,2024-02-06,Deposit,2946.21
TX1004332,CUST1010,ACC194666,2024-04-16,Withdrawal,2952.92
TX1003136,CUST1084,ACC172706,2024-09-09,POS,16039.29
TX1009927,CUST1076,ACC138196,2024-02-27,POS,9473.25
TX1007078,CUST1409,ACC122715,2024-01-16,Bank Transfer,9269.62
TX1007434,CUST2850,ACC113226,2024-10-20,Bank Transfer,17363.73
TX1000682,CUST2391,ACC181051,2024-08-08,POS,11654.65
TX1005418,CUST1153,ACC169934,2024-08-02,Bank Transfer,4658.05
TX1007956,CUST1186,ACC167488,2024-02-26,Withdrawal,10645.06
TX1007200,CUST2355,ACC132401,2024-08-09,DEPOSIT,6253.85
TX1006528,CUST2221,ACC181646,2024-10-11,Bank Transfer,19402.77
TX1004737,CUST1399,ACC125571,2024-05-31,POS,1932.89
TX1000465,CUST1081,ACC188065,2024-12-06,Deposit,18349.48
TX1001236,CUST2222,ACC179058,2024-08-19,POS,1545.29
TX1008285,CUST1275,ACC151842,2024-12-02,withdrawal,6457.17
TX1001913,CUST1199,ACC105535,2024-01-13,DEPOSIT,6813.23
TX1009383,CUST1242,ACC120574,2024-02-29,Withdrawal,3797.7
TX1006858,CUST2141,ACC151496,2024-11-30,Withdrawal,7503.5
TX1007327,CUST1048,ACC176610,2024-01-26,Deposit,14203.48
TX1000190,CUST1514,ACC139286,2024-03-21,POS,17562.29
TX1005011,CUST2424,ACC140180,2024-10-06,Deposit,8549.2
TX1008378,CUST1648,ACC195362,2024-04-01,POS,9181.67
TX1000732,CUST2360,ACC148487,2024-12-27,Withdrawal,19855.09
TX1005236,CUST1550,ACC121012,2024-12-05,POS,8651.88
TX1001447,CUST1657,ACC190995,2024-07-13,POS,7397.86
TX1002183,CUST1463,ACC106830,2024-01-22,Withdrawal,12530.4
TX1008500,CUST1318,ACC189787,2024-02-15,Deposit,
TX1001555,CUST2617,ACC110780,2024-12-25,Withdrawal,2558.66
TX1002290,CUST1592,ACC168945,2024-01-17,POS,17049.32
TX1008684,CUST2768,ACC136038,2024-09-08,pos,9263.52
TX1003039,CUST2134,ACC198377,2024-11-02,Deposit,13568.09
TX1007458,CUST2743,ACC165542,2024-06-19,DEPOSIT,14831.83
TX1001244,CUST1367,ACC193842,2024-07-23,POS,16713.19
TX1002352,CUST1161,ACC127292,2024-07-17,Deposit,7290.12
TX1007038,CUST2331,ACC140084,2024-02-22,POS,2997.9
TX1004128,CUST2365,ACC182689,2024-09-28,Bank Transfer,14630.86
TX1004109,CUST1099,ACC185189,2024-08-03,BankTransfer,6776.81
TX1000751,CUST2135,ACC111683,2024-08-19,BankTransfer,942.4
TX1006823,CUST2006,ACC125419,2024-04-26,withdrawal,16587.93
TX1003071,CUST1705,ACC133708,2024-11-09,Bank Transfer,3312.39
TX1004814,CUST1485,ACC185615,2024-05-25,Deposit,3747.59
TX1006110,CUST2420,ACC136487,2024-09-28,Deposit,349.42
TX1005320,CUST2647,ACC102314,2024-10-20,POS,7039.36
TX1007019,CUST2762,ACC137982,2024-11-02,Withdrawal,15476.56
TX1004607,CUST1223,ACC183040,2024-12-22,Bank Transfer,19105.26
TX1000109,CUST2247,ACC142712,2024-08-21,Bank Transfer,8079.97
TX1001089,CUST2630,ACC117305,2024-09-22,POS,4276.03
TX1003596,CUST2011,ACC122460,2024-09-04,Bank Transfer,1754.01
TX1007717,CUST1330,ACC144241,2024-03-05,DEPOSIT,15061.17
TX1008011,CUST1489,ACC177080,2024-07-01,Bank Transfer,17403.84
TX1002945,CUST2321,ACC148442,2024-12-29,Bank Transfer,6901.07
TX1003218,CUST1327,ACC179794,2024-09-08,withdrawal,19705.8
TX1001217,CUST2477,ACC184058,2024-01-11,,5911.12
TX1003638,CUST1378,ACC108503,2024-10-09,POS,19970.14
TX1001666,CUST1480,ACC166164,2024-05-22,Withdrawal,18961.12
TX1007598,CUST2257,ACC139677,2024-02-10,Bank Transfer,7717.11
TX1001787,CUST2303,ACC187475,2024-11-05,Deposit,11054.17
TX1004869,CUST1511,ACC127192,2024-10-27,Bank Transfer,19147.23
TX1009674,CUST1100,ACC159777,2024-11-29,Withdrawal,18465.58
TX1003513,CUST2853,ACC190680,2024-11-27,Withdrawal,8583.47
TX1006473,CUST2608,ACC167894,2024-01-01,withdrawal,18758.99
TX1004471,CUST2450,ACC108002,2024-04-14,Bank Transfer,17391.68
TX1001568,CUST2715,ACC172602,2024-09-16,Bank Transfer,6445.38
TX1000836,CUST2762,ACC194555,2024-01-01,Deposit,2511.64
TX1001225,CUST2413,ACC110956,2024-10-04,Withdrawal,6727.5
TX1000852,CUST2878,ACC196698,2024-09-12,Bank Transfer,4618.66
TX1001951,CUST2751,ACC151111,2024-01-04,POS,14830.92
TX1000554,CUST2854,ACC180473,2024-05-21,Withdrawal,
TX1007540,CUST1286,ACC115149,2024-09-09,Deposit,17280.36
TX1008765,CUST2003,ACC179761,2024-12-06,Withdrawal,6721.5
TX1005741,CUST1279,ACC163083,2024-12-07,Withdrawal,9611.09
TX1000298,CUST2059,ACC118623,2024-09-06,withdrawal,15256.95
TX1007684,CUST1013,ACC156039,2024-03-16,Deposit,4347.08
TX1002325,CUST2453,ACC186005,2024-11-05,Deposit,10160.71
TX1001439,CUST2667,ACC122571,2024-10-09,DEPOSIT,18825.17
TX1001884,CUST1478,ACC190027,2024-07-01,Withdrawal,7745.21
TX1003057,CUST2575,ACC141999,2024-12-30,,13513.98
TX1001372,CUST2860,ACC169417,2024-01-11,Withdrawal,16232.99
TX1000665,CUST1466,ACC187466,2024-07-31,POS,19196.12
TX1004956,CUST2903,ACC118775,2024-11-16,WITHDRAWAL,15585.47
TX1000790,CUST1347,ACC181123,2024-02-15,POS,13542.86
TX1007481,CUST1480,ACC196190,2024-09-28,Withdrawal,2396.52
TX1001110,CUST1741,ACC142769,2024-01-22,Withdrawal,11872.37
TX1006546,CUST1826,ACC138466,2024-06-11,Deposit,13251.18
TX1008511,CUST1960,ACC143276,2024-04-12,Bank Transfer,13425.63
TX1000458,CUST1245,ACC176569,2024-09-24,Bank Transfer,14229.67
TX1003182,CUST1294,ACC109166,2024-05-07,Bank Transfer,3755.65
TX1001664,CUST2264,ACC165260,2024-06-04,Bank Transfer,9528.49
TX1008185,CUST2176,ACC138288,2024-01-15,Deposit,2297.72
TX1007647,CUST2067,ACC107827,2024-04-14,WITHDRAWAL,12264.31
